#-----------------------------------------------------------
# Vivado v2024.2 (64-bit)
# SW Build 5239630 on Fri Nov 08 22:35:27 MST 2024
# IP Build 5239520 on Sun Nov 10 16:12:51 MST 2024
# SharedData Build 5239561 on Fri Nov 08 14:39:27 MST 2024
# Start of session at: Mon Jun  2 19:32:25 2025
# Process ID         : 7708
# Current directory  : C:/vivado/Snake_VGA_MIPS
# Command line       : vivado.exe -gui_launcher_event rodinguilauncherevent22184 C:\vivado\Snake_VGA_MIPS\Snake_VGA_MIPS.xpr
# Log file           : C:/vivado/Snake_VGA_MIPS/vivado.log
# Journal file       : C:/vivado/Snake_VGA_MIPS\vivado.jou
# Running On         : Voghy
# Platform           : Windows Server 2016 or Windows 10
# Operating System   : 26100
# Processor Detail   : Intel(R) Core(TM) i7-8750H CPU @ 2.20GHz
# CPU Frequency      : 2208 MHz
# CPU Physical cores : 6
# CPU Logical cores  : 12
# Host memory        : 51382 MB
# Swap memory        : 3221 MB
# Total Virtual      : 54603 MB
# Available Virtual  : 39781 MB
#-----------------------------------------------------------
start_gui
open_project C:/vivado/Snake_VGA_MIPS/Snake_VGA_MIPS.xpr
Scanning sources...
Finished scanning sources
INFO: [IP_Flow 19-234] Refreshing IP repositories
INFO: [IP_Flow 19-1704] No user IP repositories specified
INFO: [IP_Flow 19-2313] Loaded Vivado IP repository 'D:/Programs/Vivado/Vivado/2024.2/data/ip'.
update_compile_order -fileset sources_1
launch_simulation
Command: launch_simulation 
INFO: [Vivado 12-12493] Simulation top is 'mips_tb'
WARNING: [Vivado 12-13340] Unable to auto find GCC executables from simulator install path! (path not set)
INFO: [Vivado 12-5698] Checking validity of IPs in the design for the 'XSim' simulator...
INFO: [Vivado 12-5682] Launching behavioral simulation in 'C:/vivado/Snake_VGA_MIPS/Snake_VGA_MIPS.sim/sim_1/behav/xsim'
INFO: [Vivado 12-4795] Using compiled simulation libraries for IPs
INFO: [SIM-utils-51] Simulation object is 'sim_1'
INFO: [SIM-utils-72] Using boost library from 'D:/Programs/Vivado/Vivado/2024.2/tps/boost_1_72_0'
INFO: [USF-XSim-7] Finding pre-compiled libraries...
INFO: [USF-XSim-11] File 'D:/Programs/Vivado/Vivado/2024.2/data/xsim/xsim.ini' copied to run dir:'C:/vivado/Snake_VGA_MIPS/Snake_VGA_MIPS.sim/sim_1/behav/xsim'
INFO: [SIM-utils-54] Inspecting design source files for 'mips_tb' in fileset 'sim_1'...
INFO: [USF-XSim-97] Finding global include files...
INFO: [USF-XSim-98] Fetching design files from 'sim_1'...
INFO: [USF-XSim-2] XSim::Compile design
INFO: [USF-XSim-61] Executing 'COMPILE and ANALYZE' step in 'C:/vivado/Snake_VGA_MIPS/Snake_VGA_MIPS.sim/sim_1/behav/xsim'
"xvlog --incr --relax -prj mips_tb_vlog.prj"
"xvhdl --incr --relax -prj mips_tb_vhdl.prj"
INFO: [USF-XSim-69] 'compile' step finished in '4' seconds
INFO: [USF-XSim-3] XSim::Elaborate design
INFO: [USF-XSim-61] Executing 'ELABORATE' step in 'C:/vivado/Snake_VGA_MIPS/Snake_VGA_MIPS.sim/sim_1/behav/xsim'
"xelab --incr --debug typical --relax --mt 2 -L xil_defaultlib -L unisims_ver -L unimacro_ver -L secureip -L xpm --snapshot mips_tb_behav xil_defaultlib.mips_tb xil_defaultlib.glbl -log elaborate.log"
Vivado Simulator v2024.2.0
Copyright 1986-2022 Xilinx, Inc. All Rights Reserved.
Copyright 2022-2024 Advanced Micro Devices, Inc. All Rights Reserved.
Running: D:/Programs/Vivado/Vivado/2024.2/bin/unwrapped/win64.o/xelab.exe --incr --debug typical --relax --mt 2 -L xil_defaultlib -L unisims_ver -L unimacro_ver -L secureip -L xpm --snapshot mips_tb_behav xil_defaultlib.mips_tb xil_defaultlib.glbl -log elaborate.log 
Using 2 slave threads.
Starting static elaboration
Pass Through NonSizing Optimizer
Completed static elaboration
INFO: [XSIM 43-4323] No Change in HDL. Linking previously generated obj files to create kernel
INFO: [USF-XSim-69] 'elaborate' step finished in '3' seconds
INFO: [USF-XSim-4] XSim::Simulate design
INFO: [USF-XSim-61] Executing 'SIMULATE' step in 'C:/vivado/Snake_VGA_MIPS/Snake_VGA_MIPS.sim/sim_1/behav/xsim'
INFO: [USF-XSim-98] *** Running xsim
   with args "mips_tb_behav -key {Behavioral:sim_1:Functional:mips_tb} -tclbatch {mips_tb.tcl} -view {C:/vivado/Snake_VGA_MIPS/mips_tb_behav.wcfg} -log {simulate.log}"
INFO: [USF-XSim-8] Loading simulator feature
Time resolution is 1 ps
open_wave_config C:/vivado/Snake_VGA_MIPS/mips_tb_behav.wcfg
source mips_tb.tcl
# set curr_wave [current_wave_config]
# if { [string length $curr_wave] == 0 } {
#   if { [llength [get_objects]] > 0} {
#     add_wave /
#     set_property needs_save false [current_wave_config]
#   } else {
#      send_msg_id Add_Wave-1 WARNING "No top level signals found. Simulator will start without a wave window. If you want to open a wave window go to 'File->New Waveform Configuration' or type 'create_wave_config' in the TCL console."
#   }
# }
# run 1000ns
INFO: [USF-XSim-96] XSim completed. Design snapshot 'mips_tb_behav' loaded.
INFO: [USF-XSim-97] XSim simulation ran for 1000ns
launch_simulation: Time (s): cpu = 00:00:11 ; elapsed = 00:00:12 . Memory (MB): peak = 1246.008 ; gain = 39.586
restart
INFO: [Wavedata 42-604] Simulation restarted
run 10 us
Error:  Warning : [Unisim MMCME2_ADV-164] input CLKIN1 of MMCME2_ADV is stopped. Reset is required for MMCME2_ADV when input clock returns.
Time: 4187750 ps  Iteration: 1  Process: /mips_tb/dut/inst_divisor/inst/mmcm_adv_inst/clkin_lost_out_p  File: /proj/xbuilds/SWIP/2024.2_1107_2045/installs/lin64/Vivado/2024.2/data/vhdl/src/unisims/primitive/MMCME2_ADV.vhd
save_wave_config {C:/vivado/Snake_VGA_MIPS/mips_tb_behav.wcfg}
close_sim
INFO: [Simtcl 6-16] Simulation closed
launch_simulation
Command: launch_simulation 
INFO: [Vivado 12-12493] Simulation top is 'mips_tb'
WARNING: [Vivado 12-13340] Unable to auto find GCC executables from simulator install path! (path not set)
INFO: [Vivado 12-5698] Checking validity of IPs in the design for the 'XSim' simulator...
INFO: [Vivado 12-5682] Launching behavioral simulation in 'C:/vivado/Snake_VGA_MIPS/Snake_VGA_MIPS.sim/sim_1/behav/xsim'
INFO: [Vivado 12-4795] Using compiled simulation libraries for IPs
INFO: [SIM-utils-51] Simulation object is 'sim_1'
INFO: [SIM-utils-72] Using boost library from 'D:/Programs/Vivado/Vivado/2024.2/tps/boost_1_72_0'
INFO: [USF-XSim-7] Finding pre-compiled libraries...
INFO: [USF-XSim-11] File 'D:/Programs/Vivado/Vivado/2024.2/data/xsim/xsim.ini' copied to run dir:'C:/vivado/Snake_VGA_MIPS/Snake_VGA_MIPS.sim/sim_1/behav/xsim'
INFO: [SIM-utils-54] Inspecting design source files for 'mips_tb' in fileset 'sim_1'...
INFO: [USF-XSim-97] Finding global include files...
INFO: [USF-XSim-98] Fetching design files from 'sim_1'...
INFO: [USF-XSim-2] XSim::Compile design
INFO: [USF-XSim-61] Executing 'COMPILE and ANALYZE' step in 'C:/vivado/Snake_VGA_MIPS/Snake_VGA_MIPS.sim/sim_1/behav/xsim'
"xvlog --incr --relax -prj mips_tb_vlog.prj"
"xvhdl --incr --relax -prj mips_tb_vhdl.prj"
INFO: [VRFC 10-163] Analyzing VHDL file "C:/vivado/Snake_VGA_MIPS/Snake_VGA_MIPS.srcs/sources_1/imports/MIPS-2023/mips_tb.vhd" into library xil_defaultlib
INFO: [VRFC 10-3107] analyzing entity 'mips_tb'
INFO: [USF-XSim-69] 'compile' step finished in '5' seconds
INFO: [USF-XSim-3] XSim::Elaborate design
INFO: [USF-XSim-61] Executing 'ELABORATE' step in 'C:/vivado/Snake_VGA_MIPS/Snake_VGA_MIPS.sim/sim_1/behav/xsim'
"xelab --incr --debug typical --relax --mt 2 -L xil_defaultlib -L unisims_ver -L unimacro_ver -L secureip -L xpm --snapshot mips_tb_behav xil_defaultlib.mips_tb xil_defaultlib.glbl -log elaborate.log"
Vivado Simulator v2024.2.0
Copyright 1986-2022 Xilinx, Inc. All Rights Reserved.
Copyright 2022-2024 Advanced Micro Devices, Inc. All Rights Reserved.
Running: D:/Programs/Vivado/Vivado/2024.2/bin/unwrapped/win64.o/xelab.exe --incr --debug typical --relax --mt 2 -L xil_defaultlib -L unisims_ver -L unimacro_ver -L secureip -L xpm --snapshot mips_tb_behav xil_defaultlib.mips_tb xil_defaultlib.glbl -log elaborate.log 
Using 2 slave threads.
Starting static elaboration
Pass Through NonSizing Optimizer
Completed static elaboration
Starting simulation data flow analysis
Completed simulation data flow analysis
Time Resolution for simulation is 1ps
Compiling package std.standard
Compiling package std.textio
Compiling package ieee.std_logic_1164
Compiling package xil_defaultlib.general
Compiling package ieee.numeric_std
Compiling package unisim.vcomponents
Compiling package ieee.std_logic_arith
Compiling package ieee.std_logic_signed
Compiling package ieee.vital_timing
Compiling package ieee.vital_primitives
Compiling package unisim.vpkg
Compiling package ieee.std_logic_unsigned
Compiling package ieee.std_logic_textio
Compiling package xil_defaultlib.types_pkg
Compiling package ieee.math_real
Compiling module xil_defaultlib.glbl
Compiling architecture bufg_v of entity unisim.BUFG [bufg_default]
Compiling architecture ibuf_v of entity unisim.IBUF [\IBUF(1,9)(1,1)(1,4)(1,7)\]
Compiling architecture mmcme2_adv_v of entity unisim.MMCME2_ADV [\MMCME2_ADV(clkfbout_mult_f=8.0,...]
Compiling architecture structure of entity xil_defaultlib.clk_wiz_1_clk_wiz [clk_wiz_1_clk_wiz_default]
Compiling architecture structure of entity xil_defaultlib.clk_wiz_1 [clk_wiz_1_default]
Compiling architecture behavioral of entity xil_defaultlib.control_prog [control_prog_default]
Compiling architecture behavioral of entity xil_defaultlib.uart_tx [uart_tx_default]
Compiling architecture behavioral of entity xil_defaultlib.uart_rx [uart_rx_default]
Compiling architecture behavioral of entity xil_defaultlib.prog [prog_default]
Compiling architecture behavioral of entity xil_defaultlib.pc [pc_default]
Compiling architecture behavioral of entity xil_defaultlib.suma_4 [suma_4_default]
Compiling architecture behavioral of entity xil_defaultlib.mi [mi_default]
Compiling architecture behavioral of entity xil_defaultlib.mux5_4a1 [mux5_4a1_default]
Compiling architecture behavioral of entity xil_defaultlib.reg [reg_default]
Compiling architecture behavioral of entity xil_defaultlib.shift_left16 [shift_left16_default]
Compiling architecture behavioral of entity xil_defaultlib.alu_parcial [alu_parcial_default]
Compiling architecture rtl of entity xil_defaultlib.barrel_shifter [barrel_shifter_default]
Compiling architecture behavioral of entity xil_defaultlib.alu [alu_default]
Compiling architecture behavioral of entity xil_defaultlib.exten_signo_cero [exten_signo_cero_default]
Compiling architecture behavioral of entity xil_defaultlib.control_branch [control_branch_default]
Compiling architecture behavioral of entity xil_defaultlib.entrada [entrada_default]
Compiling architecture behavioral of entity xil_defaultlib.decodificador [decodificador_default]
Compiling architecture behavioral of entity xil_defaultlib.md [md_default]
Compiling architecture behavioral of entity xil_defaultlib.salida_par [salida_par_default]
Compiling architecture behavioral of entity xil_defaultlib.frame_counter [\frame_counter(hmax=800,vmax=525...]
Compiling architecture behavioral of entity xil_defaultlib.vga_sync_demo [vga_sync_demo_default]
Compiling architecture behavioral of entity xil_defaultlib.snake_vga_display [snake_vga_display_default]
Compiling architecture behavioral of entity xil_defaultlib.randomizador [\randomizador(n=64,defaultvalue=...]
Compiling architecture behavioral of entity xil_defaultlib.randomizador [\randomizador(n=48,defaultvalue=...]
Compiling architecture behavioral of entity xil_defaultlib.vga_demo_snake_btn [vga_demo_snake_btn_default]
Compiling architecture behavioral of entity xil_defaultlib.md_io [md_io_default]
Compiling architecture behavioral of entity xil_defaultlib.mux32 [mux32_default]
Compiling architecture behavioral of entity xil_defaultlib.mux32_4a1 [mux32_4a1_default]
Compiling architecture behavioral of entity xil_defaultlib.shift_left [shift_left_default]
Compiling architecture behavioral of entity xil_defaultlib.shift_left_j [shift_left_j_default]
Compiling architecture behavioral of entity xil_defaultlib.sumador32 [sumador32_default]
Compiling architecture behavioral of entity xil_defaultlib.alu_control [alu_control_default]
Compiling architecture behavioral of entity xil_defaultlib.JR_detect [jr_detect_default]
Compiling architecture behavioral of entity xil_defaultlib.control1 [control1_default]
Compiling architecture behavioral of entity xil_defaultlib.mips [mips_default]
Compiling architecture behavioral of entity xil_defaultlib.mips_tb
Built simulation snapshot mips_tb_behav
run_program: Time (s): cpu = 00:00:01 ; elapsed = 00:00:09 . Memory (MB): peak = 1259.156 ; gain = 0.000
INFO: [USF-XSim-69] 'elaborate' step finished in '8' seconds
INFO: [USF-XSim-4] XSim::Simulate design
INFO: [USF-XSim-61] Executing 'SIMULATE' step in 'C:/vivado/Snake_VGA_MIPS/Snake_VGA_MIPS.sim/sim_1/behav/xsim'
INFO: [USF-XSim-98] *** Running xsim
   with args "mips_tb_behav -key {Behavioral:sim_1:Functional:mips_tb} -tclbatch {mips_tb.tcl} -view {C:/vivado/Snake_VGA_MIPS/mips_tb_behav.wcfg} -log {simulate.log}"
INFO: [USF-XSim-8] Loading simulator feature
Time resolution is 1 ps
open_wave_config C:/vivado/Snake_VGA_MIPS/mips_tb_behav.wcfg
source mips_tb.tcl
# set curr_wave [current_wave_config]
# if { [string length $curr_wave] == 0 } {
#   if { [llength [get_objects]] > 0} {
#     add_wave /
#     set_property needs_save false [current_wave_config]
#   } else {
#      send_msg_id Add_Wave-1 WARNING "No top level signals found. Simulator will start without a wave window. If you want to open a wave window go to 'File->New Waveform Configuration' or type 'create_wave_config' in the TCL console."
#   }
# }
# run 1000ns
INFO: [USF-XSim-96] XSim completed. Design snapshot 'mips_tb_behav' loaded.
INFO: [USF-XSim-97] XSim simulation ran for 1000ns
launch_simulation: Time (s): cpu = 00:00:06 ; elapsed = 00:00:16 . Memory (MB): peak = 1259.156 ; gain = 0.000
run 70 us
restart
INFO: [Wavedata 42-604] Simulation restarted
run 70 us
WARNING: [filemgmt 56-199] Attempt to get parsing info during refresh. "On-the-fly" syntax checking information may be incorrect. [C:\vivado\Snake_VGA_MIPS\Snake_VGA_MIPS.srcs\sources_1\imports\MIPS-2023\mips_tb.vhd:]
WARNING: [filemgmt 56-199] Attempt to get parsing info during refresh. "On-the-fly" syntax checking information may be incorrect. [C:\vivado\Snake_VGA_MIPS\Snake_VGA_MIPS.srcs\sources_1\imports\MIPS-2023\md_io.vhd:]
WARNING: [filemgmt 56-199] Attempt to get parsing info during refresh. "On-the-fly" syntax checking information may be incorrect. [C:\vivado\Snake_VGA_MIPS\Snake_VGA_MIPS.srcs\sources_1\imports\MIPS-2023\md_io.vhd:]
WARNING: [filemgmt 56-199] Attempt to get parsing info during refresh. "On-the-fly" syntax checking information may be incorrect. [C:\vivado\Snake_VGA_MIPS\Snake_VGA_MIPS.srcs\sources_1\imports\MIPS-2023\md_io.vhd:]
save_wave_config {C:/vivado/Snake_VGA_MIPS/mips_tb_behav.wcfg}
close_sim
ERROR: [Common 17-180] Spawn failed: No error
INFO: [Simtcl 6-16] Simulation closed
ERROR: [Common 17-39] 'close_sim' failed due to earlier errors.
WARNING: [filemgmt 56-199] Attempt to get parsing info during refresh. "On-the-fly" syntax checking information may be incorrect. [C:\vivado\Snake_VGA_MIPS\Snake_VGA_MIPS.srcs\sources_1\imports\MIPS-2023\mips_tb.vhd:]
WARNING: [filemgmt 56-199] Attempt to get parsing info during refresh. "On-the-fly" syntax checking information may be incorrect. [C:\vivado\Snake_VGA_MIPS\Snake_VGA_MIPS.srcs\sources_1\imports\MIPS-2023\md_io.vhd:]
WARNING: [filemgmt 56-199] Attempt to get parsing info during refresh. "On-the-fly" syntax checking information may be incorrect. [C:\vivado\Snake_VGA_MIPS\Snake_VGA_MIPS.srcs\sources_1\imports\MIPS-2023\md_io.vhd:]
WARNING: [filemgmt 56-199] Attempt to get parsing info during refresh. "On-the-fly" syntax checking information may be incorrect. [C:\vivado\Snake_VGA_MIPS\Snake_VGA_MIPS.srcs\sources_1\imports\MIPS-2023\md_io.vhd:]
launch_simulation
Command: launch_simulation 
INFO: [Vivado 12-12493] Simulation top is 'mips_tb'
WARNING: [Vivado 12-13340] Unable to auto find GCC executables from simulator install path! (path not set)
INFO: [Vivado 12-5698] Checking validity of IPs in the design for the 'XSim' simulator...
INFO: [Vivado 12-5682] Launching behavioral simulation in 'C:/vivado/Snake_VGA_MIPS/Snake_VGA_MIPS.sim/sim_1/behav/xsim'
INFO: [Vivado 12-4795] Using compiled simulation libraries for IPs
INFO: [SIM-utils-51] Simulation object is 'sim_1'
INFO: [SIM-utils-72] Using boost library from 'D:/Programs/Vivado/Vivado/2024.2/tps/boost_1_72_0'
ERROR: [Common 17-180] Spawn failed: No error
ERROR: [Common 17-39] 'get_xpm_libraries' failed due to earlier errors.

    while executing
"rdi::get_xpm_libraries"
    (procedure "xcs_get_xpm_libraries" line 14)
    invoked from within
"xcs_get_xpm_libraries"
    (procedure "usf_xsim_setup_simulation" line 50)
    invoked from within
"usf_xsim_setup_simulation"
    (procedure "tclapp::xilinx::xsim::setup" line 29)
    invoked from within
"tclapp::xilinx::xsim::setup { -simset sim_1 -mode behavioral -run_dir C:/vivado/Snake_VGA_MIPS/Snake_VGA_MIPS.sim/sim_1/behav/xsim -int_os_type 64 -in..."
ERROR: [Vivado 12-4473] Detected error while running simulation. Please correct the issue and retry this operation.
ERROR: [Common 17-39] 'launch_simulation' failed due to earlier errors.
launch_simulation
Command: launch_simulation 
INFO: [Vivado 12-12493] Simulation top is 'mips_tb'
WARNING: [Vivado 12-13340] Unable to auto find GCC executables from simulator install path! (path not set)
INFO: [Vivado 12-5698] Checking validity of IPs in the design for the 'XSim' simulator...
INFO: [Vivado 12-5682] Launching behavioral simulation in 'C:/vivado/Snake_VGA_MIPS/Snake_VGA_MIPS.sim/sim_1/behav/xsim'
INFO: [Vivado 12-4795] Using compiled simulation libraries for IPs
INFO: [SIM-utils-51] Simulation object is 'sim_1'
INFO: [SIM-utils-72] Using boost library from 'D:/Programs/Vivado/Vivado/2024.2/tps/boost_1_72_0'
INFO: [USF-XSim-7] Finding pre-compiled libraries...
INFO: [USF-XSim-11] File 'D:/Programs/Vivado/Vivado/2024.2/data/xsim/xsim.ini' copied to run dir:'C:/vivado/Snake_VGA_MIPS/Snake_VGA_MIPS.sim/sim_1/behav/xsim'
INFO: [SIM-utils-54] Inspecting design source files for 'mips_tb' in fileset 'sim_1'...
INFO: [USF-XSim-97] Finding global include files...
INFO: [USF-XSim-98] Fetching design files from 'sim_1'...
INFO: [USF-XSim-2] XSim::Compile design
INFO: [USF-XSim-61] Executing 'COMPILE and ANALYZE' step in 'C:/vivado/Snake_VGA_MIPS/Snake_VGA_MIPS.sim/sim_1/behav/xsim'
"xvlog --incr --relax -prj mips_tb_vlog.prj"
"xvhdl --incr --relax -prj mips_tb_vhdl.prj"
INFO: [VRFC 10-163] Analyzing VHDL file "C:/vivado/Snake_VGA_MIPS/Snake_VGA_MIPS.srcs/sources_1/imports/MIPS-2023/md_io.vhd" into library xil_defaultlib
INFO: [VRFC 10-3107] analyzing entity 'md_io'
INFO: [USF-XSim-69] 'compile' step finished in '4' seconds
INFO: [USF-XSim-3] XSim::Elaborate design
INFO: [USF-XSim-61] Executing 'ELABORATE' step in 'C:/vivado/Snake_VGA_MIPS/Snake_VGA_MIPS.sim/sim_1/behav/xsim'
"xelab --incr --debug typical --relax --mt 2 -L xil_defaultlib -L unisims_ver -L unimacro_ver -L secureip -L xpm --snapshot mips_tb_behav xil_defaultlib.mips_tb xil_defaultlib.glbl -log elaborate.log"
Vivado Simulator v2024.2.0
Copyright 1986-2022 Xilinx, Inc. All Rights Reserved.
Copyright 2022-2024 Advanced Micro Devices, Inc. All Rights Reserved.
Running: D:/Programs/Vivado/Vivado/2024.2/bin/unwrapped/win64.o/xelab.exe --incr --debug typical --relax --mt 2 -L xil_defaultlib -L unisims_ver -L unimacro_ver -L secureip -L xpm --snapshot mips_tb_behav xil_defaultlib.mips_tb xil_defaultlib.glbl -log elaborate.log 
Using 2 slave threads.
Starting static elaboration
Pass Through NonSizing Optimizer
Completed static elaboration
Starting simulation data flow analysis
Completed simulation data flow analysis
Time Resolution for simulation is 1ps
Compiling package std.standard
Compiling package std.textio
Compiling package ieee.std_logic_1164
Compiling package xil_defaultlib.general
Compiling package ieee.numeric_std
Compiling package unisim.vcomponents
Compiling package ieee.std_logic_arith
Compiling package ieee.std_logic_signed
Compiling package ieee.vital_timing
Compiling package ieee.vital_primitives
Compiling package unisim.vpkg
Compiling package ieee.std_logic_unsigned
Compiling package ieee.std_logic_textio
Compiling package xil_defaultlib.types_pkg
Compiling package ieee.math_real
Compiling module xil_defaultlib.glbl
Compiling architecture bufg_v of entity unisim.BUFG [bufg_default]
Compiling architecture ibuf_v of entity unisim.IBUF [\IBUF(1,9)(1,1)(1,4)(1,7)\]
Compiling architecture mmcme2_adv_v of entity unisim.MMCME2_ADV [\MMCME2_ADV(clkfbout_mult_f=8.0,...]
Compiling architecture structure of entity xil_defaultlib.clk_wiz_1_clk_wiz [clk_wiz_1_clk_wiz_default]
Compiling architecture structure of entity xil_defaultlib.clk_wiz_1 [clk_wiz_1_default]
Compiling architecture behavioral of entity xil_defaultlib.control_prog [control_prog_default]
Compiling architecture behavioral of entity xil_defaultlib.uart_tx [uart_tx_default]
Compiling architecture behavioral of entity xil_defaultlib.uart_rx [uart_rx_default]
Compiling architecture behavioral of entity xil_defaultlib.prog [prog_default]
Compiling architecture behavioral of entity xil_defaultlib.pc [pc_default]
Compiling architecture behavioral of entity xil_defaultlib.suma_4 [suma_4_default]
Compiling architecture behavioral of entity xil_defaultlib.mi [mi_default]
Compiling architecture behavioral of entity xil_defaultlib.mux5_4a1 [mux5_4a1_default]
Compiling architecture behavioral of entity xil_defaultlib.reg [reg_default]
Compiling architecture behavioral of entity xil_defaultlib.shift_left16 [shift_left16_default]
Compiling architecture behavioral of entity xil_defaultlib.alu_parcial [alu_parcial_default]
Compiling architecture rtl of entity xil_defaultlib.barrel_shifter [barrel_shifter_default]
Compiling architecture behavioral of entity xil_defaultlib.alu [alu_default]
Compiling architecture behavioral of entity xil_defaultlib.exten_signo_cero [exten_signo_cero_default]
Compiling architecture behavioral of entity xil_defaultlib.control_branch [control_branch_default]
Compiling architecture behavioral of entity xil_defaultlib.entrada [entrada_default]
Compiling architecture behavioral of entity xil_defaultlib.decodificador [decodificador_default]
Compiling architecture behavioral of entity xil_defaultlib.md [md_default]
Compiling architecture behavioral of entity xil_defaultlib.salida_par [salida_par_default]
Compiling architecture behavioral of entity xil_defaultlib.frame_counter [\frame_counter(hmax=800,vmax=525...]
Compiling architecture behavioral of entity xil_defaultlib.vga_sync_demo [vga_sync_demo_default]
Compiling architecture behavioral of entity xil_defaultlib.snake_vga_display [snake_vga_display_default]
Compiling architecture behavioral of entity xil_defaultlib.randomizador [\randomizador(n=64,defaultvalue=...]
Compiling architecture behavioral of entity xil_defaultlib.randomizador [\randomizador(n=48,defaultvalue=...]
Compiling architecture behavioral of entity xil_defaultlib.vga_demo_snake_btn [vga_demo_snake_btn_default]
Compiling architecture behavioral of entity xil_defaultlib.md_io [md_io_default]
Compiling architecture behavioral of entity xil_defaultlib.mux32 [mux32_default]
Compiling architecture behavioral of entity xil_defaultlib.mux32_4a1 [mux32_4a1_default]
Compiling architecture behavioral of entity xil_defaultlib.shift_left [shift_left_default]
Compiling architecture behavioral of entity xil_defaultlib.shift_left_j [shift_left_j_default]
Compiling architecture behavioral of entity xil_defaultlib.sumador32 [sumador32_default]
Compiling architecture behavioral of entity xil_defaultlib.alu_control [alu_control_default]
Compiling architecture behavioral of entity xil_defaultlib.JR_detect [jr_detect_default]
Compiling architecture behavioral of entity xil_defaultlib.control1 [control1_default]
Compiling architecture behavioral of entity xil_defaultlib.mips [mips_default]
Compiling architecture behavioral of entity xil_defaultlib.mips_tb
Built simulation snapshot mips_tb_behav
run_program: Time (s): cpu = 00:00:02 ; elapsed = 00:00:07 . Memory (MB): peak = 1365.430 ; gain = 0.000
INFO: [USF-XSim-69] 'elaborate' step finished in '7' seconds
INFO: [USF-XSim-4] XSim::Simulate design
INFO: [USF-XSim-61] Executing 'SIMULATE' step in 'C:/vivado/Snake_VGA_MIPS/Snake_VGA_MIPS.sim/sim_1/behav/xsim'
INFO: [USF-XSim-98] *** Running xsim
   with args "mips_tb_behav -key {Behavioral:sim_1:Functional:mips_tb} -tclbatch {mips_tb.tcl} -view {C:/vivado/Snake_VGA_MIPS/mips_tb_behav.wcfg} -log {simulate.log}"
INFO: [USF-XSim-8] Loading simulator feature
Time resolution is 1 ps
open_wave_config C:/vivado/Snake_VGA_MIPS/mips_tb_behav.wcfg
source mips_tb.tcl
# set curr_wave [current_wave_config]
# if { [string length $curr_wave] == 0 } {
#   if { [llength [get_objects]] > 0} {
#     add_wave /
#     set_property needs_save false [current_wave_config]
#   } else {
#      send_msg_id Add_Wave-1 WARNING "No top level signals found. Simulator will start without a wave window. If you want to open a wave window go to 'File->New Waveform Configuration' or type 'create_wave_config' in the TCL console."
#   }
# }
# run 1000ns
INFO: [USF-XSim-96] XSim completed. Design snapshot 'mips_tb_behav' loaded.
INFO: [USF-XSim-97] XSim simulation ran for 1000ns
launch_simulation: Time (s): cpu = 00:00:06 ; elapsed = 00:00:14 . Memory (MB): peak = 1365.430 ; gain = 0.000
run 70 us
restart
INFO: [Wavedata 42-604] Simulation restarted
close_sim
INFO: [Simtcl 6-16] Simulation closed
launch_simulation
Command: launch_simulation 
INFO: [Vivado 12-12493] Simulation top is 'mips_tb'
WARNING: [Vivado 12-13340] Unable to auto find GCC executables from simulator install path! (path not set)
INFO: [Vivado 12-5698] Checking validity of IPs in the design for the 'XSim' simulator...
INFO: [Vivado 12-5682] Launching behavioral simulation in 'C:/vivado/Snake_VGA_MIPS/Snake_VGA_MIPS.sim/sim_1/behav/xsim'
INFO: [Vivado 12-4795] Using compiled simulation libraries for IPs
INFO: [SIM-utils-51] Simulation object is 'sim_1'
INFO: [SIM-utils-72] Using boost library from 'D:/Programs/Vivado/Vivado/2024.2/tps/boost_1_72_0'
INFO: [USF-XSim-7] Finding pre-compiled libraries...
INFO: [USF-XSim-11] File 'D:/Programs/Vivado/Vivado/2024.2/data/xsim/xsim.ini' copied to run dir:'C:/vivado/Snake_VGA_MIPS/Snake_VGA_MIPS.sim/sim_1/behav/xsim'
INFO: [SIM-utils-54] Inspecting design source files for 'mips_tb' in fileset 'sim_1'...
INFO: [USF-XSim-97] Finding global include files...
INFO: [USF-XSim-98] Fetching design files from 'sim_1'...
INFO: [USF-XSim-2] XSim::Compile design
INFO: [USF-XSim-61] Executing 'COMPILE and ANALYZE' step in 'C:/vivado/Snake_VGA_MIPS/Snake_VGA_MIPS.sim/sim_1/behav/xsim'
"xvlog --incr --relax -prj mips_tb_vlog.prj"
"xvhdl --incr --relax -prj mips_tb_vhdl.prj"
INFO: [USF-XSim-69] 'compile' step finished in '4' seconds
INFO: [USF-XSim-3] XSim::Elaborate design
INFO: [USF-XSim-61] Executing 'ELABORATE' step in 'C:/vivado/Snake_VGA_MIPS/Snake_VGA_MIPS.sim/sim_1/behav/xsim'
"xelab --incr --debug typical --relax --mt 2 -L xil_defaultlib -L unisims_ver -L unimacro_ver -L secureip -L xpm --snapshot mips_tb_behav xil_defaultlib.mips_tb xil_defaultlib.glbl -log elaborate.log"
Vivado Simulator v2024.2.0
Copyright 1986-2022 Xilinx, Inc. All Rights Reserved.
Copyright 2022-2024 Advanced Micro Devices, Inc. All Rights Reserved.
Running: D:/Programs/Vivado/Vivado/2024.2/bin/unwrapped/win64.o/xelab.exe --incr --debug typical --relax --mt 2 -L xil_defaultlib -L unisims_ver -L unimacro_ver -L secureip -L xpm --snapshot mips_tb_behav xil_defaultlib.mips_tb xil_defaultlib.glbl -log elaborate.log 
Using 2 slave threads.
Starting static elaboration
Pass Through NonSizing Optimizer
Completed static elaboration
INFO: [XSIM 43-4323] No Change in HDL. Linking previously generated obj files to create kernel
INFO: [USF-XSim-69] 'elaborate' step finished in '3' seconds
INFO: [USF-XSim-4] XSim::Simulate design
INFO: [USF-XSim-61] Executing 'SIMULATE' step in 'C:/vivado/Snake_VGA_MIPS/Snake_VGA_MIPS.sim/sim_1/behav/xsim'
INFO: [USF-XSim-98] *** Running xsim
   with args "mips_tb_behav -key {Behavioral:sim_1:Functional:mips_tb} -tclbatch {mips_tb.tcl} -view {C:/vivado/Snake_VGA_MIPS/mips_tb_behav.wcfg} -log {simulate.log}"
INFO: [USF-XSim-8] Loading simulator feature
Time resolution is 1 ps
open_wave_config C:/vivado/Snake_VGA_MIPS/mips_tb_behav.wcfg
source mips_tb.tcl
# set curr_wave [current_wave_config]
# if { [string length $curr_wave] == 0 } {
#   if { [llength [get_objects]] > 0} {
#     add_wave /
#     set_property needs_save false [current_wave_config]
#   } else {
#      send_msg_id Add_Wave-1 WARNING "No top level signals found. Simulator will start without a wave window. If you want to open a wave window go to 'File->New Waveform Configuration' or type 'create_wave_config' in the TCL console."
#   }
# }
# run 1000ns
INFO: [USF-XSim-96] XSim completed. Design snapshot 'mips_tb_behav' loaded.
INFO: [USF-XSim-97] XSim simulation ran for 1000ns
launch_simulation: Time (s): cpu = 00:00:03 ; elapsed = 00:00:09 . Memory (MB): peak = 2305.328 ; gain = 16.188
run 70 us
close_sim
INFO: [Simtcl 6-16] Simulation closed
launch_simulation
Command: launch_simulation 
INFO: [Vivado 12-12493] Simulation top is 'mips_tb'
WARNING: [Vivado 12-13340] Unable to auto find GCC executables from simulator install path! (path not set)
INFO: [Vivado 12-5698] Checking validity of IPs in the design for the 'XSim' simulator...
INFO: [Vivado 12-5682] Launching behavioral simulation in 'C:/vivado/Snake_VGA_MIPS/Snake_VGA_MIPS.sim/sim_1/behav/xsim'
INFO: [Vivado 12-4795] Using compiled simulation libraries for IPs
INFO: [SIM-utils-51] Simulation object is 'sim_1'
INFO: [SIM-utils-72] Using boost library from 'D:/Programs/Vivado/Vivado/2024.2/tps/boost_1_72_0'
INFO: [USF-XSim-7] Finding pre-compiled libraries...
INFO: [USF-XSim-11] File 'D:/Programs/Vivado/Vivado/2024.2/data/xsim/xsim.ini' copied to run dir:'C:/vivado/Snake_VGA_MIPS/Snake_VGA_MIPS.sim/sim_1/behav/xsim'
INFO: [SIM-utils-54] Inspecting design source files for 'mips_tb' in fileset 'sim_1'...
INFO: [USF-XSim-97] Finding global include files...
INFO: [USF-XSim-98] Fetching design files from 'sim_1'...
INFO: [USF-XSim-2] XSim::Compile design
INFO: [USF-XSim-61] Executing 'COMPILE and ANALYZE' step in 'C:/vivado/Snake_VGA_MIPS/Snake_VGA_MIPS.sim/sim_1/behav/xsim'
"xvlog --incr --relax -prj mips_tb_vlog.prj"
"xvhdl --incr --relax -prj mips_tb_vhdl.prj"
INFO: [USF-XSim-69] 'compile' step finished in '4' seconds
INFO: [USF-XSim-3] XSim::Elaborate design
INFO: [USF-XSim-61] Executing 'ELABORATE' step in 'C:/vivado/Snake_VGA_MIPS/Snake_VGA_MIPS.sim/sim_1/behav/xsim'
"xelab --incr --debug typical --relax --mt 2 -L xil_defaultlib -L unisims_ver -L unimacro_ver -L secureip -L xpm --snapshot mips_tb_behav xil_defaultlib.mips_tb xil_defaultlib.glbl -log elaborate.log"
Vivado Simulator v2024.2.0
Copyright 1986-2022 Xilinx, Inc. All Rights Reserved.
Copyright 2022-2024 Advanced Micro Devices, Inc. All Rights Reserved.
Running: D:/Programs/Vivado/Vivado/2024.2/bin/unwrapped/win64.o/xelab.exe --incr --debug typical --relax --mt 2 -L xil_defaultlib -L unisims_ver -L unimacro_ver -L secureip -L xpm --snapshot mips_tb_behav xil_defaultlib.mips_tb xil_defaultlib.glbl -log elaborate.log 
Using 2 slave threads.
Starting static elaboration
Pass Through NonSizing Optimizer
Completed static elaboration
INFO: [XSIM 43-4323] No Change in HDL. Linking previously generated obj files to create kernel
INFO: [USF-XSim-69] 'elaborate' step finished in '4' seconds
INFO: [USF-XSim-4] XSim::Simulate design
INFO: [USF-XSim-61] Executing 'SIMULATE' step in 'C:/vivado/Snake_VGA_MIPS/Snake_VGA_MIPS.sim/sim_1/behav/xsim'
INFO: [USF-XSim-98] *** Running xsim
   with args "mips_tb_behav -key {Behavioral:sim_1:Functional:mips_tb} -tclbatch {mips_tb.tcl} -view {C:/vivado/Snake_VGA_MIPS/mips_tb_behav.wcfg} -log {simulate.log}"
INFO: [USF-XSim-8] Loading simulator feature
Time resolution is 1 ps
open_wave_config C:/vivado/Snake_VGA_MIPS/mips_tb_behav.wcfg
source mips_tb.tcl
# set curr_wave [current_wave_config]
# if { [string length $curr_wave] == 0 } {
#   if { [llength [get_objects]] > 0} {
#     add_wave /
#     set_property needs_save false [current_wave_config]
#   } else {
#      send_msg_id Add_Wave-1 WARNING "No top level signals found. Simulator will start without a wave window. If you want to open a wave window go to 'File->New Waveform Configuration' or type 'create_wave_config' in the TCL console."
#   }
# }
# run 1000ns
INFO: [USF-XSim-96] XSim completed. Design snapshot 'mips_tb_behav' loaded.
INFO: [USF-XSim-97] XSim simulation ran for 1000ns
launch_simulation: Time (s): cpu = 00:00:03 ; elapsed = 00:00:11 . Memory (MB): peak = 2306.191 ; gain = 0.000
run 70 us
save_wave_config {C:/vivado/Snake_VGA_MIPS/mips_tb_behav.wcfg}
WARNING: [filemgmt 56-199] Attempt to get parsing info during refresh. "On-the-fly" syntax checking information may be incorrect. [C:\vivado\Snake_VGA_MIPS\Snake_VGA_MIPS.srcs\sources_1\imports\MIPS-2023\mips_tb.vhd:]
WARNING: [filemgmt 56-199] Attempt to get parsing info during refresh. "On-the-fly" syntax checking information may be incorrect. [C:\vivado\Snake_VGA_MIPS\Snake_VGA_MIPS.srcs\sources_1\imports\MIPS-2023\md_io.vhd:]
WARNING: [filemgmt 56-199] Attempt to get parsing info during refresh. "On-the-fly" syntax checking information may be incorrect. [C:\vivado\Snake_VGA_MIPS\Snake_VGA_MIPS.srcs\sources_1\imports\MIPS-2023\md_io.vhd:]
WARNING: [filemgmt 56-199] Attempt to get parsing info during refresh. "On-the-fly" syntax checking information may be incorrect. [C:\vivado\Snake_VGA_MIPS\Snake_VGA_MIPS.srcs\sources_1\imports\MIPS-2023\md_io.vhd:]
ERROR: [Common 17-180] Spawn failed: No error
WARNING: [filemgmt 56-199] Attempt to get parsing info during refresh. "On-the-fly" syntax checking information may be incorrect. [C:\vivado\Snake_VGA_MIPS\Snake_VGA_MIPS.srcs\sources_1\imports\MIPS-2023\mips_tb.vhd:]
WARNING: [filemgmt 56-199] Attempt to get parsing info during refresh. "On-the-fly" syntax checking information may be incorrect. [C:\vivado\Snake_VGA_MIPS\Snake_VGA_MIPS.srcs\sources_1\imports\MIPS-2023\md_io.vhd:]
WARNING: [filemgmt 56-199] Attempt to get parsing info during refresh. "On-the-fly" syntax checking information may be incorrect. [C:\vivado\Snake_VGA_MIPS\Snake_VGA_MIPS.srcs\sources_1\imports\MIPS-2023\md_io.vhd:]
WARNING: [filemgmt 56-199] Attempt to get parsing info during refresh. "On-the-fly" syntax checking information may be incorrect. [C:\vivado\Snake_VGA_MIPS\Snake_VGA_MIPS.srcs\sources_1\imports\MIPS-2023\md_io.vhd:]
reset_simulation -simset sim_1 -mode post-synthesis -type functional
ERROR: [Common 17-180] Spawn failed: No error
WARNING: [filemgmt 56-199] Attempt to get parsing info during refresh. "On-the-fly" syntax checking information may be incorrect. [C:\vivado\Snake_VGA_MIPS\Snake_VGA_MIPS.srcs\sources_1\imports\MIPS-2023\mips_tb.vhd:]
WARNING: [filemgmt 56-199] Attempt to get parsing info during refresh. "On-the-fly" syntax checking information may be incorrect. [C:\vivado\Snake_VGA_MIPS\Snake_VGA_MIPS.srcs\sources_1\imports\MIPS-2023\md_io.vhd:]
WARNING: [filemgmt 56-199] Attempt to get parsing info during refresh. "On-the-fly" syntax checking information may be incorrect. [C:\vivado\Snake_VGA_MIPS\Snake_VGA_MIPS.srcs\sources_1\imports\MIPS-2023\md_io.vhd:]
WARNING: [filemgmt 56-199] Attempt to get parsing info during refresh. "On-the-fly" syntax checking information may be incorrect. [C:\vivado\Snake_VGA_MIPS\Snake_VGA_MIPS.srcs\sources_1\imports\MIPS-2023\md_io.vhd:]
ERROR: [Common 17-180] Spawn failed: No error
close_sim
INFO: [Simtcl 6-16] Simulation closed
WARNING: [filemgmt 56-199] Attempt to get parsing info during refresh. "On-the-fly" syntax checking information may be incorrect. [C:\vivado\Snake_VGA_MIPS\Snake_VGA_MIPS.srcs\sources_1\imports\MIPS-2023\mips_tb.vhd:]
WARNING: [filemgmt 56-199] Attempt to get parsing info during refresh. "On-the-fly" syntax checking information may be incorrect. [C:\vivado\Snake_VGA_MIPS\Snake_VGA_MIPS.srcs\sources_1\imports\MIPS-2023\md_io.vhd:]
WARNING: [filemgmt 56-199] Attempt to get parsing info during refresh. "On-the-fly" syntax checking information may be incorrect. [C:\vivado\Snake_VGA_MIPS\Snake_VGA_MIPS.srcs\sources_1\imports\MIPS-2023\md_io.vhd:]
WARNING: [filemgmt 56-199] Attempt to get parsing info during refresh. "On-the-fly" syntax checking information may be incorrect. [C:\vivado\Snake_VGA_MIPS\Snake_VGA_MIPS.srcs\sources_1\imports\MIPS-2023\md_io.vhd:]
reset_simulation -simset sim_1 -mode post-synthesis -type functional
WARNING: [filemgmt 56-199] Attempt to get parsing info during refresh. "On-the-fly" syntax checking information may be incorrect. [C:\vivado\Snake_VGA_MIPS\Snake_VGA_MIPS.srcs\sources_1\imports\MIPS-2023\mips_tb.vhd:]
WARNING: [filemgmt 56-199] Attempt to get parsing info during refresh. "On-the-fly" syntax checking information may be incorrect. [C:\vivado\Snake_VGA_MIPS\Snake_VGA_MIPS.srcs\sources_1\imports\MIPS-2023\md_io.vhd:]
WARNING: [filemgmt 56-199] Attempt to get parsing info during refresh. "On-the-fly" syntax checking information may be incorrect. [C:\vivado\Snake_VGA_MIPS\Snake_VGA_MIPS.srcs\sources_1\imports\MIPS-2023\md_io.vhd:]
WARNING: [filemgmt 56-199] Attempt to get parsing info during refresh. "On-the-fly" syntax checking information may be incorrect. [C:\vivado\Snake_VGA_MIPS\Snake_VGA_MIPS.srcs\sources_1\imports\MIPS-2023\md_io.vhd:]
ERROR: [Common 17-180] Spawn failed: No error
WARNING: [filemgmt 56-199] Attempt to get parsing info during refresh. "On-the-fly" syntax checking information may be incorrect. [C:\vivado\Snake_VGA_MIPS\Snake_VGA_MIPS.srcs\sources_1\imports\MIPS-2023\mips_tb.vhd:]
WARNING: [filemgmt 56-199] Attempt to get parsing info during refresh. "On-the-fly" syntax checking information may be incorrect. [C:\vivado\Snake_VGA_MIPS\Snake_VGA_MIPS.srcs\sources_1\imports\MIPS-2023\md_io.vhd:]
WARNING: [filemgmt 56-199] Attempt to get parsing info during refresh. "On-the-fly" syntax checking information may be incorrect. [C:\vivado\Snake_VGA_MIPS\Snake_VGA_MIPS.srcs\sources_1\imports\MIPS-2023\mips_tb.vhd:]
WARNING: [filemgmt 56-199] Attempt to get parsing info during refresh. "On-the-fly" syntax checking information may be incorrect. [C:\vivado\Snake_VGA_MIPS\Snake_VGA_MIPS.srcs\sources_1\imports\MIPS-2023\mips_tb.vhd:]
ERROR: [Common 17-180] Spawn failed: No error
WARNING: [filemgmt 56-199] Attempt to get parsing info during refresh. "On-the-fly" syntax checking information may be incorrect. [C:\vivado\Snake_VGA_MIPS\Snake_VGA_MIPS.srcs\sources_1\imports\MIPS-2023\mips_tb.vhd:]
WARNING: [filemgmt 56-199] Attempt to get parsing info during refresh. "On-the-fly" syntax checking information may be incorrect. [C:\vivado\Snake_VGA_MIPS\Snake_VGA_MIPS.srcs\sources_1\imports\MIPS-2023\md_io.vhd:]
WARNING: [filemgmt 56-199] Attempt to get parsing info during refresh. "On-the-fly" syntax checking information may be incorrect. [C:\vivado\Snake_VGA_MIPS\Snake_VGA_MIPS.srcs\sources_1\imports\MIPS-2023\md_io.vhd:]
WARNING: [filemgmt 56-199] Attempt to get parsing info during refresh. "On-the-fly" syntax checking information may be incorrect. [C:\vivado\Snake_VGA_MIPS\Snake_VGA_MIPS.srcs\sources_1\imports\MIPS-2023\md_io.vhd:]
reset_simulation -simset sim_1 -mode post-synthesis -type timing
WARNING: [filemgmt 56-199] Attempt to get parsing info during refresh. "On-the-fly" syntax checking information may be incorrect. [C:\vivado\Snake_VGA_MIPS\Snake_VGA_MIPS.srcs\sources_1\imports\MIPS-2023\mips_tb.vhd:]
WARNING: [filemgmt 56-199] Attempt to get parsing info during refresh. "On-the-fly" syntax checking information may be incorrect. [C:\vivado\Snake_VGA_MIPS\Snake_VGA_MIPS.srcs\sources_1\imports\MIPS-2023\md_io.vhd:]
WARNING: [filemgmt 56-199] Attempt to get parsing info during refresh. "On-the-fly" syntax checking information may be incorrect. [C:\vivado\Snake_VGA_MIPS\Snake_VGA_MIPS.srcs\sources_1\imports\MIPS-2023\md_io.vhd:]
WARNING: [filemgmt 56-199] Attempt to get parsing info during refresh. "On-the-fly" syntax checking information may be incorrect. [C:\vivado\Snake_VGA_MIPS\Snake_VGA_MIPS.srcs\sources_1\imports\MIPS-2023\md_io.vhd:]
ERROR: [Common 17-180] Spawn failed: No error
WARNING: [filemgmt 56-199] Attempt to get parsing info during refresh. "On-the-fly" syntax checking information may be incorrect. [C:\vivado\Snake_VGA_MIPS\Snake_VGA_MIPS.srcs\sources_1\imports\MIPS-2023\mips_tb.vhd:]
WARNING: [filemgmt 56-199] Attempt to get parsing info during refresh. "On-the-fly" syntax checking information may be incorrect. [C:\vivado\Snake_VGA_MIPS\Snake_VGA_MIPS.srcs\sources_1\imports\MIPS-2023\md_io.vhd:]
WARNING: [filemgmt 56-199] Attempt to get parsing info during refresh. "On-the-fly" syntax checking information may be incorrect. [C:\vivado\Snake_VGA_MIPS\Snake_VGA_MIPS.srcs\sources_1\imports\MIPS-2023\mips_tb.vhd:]
WARNING: [filemgmt 56-199] Attempt to get parsing info during refresh. "On-the-fly" syntax checking information may be incorrect. [C:\vivado\Snake_VGA_MIPS\Snake_VGA_MIPS.srcs\sources_1\imports\MIPS-2023\mips_tb.vhd:]
ERROR: [Common 17-180] Spawn failed: No error
WARNING: [filemgmt 56-199] Attempt to get parsing info during refresh. "On-the-fly" syntax checking information may be incorrect. [C:\vivado\Snake_VGA_MIPS\Snake_VGA_MIPS.srcs\sources_1\imports\MIPS-2023\mips_tb.vhd:]
WARNING: [filemgmt 56-199] Attempt to get parsing info during refresh. "On-the-fly" syntax checking information may be incorrect. [C:\vivado\Snake_VGA_MIPS\Snake_VGA_MIPS.srcs\sources_1\imports\MIPS-2023\md_io.vhd:]
WARNING: [filemgmt 56-199] Attempt to get parsing info during refresh. "On-the-fly" syntax checking information may be incorrect. [C:\vivado\Snake_VGA_MIPS\Snake_VGA_MIPS.srcs\sources_1\imports\MIPS-2023\md_io.vhd:]
WARNING: [filemgmt 56-199] Attempt to get parsing info during refresh. "On-the-fly" syntax checking information may be incorrect. [C:\vivado\Snake_VGA_MIPS\Snake_VGA_MIPS.srcs\sources_1\imports\MIPS-2023\md_io.vhd:]
reset_simulation -simset sim_1 -mode post-implementation -type functional
WARNING: [filemgmt 56-199] Attempt to get parsing info during refresh. "On-the-fly" syntax checking information may be incorrect. [C:\vivado\Snake_VGA_MIPS\Snake_VGA_MIPS.srcs\sources_1\imports\MIPS-2023\mips_tb.vhd:]
WARNING: [filemgmt 56-199] Attempt to get parsing info during refresh. "On-the-fly" syntax checking information may be incorrect. [C:\vivado\Snake_VGA_MIPS\Snake_VGA_MIPS.srcs\sources_1\imports\MIPS-2023\md_io.vhd:]
WARNING: [filemgmt 56-199] Attempt to get parsing info during refresh. "On-the-fly" syntax checking information may be incorrect. [C:\vivado\Snake_VGA_MIPS\Snake_VGA_MIPS.srcs\sources_1\imports\MIPS-2023\md_io.vhd:]
WARNING: [filemgmt 56-199] Attempt to get parsing info during refresh. "On-the-fly" syntax checking information may be incorrect. [C:\vivado\Snake_VGA_MIPS\Snake_VGA_MIPS.srcs\sources_1\imports\MIPS-2023\md_io.vhd:]
ERROR: [Common 17-180] Spawn failed: No error
WARNING: [filemgmt 56-199] Attempt to get parsing info during refresh. "On-the-fly" syntax checking information may be incorrect. [C:\vivado\Snake_VGA_MIPS\Snake_VGA_MIPS.srcs\sources_1\imports\MIPS-2023\mips_tb.vhd:]
WARNING: [filemgmt 56-199] Attempt to get parsing info during refresh. "On-the-fly" syntax checking information may be incorrect. [C:\vivado\Snake_VGA_MIPS\Snake_VGA_MIPS.srcs\sources_1\imports\MIPS-2023\md_io.vhd:]
WARNING: [filemgmt 56-199] Attempt to get parsing info during refresh. "On-the-fly" syntax checking information may be incorrect. [C:\vivado\Snake_VGA_MIPS\Snake_VGA_MIPS.srcs\sources_1\imports\MIPS-2023\mips_tb.vhd:]
WARNING: [filemgmt 56-199] Attempt to get parsing info during refresh. "On-the-fly" syntax checking information may be incorrect. [C:\vivado\Snake_VGA_MIPS\Snake_VGA_MIPS.srcs\sources_1\imports\MIPS-2023\mips_tb.vhd:]
ERROR: [Common 17-180] Spawn failed: No error
WARNING: [filemgmt 56-199] Attempt to get parsing info during refresh. "On-the-fly" syntax checking information may be incorrect. [C:\vivado\Snake_VGA_MIPS\Snake_VGA_MIPS.srcs\sources_1\imports\MIPS-2023\mips_tb.vhd:]
WARNING: [filemgmt 56-199] Attempt to get parsing info during refresh. "On-the-fly" syntax checking information may be incorrect. [C:\vivado\Snake_VGA_MIPS\Snake_VGA_MIPS.srcs\sources_1\imports\MIPS-2023\md_io.vhd:]
WARNING: [filemgmt 56-199] Attempt to get parsing info during refresh. "On-the-fly" syntax checking information may be incorrect. [C:\vivado\Snake_VGA_MIPS\Snake_VGA_MIPS.srcs\sources_1\imports\MIPS-2023\md_io.vhd:]
WARNING: [filemgmt 56-199] Attempt to get parsing info during refresh. "On-the-fly" syntax checking information may be incorrect. [C:\vivado\Snake_VGA_MIPS\Snake_VGA_MIPS.srcs\sources_1\imports\MIPS-2023\md_io.vhd:]
reset_simulation -simset sim_1 -mode post-implementation -type timing
WARNING: [filemgmt 56-199] Attempt to get parsing info during refresh. "On-the-fly" syntax checking information may be incorrect. [C:\vivado\Snake_VGA_MIPS\Snake_VGA_MIPS.srcs\sources_1\imports\MIPS-2023\mips_tb.vhd:]
WARNING: [filemgmt 56-199] Attempt to get parsing info during refresh. "On-the-fly" syntax checking information may be incorrect. [C:\vivado\Snake_VGA_MIPS\Snake_VGA_MIPS.srcs\sources_1\imports\MIPS-2023\md_io.vhd:]
WARNING: [filemgmt 56-199] Attempt to get parsing info during refresh. "On-the-fly" syntax checking information may be incorrect. [C:\vivado\Snake_VGA_MIPS\Snake_VGA_MIPS.srcs\sources_1\imports\MIPS-2023\md_io.vhd:]
WARNING: [filemgmt 56-199] Attempt to get parsing info during refresh. "On-the-fly" syntax checking information may be incorrect. [C:\vivado\Snake_VGA_MIPS\Snake_VGA_MIPS.srcs\sources_1\imports\MIPS-2023\md_io.vhd:]
ERROR: [Common 17-180] Spawn failed: No error
WARNING: [filemgmt 56-199] Attempt to get parsing info during refresh. "On-the-fly" syntax checking information may be incorrect. [C:\vivado\Snake_VGA_MIPS\Snake_VGA_MIPS.srcs\sources_1\imports\MIPS-2023\mips_tb.vhd:]
WARNING: [filemgmt 56-199] Attempt to get parsing info during refresh. "On-the-fly" syntax checking information may be incorrect. [C:\vivado\Snake_VGA_MIPS\Snake_VGA_MIPS.srcs\sources_1\imports\MIPS-2023\md_io.vhd:]
WARNING: [filemgmt 56-199] Attempt to get parsing info during refresh. "On-the-fly" syntax checking information may be incorrect. [C:\vivado\Snake_VGA_MIPS\Snake_VGA_MIPS.srcs\sources_1\imports\MIPS-2023\mips_tb.vhd:]
WARNING: [filemgmt 56-199] Attempt to get parsing info during refresh. "On-the-fly" syntax checking information may be incorrect. [C:\vivado\Snake_VGA_MIPS\Snake_VGA_MIPS.srcs\sources_1\imports\MIPS-2023\mips_tb.vhd:]
ERROR: [Common 17-180] Spawn failed: No error
WARNING: [filemgmt 56-199] Attempt to get parsing info during refresh. "On-the-fly" syntax checking information may be incorrect. [C:\vivado\Snake_VGA_MIPS\Snake_VGA_MIPS.srcs\sources_1\imports\MIPS-2023\mips_tb.vhd:]
WARNING: [filemgmt 56-199] Attempt to get parsing info during refresh. "On-the-fly" syntax checking information may be incorrect. [C:\vivado\Snake_VGA_MIPS\Snake_VGA_MIPS.srcs\sources_1\imports\MIPS-2023\md_io.vhd:]
WARNING: [filemgmt 56-199] Attempt to get parsing info during refresh. "On-the-fly" syntax checking information may be incorrect. [C:\vivado\Snake_VGA_MIPS\Snake_VGA_MIPS.srcs\sources_1\imports\MIPS-2023\md_io.vhd:]
WARNING: [filemgmt 56-199] Attempt to get parsing info during refresh. "On-the-fly" syntax checking information may be incorrect. [C:\vivado\Snake_VGA_MIPS\Snake_VGA_MIPS.srcs\sources_1\imports\MIPS-2023\md_io.vhd:]
ERROR: [Common 17-180] Spawn failed: No error
reset_simulation -simset sim_1 -mode behavioral
INFO: [Vivado 12-2266] Removing simulation data...
INFO: [Vivado 12-2267] Reset complete
WARNING: [filemgmt 56-199] Attempt to get parsing info during refresh. "On-the-fly" syntax checking information may be incorrect. [C:\vivado\Snake_VGA_MIPS\Snake_VGA_MIPS.srcs\sources_1\imports\MIPS-2023\mips_tb.vhd:]
WARNING: [filemgmt 56-199] Attempt to get parsing info during refresh. "On-the-fly" syntax checking information may be incorrect. [C:\vivado\Snake_VGA_MIPS\Snake_VGA_MIPS.srcs\sources_1\imports\MIPS-2023\md_io.vhd:]
WARNING: [filemgmt 56-199] Attempt to get parsing info during refresh. "On-the-fly" syntax checking information may be incorrect. [C:\vivado\Snake_VGA_MIPS\Snake_VGA_MIPS.srcs\sources_1\imports\MIPS-2023\md_io.vhd:]
WARNING: [filemgmt 56-199] Attempt to get parsing info during refresh. "On-the-fly" syntax checking information may be incorrect. [C:\vivado\Snake_VGA_MIPS\Snake_VGA_MIPS.srcs\sources_1\imports\MIPS-2023\md_io.vhd:]
ERROR: [Common 17-180] Spawn failed: No error
launch_simulation
Command: launch_simulation 
INFO: [Vivado 12-12493] Simulation top is 'mips_tb'
WARNING: [Vivado 12-13340] Unable to auto find GCC executables from simulator install path! (path not set)
INFO: [Vivado 12-5698] Checking validity of IPs in the design for the 'XSim' simulator...
INFO: [Vivado 12-5682] Launching behavioral simulation in 'C:/vivado/Snake_VGA_MIPS/Snake_VGA_MIPS.sim/sim_1/behav/xsim'
INFO: [Vivado 12-4795] Using compiled simulation libraries for IPs
INFO: [SIM-utils-51] Simulation object is 'sim_1'
INFO: [SIM-utils-72] Using boost library from 'D:/Programs/Vivado/Vivado/2024.2/tps/boost_1_72_0'
INFO: [USF-XSim-7] Finding pre-compiled libraries...
INFO: [USF-XSim-11] File 'D:/Programs/Vivado/Vivado/2024.2/data/xsim/xsim.ini' copied to run dir:'C:/vivado/Snake_VGA_MIPS/Snake_VGA_MIPS.sim/sim_1/behav/xsim'
INFO: [SIM-utils-54] Inspecting design source files for 'mips_tb' in fileset 'sim_1'...
INFO: [USF-XSim-97] Finding global include files...
INFO: [USF-XSim-98] Fetching design files from 'sim_1'...
INFO: [USF-XSim-2] XSim::Compile design
INFO: [USF-XSim-61] Executing 'COMPILE and ANALYZE' step in 'C:/vivado/Snake_VGA_MIPS/Snake_VGA_MIPS.sim/sim_1/behav/xsim'
"xvlog --incr --relax -prj mips_tb_vlog.prj"
INFO: [VRFC 10-2263] Analyzing Verilog file "C:/vivado/Snake_VGA_MIPS/Snake_VGA_MIPS.sim/sim_1/behav/xsim/glbl.v" into library xil_defaultlib
INFO: [VRFC 10-311] analyzing module glbl
"xvhdl --incr --relax -prj mips_tb_vhdl.prj"
INFO: [VRFC 10-163] Analyzing VHDL file "C:/vivado/Snake_VGA_MIPS/Snake_VGA_MIPS.gen/sources_1/ip/clk_wiz_1/clk_wiz_1_sim_netlist.vhdl" into library xil_defaultlib
INFO: [VRFC 10-3107] analyzing entity 'clk_wiz_1_clk_wiz'
INFO: [VRFC 10-3107] analyzing entity 'clk_wiz_1'
INFO: [VRFC 10-163] Analyzing VHDL file "C:/vivado/Snake_VGA_MIPS/Snake_VGA_MIPS.srcs/sources_1/imports/MIPS-2023/JR_detect.vhd" into library xil_defaultlib
INFO: [VRFC 10-3107] analyzing entity 'JR_detect'
INFO: [VRFC 10-163] Analyzing VHDL file "C:/vivado/Snake_VGA_MIPS/Snake_VGA_MIPS.srcs/sources_1/imports/MIPS-2023/alu.vhd" into library xil_defaultlib
INFO: [VRFC 10-3107] analyzing entity 'alu'
INFO: [VRFC 10-163] Analyzing VHDL file "C:/vivado/Snake_VGA_MIPS/Snake_VGA_MIPS.srcs/sources_1/imports/MIPS-2023/alu_control.vhd" into library xil_defaultlib
INFO: [VRFC 10-3107] analyzing entity 'alu_control'
INFO: [VRFC 10-163] Analyzing VHDL file "C:/vivado/Snake_VGA_MIPS/Snake_VGA_MIPS.srcs/sources_1/imports/MIPS-2023/alu_parcial.vhd" into library xil_defaultlib
INFO: [VRFC 10-3107] analyzing entity 'alu_parcial'
INFO: [VRFC 10-163] Analyzing VHDL file "C:/vivado/Snake_VGA_MIPS/Snake_VGA_MIPS.srcs/sources_1/imports/MIPS-2023/barrel_shifter.vhd" into library xil_defaultlib
INFO: [VRFC 10-3107] analyzing entity 'barrel_shifter'
INFO: [VRFC 10-163] Analyzing VHDL file "C:/vivado/Snake_VGA_MIPS/Snake_VGA_MIPS.srcs/sources_1/imports/MIPS-2023/control1.vhd" into library xil_defaultlib
INFO: [VRFC 10-3107] analyzing entity 'control1'
INFO: [VRFC 10-163] Analyzing VHDL file "C:/vivado/Snake_VGA_MIPS/Snake_VGA_MIPS.srcs/sources_1/imports/MIPS-2023/control_branch.vhd" into library xil_defaultlib
INFO: [VRFC 10-3107] analyzing entity 'control_branch'
INFO: [VRFC 10-163] Analyzing VHDL file "C:/vivado/Snake_VGA_MIPS/Snake_VGA_MIPS.srcs/sources_1/imports/MIPS-2023/general.vhd" into library xil_defaultlib
INFO: [VRFC 10-163] Analyzing VHDL file "C:/vivado/Snake_VGA_MIPS/Snake_VGA_MIPS.srcs/sources_1/imports/MIPS-2023/control_prog.vhd" into library xil_defaultlib
INFO: [VRFC 10-3107] analyzing entity 'control_prog'
INFO: [VRFC 10-163] Analyzing VHDL file "C:/vivado/Snake_VGA_MIPS/Snake_VGA_MIPS.srcs/sources_1/imports/MIPS-2023/decodificador.vhd" into library xil_defaultlib
INFO: [VRFC 10-3107] analyzing entity 'decodificador'
INFO: [VRFC 10-163] Analyzing VHDL file "C:/vivado/Snake_VGA_MIPS/Snake_VGA_MIPS.srcs/sources_1/imports/MIPS-2023/entrada.vhd" into library xil_defaultlib
INFO: [VRFC 10-3107] analyzing entity 'entrada'
INFO: [VRFC 10-163] Analyzing VHDL file "C:/vivado/Snake_VGA_MIPS/Snake_VGA_MIPS.srcs/sources_1/imports/MIPS-2023/exten_signo_cero.vhd" into library xil_defaultlib
INFO: [VRFC 10-3107] analyzing entity 'exten_signo_cero'
INFO: [VRFC 10-163] Analyzing VHDL file "C:/vivado/Snake_VGA_MIPS/Snake_VGA_MIPS.srcs/sources_1/new/frame_counter.vhd" into library xil_defaultlib
INFO: [VRFC 10-3107] analyzing entity 'frame_counter'
INFO: [VRFC 10-163] Analyzing VHDL file "C:/vivado/Snake_VGA_MIPS/Snake_VGA_MIPS.srcs/sources_1/imports/MIPS-2023/md.vhd" into library xil_defaultlib
INFO: [VRFC 10-3107] analyzing entity 'md'
INFO: [VRFC 10-163] Analyzing VHDL file "C:/vivado/Snake_VGA_MIPS/Snake_VGA_MIPS.srcs/sources_1/imports/MIPS-2023/md_io.vhd" into library xil_defaultlib
INFO: [VRFC 10-3107] analyzing entity 'md_io'
INFO: [VRFC 10-163] Analyzing VHDL file "C:/vivado/Snake_VGA_MIPS/Snake_VGA_MIPS.srcs/sources_1/imports/MIPS-2023/mi.vhd" into library xil_defaultlib
INFO: [VRFC 10-3107] analyzing entity 'mi'
INFO: [VRFC 10-163] Analyzing VHDL file "C:/vivado/Snake_VGA_MIPS/Snake_VGA_MIPS.srcs/sources_1/imports/MIPS-2023/mips.vhd" into library xil_defaultlib
INFO: [VRFC 10-3107] analyzing entity 'mips'
INFO: [VRFC 10-163] Analyzing VHDL file "C:/vivado/Snake_VGA_MIPS/Snake_VGA_MIPS.srcs/sources_1/imports/MIPS-2023/mux32.vhd" into library xil_defaultlib
INFO: [VRFC 10-3107] analyzing entity 'mux32'
INFO: [VRFC 10-163] Analyzing VHDL file "C:/vivado/Snake_VGA_MIPS/Snake_VGA_MIPS.srcs/sources_1/imports/MIPS-2023/mux32_4a1.vhd" into library xil_defaultlib
INFO: [VRFC 10-3107] analyzing entity 'mux32_4a1'
INFO: [VRFC 10-163] Analyzing VHDL file "C:/vivado/Snake_VGA_MIPS/Snake_VGA_MIPS.srcs/sources_1/imports/MIPS-2023/mux5_4a1.vhd" into library xil_defaultlib
INFO: [VRFC 10-3107] analyzing entity 'mux5_4a1'
INFO: [VRFC 10-163] Analyzing VHDL file "C:/vivado/Snake_VGA_MIPS/Snake_VGA_MIPS.srcs/sources_1/imports/MIPS-2023/pc.vhd" into library xil_defaultlib
INFO: [VRFC 10-3107] analyzing entity 'pc'
INFO: [VRFC 10-163] Analyzing VHDL file "C:/vivado/Snake_VGA_MIPS/Snake_VGA_MIPS.srcs/sources_1/imports/MIPS-2023/prog.vhd" into library xil_defaultlib
INFO: [VRFC 10-3107] analyzing entity 'prog'
INFO: [VRFC 10-163] Analyzing VHDL file "C:/vivado/Snake_VGA_MIPS/Snake_VGA_MIPS.srcs/sources_1/imports/new/random.vhd" into library xil_defaultlib
INFO: [VRFC 10-3107] analyzing entity 'randomizador'
INFO: [VRFC 10-163] Analyzing VHDL file "C:/vivado/Snake_VGA_MIPS/Snake_VGA_MIPS.srcs/sources_1/imports/MIPS-2023/reg.vhd" into library xil_defaultlib
INFO: [VRFC 10-3107] analyzing entity 'reg'
INFO: [VRFC 10-163] Analyzing VHDL file "C:/vivado/Snake_VGA_MIPS/Snake_VGA_MIPS.srcs/sources_1/imports/MIPS-2023/salida_par.vhd" into library xil_defaultlib
INFO: [VRFC 10-3107] analyzing entity 'salida_par'
INFO: [VRFC 10-163] Analyzing VHDL file "C:/vivado/Snake_VGA_MIPS/Snake_VGA_MIPS.srcs/sources_1/imports/MIPS-2023/shift_left.vhd" into library xil_defaultlib
INFO: [VRFC 10-3107] analyzing entity 'shift_left'
INFO: [VRFC 10-163] Analyzing VHDL file "C:/vivado/Snake_VGA_MIPS/Snake_VGA_MIPS.srcs/sources_1/imports/MIPS-2023/shift_left16.vhd" into library xil_defaultlib
INFO: [VRFC 10-3107] analyzing entity 'shift_left16'
INFO: [VRFC 10-163] Analyzing VHDL file "C:/vivado/Snake_VGA_MIPS/Snake_VGA_MIPS.srcs/sources_1/imports/MIPS-2023/shift_left_j.vhd" into library xil_defaultlib
INFO: [VRFC 10-3107] analyzing entity 'shift_left_j'
INFO: [VRFC 10-163] Analyzing VHDL file "C:/vivado/Snake_VGA_MIPS/Snake_VGA_MIPS.srcs/sources_1/new/types.vhd" into library xil_defaultlib
INFO: [VRFC 10-163] Analyzing VHDL file "C:/vivado/Snake_VGA_MIPS/Snake_VGA_MIPS.srcs/sources_1/new/vga_sync_demo.vhd" into library xil_defaultlib
INFO: [VRFC 10-3107] analyzing entity 'vga_sync_demo'
INFO: [VRFC 10-163] Analyzing VHDL file "C:/vivado/Snake_VGA_MIPS/Snake_VGA_MIPS.srcs/sources_1/new/snake_vga.vhd" into library xil_defaultlib
INFO: [VRFC 10-3107] analyzing entity 'snake_vga_display'
INFO: [VRFC 10-163] Analyzing VHDL file "C:/vivado/Snake_VGA_MIPS/Snake_VGA_MIPS.srcs/sources_1/new/vga_demo_snake_btn.vhd" into library xil_defaultlib
INFO: [VRFC 10-3107] analyzing entity 'vga_demo_snake_btn'
INFO: [VRFC 10-163] Analyzing VHDL file "C:/vivado/Snake_VGA_MIPS/Snake_VGA_MIPS.srcs/sources_1/imports/MIPS-2023/suma_4.vhd" into library xil_defaultlib
INFO: [VRFC 10-3107] analyzing entity 'suma_4'
INFO: [VRFC 10-163] Analyzing VHDL file "C:/vivado/Snake_VGA_MIPS/Snake_VGA_MIPS.srcs/sources_1/imports/MIPS-2023/sumador32.vhd" into library xil_defaultlib
INFO: [VRFC 10-3107] analyzing entity 'sumador32'
INFO: [VRFC 10-163] Analyzing VHDL file "C:/vivado/Snake_VGA_MIPS/Snake_VGA_MIPS.srcs/sources_1/imports/MIPS-2023/uart_rx.vhd" into library xil_defaultlib
INFO: [VRFC 10-3107] analyzing entity 'uart_rx'
INFO: [VRFC 10-163] Analyzing VHDL file "C:/vivado/Snake_VGA_MIPS/Snake_VGA_MIPS.srcs/sources_1/imports/MIPS-2023/uart_tx.vhd" into library xil_defaultlib
INFO: [VRFC 10-3107] analyzing entity 'uart_tx'
INFO: [VRFC 10-163] Analyzing VHDL file "C:/vivado/Snake_VGA_MIPS/Snake_VGA_MIPS.srcs/sources_1/imports/MIPS-2023/mips_tb.vhd" into library xil_defaultlib
INFO: [VRFC 10-3107] analyzing entity 'mips_tb'
run_program: Time (s): cpu = 00:00:00 ; elapsed = 00:00:05 . Memory (MB): peak = 2311.652 ; gain = 0.000
INFO: [USF-XSim-69] 'compile' step finished in '5' seconds
INFO: [USF-XSim-3] XSim::Elaborate design
INFO: [USF-XSim-61] Executing 'ELABORATE' step in 'C:/vivado/Snake_VGA_MIPS/Snake_VGA_MIPS.sim/sim_1/behav/xsim'
"xelab --incr --debug typical --relax --mt 2 -L xil_defaultlib -L unisims_ver -L unimacro_ver -L secureip -L xpm --snapshot mips_tb_behav xil_defaultlib.mips_tb xil_defaultlib.glbl -log elaborate.log"
Vivado Simulator v2024.2.0
Copyright 1986-2022 Xilinx, Inc. All Rights Reserved.
Copyright 2022-2024 Advanced Micro Devices, Inc. All Rights Reserved.
Running: D:/Programs/Vivado/Vivado/2024.2/bin/unwrapped/win64.o/xelab.exe --incr --debug typical --relax --mt 2 -L xil_defaultlib -L unisims_ver -L unimacro_ver -L secureip -L xpm --snapshot mips_tb_behav xil_defaultlib.mips_tb xil_defaultlib.glbl -log elaborate.log 
Using 2 slave threads.
Starting static elaboration
Pass Through NonSizing Optimizer
Completed static elaboration
Starting simulation data flow analysis
Completed simulation data flow analysis
Time Resolution for simulation is 1ps
Compiling package std.standard
Compiling package std.textio
Compiling package ieee.std_logic_1164
Compiling package xil_defaultlib.general
Compiling package ieee.numeric_std
Compiling package unisim.vcomponents
Compiling package ieee.std_logic_arith
Compiling package ieee.std_logic_signed
Compiling package ieee.vital_timing
Compiling package ieee.vital_primitives
Compiling package unisim.vpkg
Compiling package ieee.std_logic_unsigned
Compiling package ieee.std_logic_textio
Compiling package xil_defaultlib.types_pkg
Compiling package ieee.math_real
Compiling module xil_defaultlib.glbl
Compiling architecture bufg_v of entity unisim.BUFG [bufg_default]
Compiling architecture ibuf_v of entity unisim.IBUF [\IBUF(1,9)(1,1)(1,4)(1,7)\]
Compiling architecture mmcme2_adv_v of entity unisim.MMCME2_ADV [\MMCME2_ADV(clkfbout_mult_f=8.0,...]
Compiling architecture structure of entity xil_defaultlib.clk_wiz_1_clk_wiz [clk_wiz_1_clk_wiz_default]
Compiling architecture structure of entity xil_defaultlib.clk_wiz_1 [clk_wiz_1_default]
Compiling architecture behavioral of entity xil_defaultlib.control_prog [control_prog_default]
Compiling architecture behavioral of entity xil_defaultlib.uart_tx [uart_tx_default]
Compiling architecture behavioral of entity xil_defaultlib.uart_rx [uart_rx_default]
Compiling architecture behavioral of entity xil_defaultlib.prog [prog_default]
Compiling architecture behavioral of entity xil_defaultlib.pc [pc_default]
Compiling architecture behavioral of entity xil_defaultlib.suma_4 [suma_4_default]
Compiling architecture behavioral of entity xil_defaultlib.mi [mi_default]
Compiling architecture behavioral of entity xil_defaultlib.mux5_4a1 [mux5_4a1_default]
Compiling architecture behavioral of entity xil_defaultlib.reg [reg_default]
Compiling architecture behavioral of entity xil_defaultlib.shift_left16 [shift_left16_default]
Compiling architecture behavioral of entity xil_defaultlib.alu_parcial [alu_parcial_default]
Compiling architecture rtl of entity xil_defaultlib.barrel_shifter [barrel_shifter_default]
Compiling architecture behavioral of entity xil_defaultlib.alu [alu_default]
Compiling architecture behavioral of entity xil_defaultlib.exten_signo_cero [exten_signo_cero_default]
Compiling architecture behavioral of entity xil_defaultlib.control_branch [control_branch_default]
Compiling architecture behavioral of entity xil_defaultlib.entrada [entrada_default]
Compiling architecture behavioral of entity xil_defaultlib.decodificador [decodificador_default]
Compiling architecture behavioral of entity xil_defaultlib.md [md_default]
Compiling architecture behavioral of entity xil_defaultlib.salida_par [salida_par_default]
Compiling architecture behavioral of entity xil_defaultlib.frame_counter [\frame_counter(hmax=800,vmax=525...]
Compiling architecture behavioral of entity xil_defaultlib.vga_sync_demo [vga_sync_demo_default]
Compiling architecture behavioral of entity xil_defaultlib.snake_vga_display [snake_vga_display_default]
Compiling architecture behavioral of entity xil_defaultlib.randomizador [\randomizador(n=64,defaultvalue=...]
Compiling architecture behavioral of entity xil_defaultlib.randomizador [\randomizador(n=48,defaultvalue=...]
Compiling architecture behavioral of entity xil_defaultlib.vga_demo_snake_btn [vga_demo_snake_btn_default]
Compiling architecture behavioral of entity xil_defaultlib.md_io [md_io_default]
Compiling architecture behavioral of entity xil_defaultlib.mux32 [mux32_default]
Compiling architecture behavioral of entity xil_defaultlib.mux32_4a1 [mux32_4a1_default]
Compiling architecture behavioral of entity xil_defaultlib.shift_left [shift_left_default]
Compiling architecture behavioral of entity xil_defaultlib.shift_left_j [shift_left_j_default]
Compiling architecture behavioral of entity xil_defaultlib.sumador32 [sumador32_default]
Compiling architecture behavioral of entity xil_defaultlib.alu_control [alu_control_default]
Compiling architecture behavioral of entity xil_defaultlib.JR_detect [jr_detect_default]
Compiling architecture behavioral of entity xil_defaultlib.control1 [control1_default]
Compiling architecture behavioral of entity xil_defaultlib.mips [mips_default]
Compiling architecture behavioral of entity xil_defaultlib.mips_tb
Built simulation snapshot mips_tb_behav
run_program: Time (s): cpu = 00:00:01 ; elapsed = 00:00:09 . Memory (MB): peak = 2311.652 ; gain = 0.000
INFO: [USF-XSim-69] 'elaborate' step finished in '9' seconds
INFO: [USF-XSim-4] XSim::Simulate design
INFO: [USF-XSim-61] Executing 'SIMULATE' step in 'C:/vivado/Snake_VGA_MIPS/Snake_VGA_MIPS.sim/sim_1/behav/xsim'
INFO: [USF-XSim-98] *** Running xsim
   with args "mips_tb_behav -key {Behavioral:sim_1:Functional:mips_tb} -tclbatch {mips_tb.tcl} -view {C:/vivado/Snake_VGA_MIPS/mips_tb_behav.wcfg} -log {simulate.log}"
INFO: [USF-XSim-8] Loading simulator feature
Time resolution is 1 ps
open_wave_config C:/vivado/Snake_VGA_MIPS/mips_tb_behav.wcfg
source mips_tb.tcl
# set curr_wave [current_wave_config]
# if { [string length $curr_wave] == 0 } {
#   if { [llength [get_objects]] > 0} {
#     add_wave /
#     set_property needs_save false [current_wave_config]
#   } else {
#      send_msg_id Add_Wave-1 WARNING "No top level signals found. Simulator will start without a wave window. If you want to open a wave window go to 'File->New Waveform Configuration' or type 'create_wave_config' in the TCL console."
#   }
# }
# run 1000ns
INFO: [USF-XSim-96] XSim completed. Design snapshot 'mips_tb_behav' loaded.
INFO: [USF-XSim-97] XSim simulation ran for 1000ns
launch_simulation: Time (s): cpu = 00:00:04 ; elapsed = 00:00:17 . Memory (MB): peak = 2312.438 ; gain = 0.785
save_wave_config {C:/vivado/Snake_VGA_MIPS/mips_tb_behav.wcfg}
close_sim
INFO: [Simtcl 6-16] Simulation closed
launch_simulation
Command: launch_simulation 
INFO: [Vivado 12-12493] Simulation top is 'mips_tb'
WARNING: [Vivado 12-13340] Unable to auto find GCC executables from simulator install path! (path not set)
INFO: [Vivado 12-5698] Checking validity of IPs in the design for the 'XSim' simulator...
INFO: [Vivado 12-5682] Launching behavioral simulation in 'C:/vivado/Snake_VGA_MIPS/Snake_VGA_MIPS.sim/sim_1/behav/xsim'
INFO: [Vivado 12-4795] Using compiled simulation libraries for IPs
INFO: [SIM-utils-51] Simulation object is 'sim_1'
INFO: [SIM-utils-72] Using boost library from 'D:/Programs/Vivado/Vivado/2024.2/tps/boost_1_72_0'
INFO: [USF-XSim-7] Finding pre-compiled libraries...
INFO: [USF-XSim-11] File 'D:/Programs/Vivado/Vivado/2024.2/data/xsim/xsim.ini' copied to run dir:'C:/vivado/Snake_VGA_MIPS/Snake_VGA_MIPS.sim/sim_1/behav/xsim'
INFO: [SIM-utils-54] Inspecting design source files for 'mips_tb' in fileset 'sim_1'...
INFO: [USF-XSim-97] Finding global include files...
INFO: [USF-XSim-98] Fetching design files from 'sim_1'...
INFO: [USF-XSim-2] XSim::Compile design
INFO: [USF-XSim-61] Executing 'COMPILE and ANALYZE' step in 'C:/vivado/Snake_VGA_MIPS/Snake_VGA_MIPS.sim/sim_1/behav/xsim'
"xvlog --incr --relax -prj mips_tb_vlog.prj"
"xvhdl --incr --relax -prj mips_tb_vhdl.prj"
INFO: [USF-XSim-69] 'compile' step finished in '4' seconds
INFO: [USF-XSim-3] XSim::Elaborate design
INFO: [USF-XSim-61] Executing 'ELABORATE' step in 'C:/vivado/Snake_VGA_MIPS/Snake_VGA_MIPS.sim/sim_1/behav/xsim'
"xelab --incr --debug typical --relax --mt 2 -L xil_defaultlib -L unisims_ver -L unimacro_ver -L secureip -L xpm --snapshot mips_tb_behav xil_defaultlib.mips_tb xil_defaultlib.glbl -log elaborate.log"
Vivado Simulator v2024.2.0
Copyright 1986-2022 Xilinx, Inc. All Rights Reserved.
Copyright 2022-2024 Advanced Micro Devices, Inc. All Rights Reserved.
Running: D:/Programs/Vivado/Vivado/2024.2/bin/unwrapped/win64.o/xelab.exe --incr --debug typical --relax --mt 2 -L xil_defaultlib -L unisims_ver -L unimacro_ver -L secureip -L xpm --snapshot mips_tb_behav xil_defaultlib.mips_tb xil_defaultlib.glbl -log elaborate.log 
Using 2 slave threads.
Starting static elaboration
Pass Through NonSizing Optimizer
Completed static elaboration
INFO: [XSIM 43-4323] No Change in HDL. Linking previously generated obj files to create kernel
INFO: [USF-XSim-69] 'elaborate' step finished in '3' seconds
INFO: [USF-XSim-4] XSim::Simulate design
INFO: [USF-XSim-61] Executing 'SIMULATE' step in 'C:/vivado/Snake_VGA_MIPS/Snake_VGA_MIPS.sim/sim_1/behav/xsim'
INFO: [USF-XSim-98] *** Running xsim
   with args "mips_tb_behav -key {Behavioral:sim_1:Functional:mips_tb} -tclbatch {mips_tb.tcl} -view {C:/vivado/Snake_VGA_MIPS/mips_tb_behav.wcfg} -log {simulate.log}"
INFO: [USF-XSim-8] Loading simulator feature
Time resolution is 1 ps
open_wave_config C:/vivado/Snake_VGA_MIPS/mips_tb_behav.wcfg
source mips_tb.tcl
# set curr_wave [current_wave_config]
# if { [string length $curr_wave] == 0 } {
#   if { [llength [get_objects]] > 0} {
#     add_wave /
#     set_property needs_save false [current_wave_config]
#   } else {
#      send_msg_id Add_Wave-1 WARNING "No top level signals found. Simulator will start without a wave window. If you want to open a wave window go to 'File->New Waveform Configuration' or type 'create_wave_config' in the TCL console."
#   }
# }
# run 1000ns
INFO: [USF-XSim-96] XSim completed. Design snapshot 'mips_tb_behav' loaded.
INFO: [USF-XSim-97] XSim simulation ran for 1000ns
launch_simulation: Time (s): cpu = 00:00:03 ; elapsed = 00:00:10 . Memory (MB): peak = 2312.438 ; gain = 0.000
WARNING: [filemgmt 56-199] Attempt to get parsing info during refresh. "On-the-fly" syntax checking information may be incorrect. [C:\vivado\Snake_VGA_MIPS\Snake_VGA_MIPS.srcs\sources_1\imports\MIPS-2023\mips_tb.vhd:]
WARNING: [filemgmt 56-199] Attempt to get parsing info during refresh. "On-the-fly" syntax checking information may be incorrect. [C:\vivado\Snake_VGA_MIPS\Snake_VGA_MIPS.srcs\sources_1\imports\MIPS-2023\md_io.vhd:]
WARNING: [filemgmt 56-199] Attempt to get parsing info during refresh. "On-the-fly" syntax checking information may be incorrect. [C:\vivado\Snake_VGA_MIPS\Snake_VGA_MIPS.srcs\sources_1\imports\MIPS-2023\md_io.vhd:]
WARNING: [filemgmt 56-199] Attempt to get parsing info during refresh. "On-the-fly" syntax checking information may be incorrect. [C:\vivado\Snake_VGA_MIPS\Snake_VGA_MIPS.srcs\sources_1\imports\MIPS-2023\md_io.vhd:]
ERROR: [Common 17-180] Spawn failed: No error
run 70 us
restart
INFO: [Wavedata 42-604] Simulation restarted
run 70 us
WARNING: [filemgmt 56-199] Attempt to get parsing info during refresh. "On-the-fly" syntax checking information may be incorrect. [C:\vivado\Snake_VGA_MIPS\Snake_VGA_MIPS.srcs\sources_1\imports\MIPS-2023\mips_tb.vhd:]
WARNING: [filemgmt 56-199] Attempt to get parsing info during refresh. "On-the-fly" syntax checking information may be incorrect. [C:\vivado\Snake_VGA_MIPS\Snake_VGA_MIPS.srcs\sources_1\imports\MIPS-2023\md_io.vhd:]
WARNING: [filemgmt 56-199] Attempt to get parsing info during refresh. "On-the-fly" syntax checking information may be incorrect. [C:\vivado\Snake_VGA_MIPS\Snake_VGA_MIPS.srcs\sources_1\imports\MIPS-2023\md_io.vhd:]
WARNING: [filemgmt 56-199] Attempt to get parsing info during refresh. "On-the-fly" syntax checking information may be incorrect. [C:\vivado\Snake_VGA_MIPS\Snake_VGA_MIPS.srcs\sources_1\imports\MIPS-2023\md_io.vhd:]
ERROR: [Common 17-180] Spawn failed: No error
save_wave_config {C:/vivado/Snake_VGA_MIPS/mips_tb_behav.wcfg}
close_sim
INFO: [Simtcl 6-16] Simulation closed
launch_simulation
Command: launch_simulation 
INFO: [Vivado 12-12493] Simulation top is 'mips_tb'
WARNING: [Vivado 12-13340] Unable to auto find GCC executables from simulator install path! (path not set)
INFO: [Vivado 12-5698] Checking validity of IPs in the design for the 'XSim' simulator...
INFO: [Vivado 12-5682] Launching behavioral simulation in 'C:/vivado/Snake_VGA_MIPS/Snake_VGA_MIPS.sim/sim_1/behav/xsim'
INFO: [Vivado 12-4795] Using compiled simulation libraries for IPs
INFO: [SIM-utils-51] Simulation object is 'sim_1'
INFO: [SIM-utils-72] Using boost library from 'D:/Programs/Vivado/Vivado/2024.2/tps/boost_1_72_0'
INFO: [USF-XSim-7] Finding pre-compiled libraries...
INFO: [USF-XSim-11] File 'D:/Programs/Vivado/Vivado/2024.2/data/xsim/xsim.ini' copied to run dir:'C:/vivado/Snake_VGA_MIPS/Snake_VGA_MIPS.sim/sim_1/behav/xsim'
INFO: [SIM-utils-54] Inspecting design source files for 'mips_tb' in fileset 'sim_1'...
INFO: [USF-XSim-97] Finding global include files...
INFO: [USF-XSim-98] Fetching design files from 'sim_1'...
INFO: [USF-XSim-2] XSim::Compile design
INFO: [USF-XSim-61] Executing 'COMPILE and ANALYZE' step in 'C:/vivado/Snake_VGA_MIPS/Snake_VGA_MIPS.sim/sim_1/behav/xsim'
"xvlog --incr --relax -prj mips_tb_vlog.prj"
"xvhdl --incr --relax -prj mips_tb_vhdl.prj"
INFO: [VRFC 10-163] Analyzing VHDL file "C:/vivado/Snake_VGA_MIPS/Snake_VGA_MIPS.srcs/sources_1/imports/MIPS-2023/md_io.vhd" into library xil_defaultlib
INFO: [VRFC 10-3107] analyzing entity 'md_io'
INFO: [USF-XSim-69] 'compile' step finished in '4' seconds
INFO: [USF-XSim-3] XSim::Elaborate design
INFO: [USF-XSim-61] Executing 'ELABORATE' step in 'C:/vivado/Snake_VGA_MIPS/Snake_VGA_MIPS.sim/sim_1/behav/xsim'
"xelab --incr --debug typical --relax --mt 2 -L xil_defaultlib -L unisims_ver -L unimacro_ver -L secureip -L xpm --snapshot mips_tb_behav xil_defaultlib.mips_tb xil_defaultlib.glbl -log elaborate.log"
Vivado Simulator v2024.2.0
Copyright 1986-2022 Xilinx, Inc. All Rights Reserved.
Copyright 2022-2024 Advanced Micro Devices, Inc. All Rights Reserved.
Running: D:/Programs/Vivado/Vivado/2024.2/bin/unwrapped/win64.o/xelab.exe --incr --debug typical --relax --mt 2 -L xil_defaultlib -L unisims_ver -L unimacro_ver -L secureip -L xpm --snapshot mips_tb_behav xil_defaultlib.mips_tb xil_defaultlib.glbl -log elaborate.log 
Using 2 slave threads.
Starting static elaboration
Pass Through NonSizing Optimizer
Completed static elaboration
Starting simulation data flow analysis
Completed simulation data flow analysis
Time Resolution for simulation is 1ps
Compiling package std.standard
Compiling package std.textio
Compiling package ieee.std_logic_1164
Compiling package xil_defaultlib.general
Compiling package ieee.numeric_std
Compiling package unisim.vcomponents
Compiling package ieee.std_logic_arith
Compiling package ieee.std_logic_signed
Compiling package ieee.vital_timing
Compiling package ieee.vital_primitives
Compiling package unisim.vpkg
Compiling package ieee.std_logic_unsigned
Compiling package ieee.std_logic_textio
Compiling package xil_defaultlib.types_pkg
Compiling package ieee.math_real
Compiling module xil_defaultlib.glbl
Compiling architecture bufg_v of entity unisim.BUFG [bufg_default]
Compiling architecture ibuf_v of entity unisim.IBUF [\IBUF(1,9)(1,1)(1,4)(1,7)\]
Compiling architecture mmcme2_adv_v of entity unisim.MMCME2_ADV [\MMCME2_ADV(clkfbout_mult_f=8.0,...]
Compiling architecture structure of entity xil_defaultlib.clk_wiz_1_clk_wiz [clk_wiz_1_clk_wiz_default]
Compiling architecture structure of entity xil_defaultlib.clk_wiz_1 [clk_wiz_1_default]
Compiling architecture behavioral of entity xil_defaultlib.control_prog [control_prog_default]
Compiling architecture behavioral of entity xil_defaultlib.uart_tx [uart_tx_default]
Compiling architecture behavioral of entity xil_defaultlib.uart_rx [uart_rx_default]
Compiling architecture behavioral of entity xil_defaultlib.prog [prog_default]
Compiling architecture behavioral of entity xil_defaultlib.pc [pc_default]
Compiling architecture behavioral of entity xil_defaultlib.suma_4 [suma_4_default]
Compiling architecture behavioral of entity xil_defaultlib.mi [mi_default]
Compiling architecture behavioral of entity xil_defaultlib.mux5_4a1 [mux5_4a1_default]
Compiling architecture behavioral of entity xil_defaultlib.reg [reg_default]
Compiling architecture behavioral of entity xil_defaultlib.shift_left16 [shift_left16_default]
Compiling architecture behavioral of entity xil_defaultlib.alu_parcial [alu_parcial_default]
Compiling architecture rtl of entity xil_defaultlib.barrel_shifter [barrel_shifter_default]
Compiling architecture behavioral of entity xil_defaultlib.alu [alu_default]
Compiling architecture behavioral of entity xil_defaultlib.exten_signo_cero [exten_signo_cero_default]
Compiling architecture behavioral of entity xil_defaultlib.control_branch [control_branch_default]
Compiling architecture behavioral of entity xil_defaultlib.entrada [entrada_default]
Compiling architecture behavioral of entity xil_defaultlib.decodificador [decodificador_default]
Compiling architecture behavioral of entity xil_defaultlib.md [md_default]
Compiling architecture behavioral of entity xil_defaultlib.salida_par [salida_par_default]
Compiling architecture behavioral of entity xil_defaultlib.frame_counter [\frame_counter(hmax=800,vmax=525...]
Compiling architecture behavioral of entity xil_defaultlib.vga_sync_demo [vga_sync_demo_default]
Compiling architecture behavioral of entity xil_defaultlib.snake_vga_display [snake_vga_display_default]
Compiling architecture behavioral of entity xil_defaultlib.randomizador [\randomizador(n=64,defaultvalue=...]
Compiling architecture behavioral of entity xil_defaultlib.randomizador [\randomizador(n=48,defaultvalue=...]
Compiling architecture behavioral of entity xil_defaultlib.vga_demo_snake_btn [vga_demo_snake_btn_default]
Compiling architecture behavioral of entity xil_defaultlib.md_io [md_io_default]
Compiling architecture behavioral of entity xil_defaultlib.mux32 [mux32_default]
Compiling architecture behavioral of entity xil_defaultlib.mux32_4a1 [mux32_4a1_default]
Compiling architecture behavioral of entity xil_defaultlib.shift_left [shift_left_default]
Compiling architecture behavioral of entity xil_defaultlib.shift_left_j [shift_left_j_default]
Compiling architecture behavioral of entity xil_defaultlib.sumador32 [sumador32_default]
Compiling architecture behavioral of entity xil_defaultlib.alu_control [alu_control_default]
Compiling architecture behavioral of entity xil_defaultlib.JR_detect [jr_detect_default]
Compiling architecture behavioral of entity xil_defaultlib.control1 [control1_default]
Compiling architecture behavioral of entity xil_defaultlib.mips [mips_default]
Compiling architecture behavioral of entity xil_defaultlib.mips_tb
Built simulation snapshot mips_tb_behav
run_program: Time (s): cpu = 00:00:01 ; elapsed = 00:00:09 . Memory (MB): peak = 2312.438 ; gain = 0.000
INFO: [USF-XSim-69] 'elaborate' step finished in '9' seconds
INFO: [USF-XSim-4] XSim::Simulate design
INFO: [USF-XSim-61] Executing 'SIMULATE' step in 'C:/vivado/Snake_VGA_MIPS/Snake_VGA_MIPS.sim/sim_1/behav/xsim'
INFO: [USF-XSim-98] *** Running xsim
   with args "mips_tb_behav -key {Behavioral:sim_1:Functional:mips_tb} -tclbatch {mips_tb.tcl} -view {C:/vivado/Snake_VGA_MIPS/mips_tb_behav.wcfg} -log {simulate.log}"
INFO: [USF-XSim-8] Loading simulator feature
Time resolution is 1 ps
open_wave_config C:/vivado/Snake_VGA_MIPS/mips_tb_behav.wcfg
source mips_tb.tcl
# set curr_wave [current_wave_config]
# if { [string length $curr_wave] == 0 } {
#   if { [llength [get_objects]] > 0} {
#     add_wave /
#     set_property needs_save false [current_wave_config]
#   } else {
#      send_msg_id Add_Wave-1 WARNING "No top level signals found. Simulator will start without a wave window. If you want to open a wave window go to 'File->New Waveform Configuration' or type 'create_wave_config' in the TCL console."
#   }
# }
# run 1000ns
INFO: [USF-XSim-96] XSim completed. Design snapshot 'mips_tb_behav' loaded.
INFO: [USF-XSim-97] XSim simulation ran for 1000ns
launch_simulation: Time (s): cpu = 00:00:04 ; elapsed = 00:00:15 . Memory (MB): peak = 2312.438 ; gain = 0.000
WARNING: [filemgmt 56-199] Attempt to get parsing info during refresh. "On-the-fly" syntax checking information may be incorrect. [C:\vivado\Snake_VGA_MIPS\Snake_VGA_MIPS.srcs\sources_1\imports\MIPS-2023\mips_tb.vhd:]
WARNING: [filemgmt 56-199] Attempt to get parsing info during refresh. "On-the-fly" syntax checking information may be incorrect. [C:\vivado\Snake_VGA_MIPS\Snake_VGA_MIPS.srcs\sources_1\imports\MIPS-2023\md_io.vhd:]
WARNING: [filemgmt 56-199] Attempt to get parsing info during refresh. "On-the-fly" syntax checking information may be incorrect. [C:\vivado\Snake_VGA_MIPS\Snake_VGA_MIPS.srcs\sources_1\imports\MIPS-2023\md_io.vhd:]
WARNING: [filemgmt 56-199] Attempt to get parsing info during refresh. "On-the-fly" syntax checking information may be incorrect. [C:\vivado\Snake_VGA_MIPS\Snake_VGA_MIPS.srcs\sources_1\imports\MIPS-2023\md_io.vhd:]
ERROR: [Common 17-180] Spawn failed: No error
run 70 us
close_sim
INFO: [Simtcl 6-16] Simulation closed
launch_simulation
Command: launch_simulation 
INFO: [Vivado 12-12493] Simulation top is 'mips_tb'
WARNING: [Vivado 12-13340] Unable to auto find GCC executables from simulator install path! (path not set)
INFO: [Vivado 12-5698] Checking validity of IPs in the design for the 'XSim' simulator...
INFO: [Vivado 12-5682] Launching behavioral simulation in 'C:/vivado/Snake_VGA_MIPS/Snake_VGA_MIPS.sim/sim_1/behav/xsim'
INFO: [Vivado 12-4795] Using compiled simulation libraries for IPs
INFO: [SIM-utils-51] Simulation object is 'sim_1'
INFO: [SIM-utils-72] Using boost library from 'D:/Programs/Vivado/Vivado/2024.2/tps/boost_1_72_0'
INFO: [USF-XSim-7] Finding pre-compiled libraries...
INFO: [USF-XSim-11] File 'D:/Programs/Vivado/Vivado/2024.2/data/xsim/xsim.ini' copied to run dir:'C:/vivado/Snake_VGA_MIPS/Snake_VGA_MIPS.sim/sim_1/behav/xsim'
INFO: [SIM-utils-54] Inspecting design source files for 'mips_tb' in fileset 'sim_1'...
INFO: [USF-XSim-97] Finding global include files...
INFO: [USF-XSim-98] Fetching design files from 'sim_1'...
INFO: [USF-XSim-2] XSim::Compile design
INFO: [USF-XSim-61] Executing 'COMPILE and ANALYZE' step in 'C:/vivado/Snake_VGA_MIPS/Snake_VGA_MIPS.sim/sim_1/behav/xsim'
"xvlog --incr --relax -prj mips_tb_vlog.prj"
"xvhdl --incr --relax -prj mips_tb_vhdl.prj"
INFO: [USF-XSim-69] 'compile' step finished in '4' seconds
INFO: [USF-XSim-3] XSim::Elaborate design
INFO: [USF-XSim-61] Executing 'ELABORATE' step in 'C:/vivado/Snake_VGA_MIPS/Snake_VGA_MIPS.sim/sim_1/behav/xsim'
"xelab --incr --debug typical --relax --mt 2 -L xil_defaultlib -L unisims_ver -L unimacro_ver -L secureip -L xpm --snapshot mips_tb_behav xil_defaultlib.mips_tb xil_defaultlib.glbl -log elaborate.log"
Vivado Simulator v2024.2.0
Copyright 1986-2022 Xilinx, Inc. All Rights Reserved.
Copyright 2022-2024 Advanced Micro Devices, Inc. All Rights Reserved.
Running: D:/Programs/Vivado/Vivado/2024.2/bin/unwrapped/win64.o/xelab.exe --incr --debug typical --relax --mt 2 -L xil_defaultlib -L unisims_ver -L unimacro_ver -L secureip -L xpm --snapshot mips_tb_behav xil_defaultlib.mips_tb xil_defaultlib.glbl -log elaborate.log 
Using 2 slave threads.
Starting static elaboration
Pass Through NonSizing Optimizer
Completed static elaboration
INFO: [XSIM 43-4323] No Change in HDL. Linking previously generated obj files to create kernel
INFO: [USF-XSim-69] 'elaborate' step finished in '3' seconds
INFO: [USF-XSim-4] XSim::Simulate design
INFO: [USF-XSim-61] Executing 'SIMULATE' step in 'C:/vivado/Snake_VGA_MIPS/Snake_VGA_MIPS.sim/sim_1/behav/xsim'
INFO: [USF-XSim-98] *** Running xsim
   with args "mips_tb_behav -key {Behavioral:sim_1:Functional:mips_tb} -tclbatch {mips_tb.tcl} -view {C:/vivado/Snake_VGA_MIPS/mips_tb_behav.wcfg} -log {simulate.log}"
INFO: [USF-XSim-8] Loading simulator feature
Time resolution is 1 ps
open_wave_config C:/vivado/Snake_VGA_MIPS/mips_tb_behav.wcfg
source mips_tb.tcl
# set curr_wave [current_wave_config]
# if { [string length $curr_wave] == 0 } {
#   if { [llength [get_objects]] > 0} {
#     add_wave /
#     set_property needs_save false [current_wave_config]
#   } else {
#      send_msg_id Add_Wave-1 WARNING "No top level signals found. Simulator will start without a wave window. If you want to open a wave window go to 'File->New Waveform Configuration' or type 'create_wave_config' in the TCL console."
#   }
# }
# run 1000ns
INFO: [USF-XSim-96] XSim completed. Design snapshot 'mips_tb_behav' loaded.
INFO: [USF-XSim-97] XSim simulation ran for 1000ns
launch_simulation: Time (s): cpu = 00:00:02 ; elapsed = 00:00:09 . Memory (MB): peak = 2312.438 ; gain = 0.000
run 70 us
close_sim
INFO: [Simtcl 6-16] Simulation closed
WARNING: [filemgmt 56-199] Attempt to get parsing info during refresh. "On-the-fly" syntax checking information may be incorrect. [C:\vivado\Snake_VGA_MIPS\Snake_VGA_MIPS.srcs\sources_1\imports\MIPS-2023\mips_tb.vhd:]
WARNING: [filemgmt 56-199] Attempt to get parsing info during refresh. "On-the-fly" syntax checking information may be incorrect. [C:\vivado\Snake_VGA_MIPS\Snake_VGA_MIPS.srcs\sources_1\imports\MIPS-2023\md_io.vhd:]
WARNING: [filemgmt 56-199] Attempt to get parsing info during refresh. "On-the-fly" syntax checking information may be incorrect. [C:\vivado\Snake_VGA_MIPS\Snake_VGA_MIPS.srcs\sources_1\imports\MIPS-2023\md_io.vhd:]
WARNING: [filemgmt 56-199] Attempt to get parsing info during refresh. "On-the-fly" syntax checking information may be incorrect. [C:\vivado\Snake_VGA_MIPS\Snake_VGA_MIPS.srcs\sources_1\imports\MIPS-2023\md_io.vhd:]
reset_simulation -simset sim_1 -mode post-synthesis -type functional
ERROR: [Common 17-180] Spawn failed: No error
WARNING: [filemgmt 56-199] Attempt to get parsing info during refresh. "On-the-fly" syntax checking information may be incorrect. [C:\vivado\Snake_VGA_MIPS\Snake_VGA_MIPS.srcs\sources_1\imports\MIPS-2023\mips_tb.vhd:]
WARNING: [filemgmt 56-199] Attempt to get parsing info during refresh. "On-the-fly" syntax checking information may be incorrect. [C:\vivado\Snake_VGA_MIPS\Snake_VGA_MIPS.srcs\sources_1\imports\MIPS-2023\md_io.vhd:]
WARNING: [filemgmt 56-199] Attempt to get parsing info during refresh. "On-the-fly" syntax checking information may be incorrect. [C:\vivado\Snake_VGA_MIPS\Snake_VGA_MIPS.srcs\sources_1\imports\MIPS-2023\mips_tb.vhd:]
WARNING: [filemgmt 56-199] Attempt to get parsing info during refresh. "On-the-fly" syntax checking information may be incorrect. [C:\vivado\Snake_VGA_MIPS\Snake_VGA_MIPS.srcs\sources_1\imports\MIPS-2023\mips_tb.vhd:]
WARNING: [filemgmt 56-199] Attempt to get parsing info during refresh. "On-the-fly" syntax checking information may be incorrect. [C:\vivado\Snake_VGA_MIPS\Snake_VGA_MIPS.srcs\sources_1\imports\MIPS-2023\mips_tb.vhd:]
WARNING: [filemgmt 56-199] Attempt to get parsing info during refresh. "On-the-fly" syntax checking information may be incorrect. [C:\vivado\Snake_VGA_MIPS\Snake_VGA_MIPS.srcs\sources_1\imports\MIPS-2023\md_io.vhd:]
WARNING: [filemgmt 56-199] Attempt to get parsing info during refresh. "On-the-fly" syntax checking information may be incorrect. [C:\vivado\Snake_VGA_MIPS\Snake_VGA_MIPS.srcs\sources_1\imports\MIPS-2023\md_io.vhd:]
WARNING: [filemgmt 56-199] Attempt to get parsing info during refresh. "On-the-fly" syntax checking information may be incorrect. [C:\vivado\Snake_VGA_MIPS\Snake_VGA_MIPS.srcs\sources_1\imports\MIPS-2023\md_io.vhd:]
ERROR: [Common 17-180] Spawn failed: No error
WARNING: [filemgmt 56-199] Attempt to get parsing info during refresh. "On-the-fly" syntax checking information may be incorrect. [C:\vivado\Snake_VGA_MIPS\Snake_VGA_MIPS.srcs\sources_1\imports\MIPS-2023\mips_tb.vhd:]
WARNING: [filemgmt 56-199] Attempt to get parsing info during refresh. "On-the-fly" syntax checking information may be incorrect. [C:\vivado\Snake_VGA_MIPS\Snake_VGA_MIPS.srcs\sources_1\imports\MIPS-2023\md_io.vhd:]
WARNING: [filemgmt 56-199] Attempt to get parsing info during refresh. "On-the-fly" syntax checking information may be incorrect. [C:\vivado\Snake_VGA_MIPS\Snake_VGA_MIPS.srcs\sources_1\imports\MIPS-2023\md_io.vhd:]
WARNING: [filemgmt 56-199] Attempt to get parsing info during refresh. "On-the-fly" syntax checking information may be incorrect. [C:\vivado\Snake_VGA_MIPS\Snake_VGA_MIPS.srcs\sources_1\imports\MIPS-2023\md_io.vhd:]
reset_simulation -simset sim_1 -mode post-synthesis -type timing
ERROR: [Common 17-180] Spawn failed: No error
WARNING: [filemgmt 56-199] Attempt to get parsing info during refresh. "On-the-fly" syntax checking information may be incorrect. [C:\vivado\Snake_VGA_MIPS\Snake_VGA_MIPS.srcs\sources_1\imports\MIPS-2023\mips_tb.vhd:]
WARNING: [filemgmt 56-199] Attempt to get parsing info during refresh. "On-the-fly" syntax checking information may be incorrect. [C:\vivado\Snake_VGA_MIPS\Snake_VGA_MIPS.srcs\sources_1\imports\MIPS-2023\md_io.vhd:]
WARNING: [filemgmt 56-199] Attempt to get parsing info during refresh. "On-the-fly" syntax checking information may be incorrect. [C:\vivado\Snake_VGA_MIPS\Snake_VGA_MIPS.srcs\sources_1\imports\MIPS-2023\md_io.vhd:]
WARNING: [filemgmt 56-199] Attempt to get parsing info during refresh. "On-the-fly" syntax checking information may be incorrect. [C:\vivado\Snake_VGA_MIPS\Snake_VGA_MIPS.srcs\sources_1\imports\MIPS-2023\md_io.vhd:]
ERROR: [Common 17-180] Spawn failed: No error
WARNING: [filemgmt 56-199] Attempt to get parsing info during refresh. "On-the-fly" syntax checking information may be incorrect. [C:\vivado\Snake_VGA_MIPS\Snake_VGA_MIPS.srcs\sources_1\imports\MIPS-2023\mips_tb.vhd:]
WARNING: [filemgmt 56-199] Attempt to get parsing info during refresh. "On-the-fly" syntax checking information may be incorrect. [C:\vivado\Snake_VGA_MIPS\Snake_VGA_MIPS.srcs\sources_1\imports\MIPS-2023\md_io.vhd:]
WARNING: [filemgmt 56-199] Attempt to get parsing info during refresh. "On-the-fly" syntax checking information may be incorrect. [C:\vivado\Snake_VGA_MIPS\Snake_VGA_MIPS.srcs\sources_1\imports\MIPS-2023\md_io.vhd:]
WARNING: [filemgmt 56-199] Attempt to get parsing info during refresh. "On-the-fly" syntax checking information may be incorrect. [C:\vivado\Snake_VGA_MIPS\Snake_VGA_MIPS.srcs\sources_1\imports\MIPS-2023\md_io.vhd:]
reset_simulation -simset sim_1 -mode post-implementation -type functional
WARNING: [filemgmt 56-199] Attempt to get parsing info during refresh. "On-the-fly" syntax checking information may be incorrect. [C:\vivado\Snake_VGA_MIPS\Snake_VGA_MIPS.srcs\sources_1\imports\MIPS-2023\mips_tb.vhd:]
WARNING: [filemgmt 56-199] Attempt to get parsing info during refresh. "On-the-fly" syntax checking information may be incorrect. [C:\vivado\Snake_VGA_MIPS\Snake_VGA_MIPS.srcs\sources_1\imports\MIPS-2023\md_io.vhd:]
WARNING: [filemgmt 56-199] Attempt to get parsing info during refresh. "On-the-fly" syntax checking information may be incorrect. [C:\vivado\Snake_VGA_MIPS\Snake_VGA_MIPS.srcs\sources_1\imports\MIPS-2023\md_io.vhd:]
WARNING: [filemgmt 56-199] Attempt to get parsing info during refresh. "On-the-fly" syntax checking information may be incorrect. [C:\vivado\Snake_VGA_MIPS\Snake_VGA_MIPS.srcs\sources_1\imports\MIPS-2023\md_io.vhd:]
ERROR: [Common 17-180] Spawn failed: No error
WARNING: [filemgmt 56-199] Attempt to get parsing info during refresh. "On-the-fly" syntax checking information may be incorrect. [C:\vivado\Snake_VGA_MIPS\Snake_VGA_MIPS.srcs\sources_1\imports\MIPS-2023\mips_tb.vhd:]
WARNING: [filemgmt 56-199] Attempt to get parsing info during refresh. "On-the-fly" syntax checking information may be incorrect. [C:\vivado\Snake_VGA_MIPS\Snake_VGA_MIPS.srcs\sources_1\imports\MIPS-2023\md_io.vhd:]
WARNING: [filemgmt 56-199] Attempt to get parsing info during refresh. "On-the-fly" syntax checking information may be incorrect. [C:\vivado\Snake_VGA_MIPS\Snake_VGA_MIPS.srcs\sources_1\imports\MIPS-2023\mips_tb.vhd:]
WARNING: [filemgmt 56-199] Attempt to get parsing info during refresh. "On-the-fly" syntax checking information may be incorrect. [C:\vivado\Snake_VGA_MIPS\Snake_VGA_MIPS.srcs\sources_1\imports\MIPS-2023\mips_tb.vhd:]
ERROR: [Common 17-180] Spawn failed: No error
WARNING: [filemgmt 56-199] Attempt to get parsing info during refresh. "On-the-fly" syntax checking information may be incorrect. [C:\vivado\Snake_VGA_MIPS\Snake_VGA_MIPS.srcs\sources_1\imports\MIPS-2023\mips_tb.vhd:]
WARNING: [filemgmt 56-199] Attempt to get parsing info during refresh. "On-the-fly" syntax checking information may be incorrect. [C:\vivado\Snake_VGA_MIPS\Snake_VGA_MIPS.srcs\sources_1\imports\MIPS-2023\md_io.vhd:]
WARNING: [filemgmt 56-199] Attempt to get parsing info during refresh. "On-the-fly" syntax checking information may be incorrect. [C:\vivado\Snake_VGA_MIPS\Snake_VGA_MIPS.srcs\sources_1\imports\MIPS-2023\md_io.vhd:]
WARNING: [filemgmt 56-199] Attempt to get parsing info during refresh. "On-the-fly" syntax checking information may be incorrect. [C:\vivado\Snake_VGA_MIPS\Snake_VGA_MIPS.srcs\sources_1\imports\MIPS-2023\md_io.vhd:]
reset_simulation -simset sim_1 -mode post-implementation -type timing
WARNING: [filemgmt 56-199] Attempt to get parsing info during refresh. "On-the-fly" syntax checking information may be incorrect. [C:\vivado\Snake_VGA_MIPS\Snake_VGA_MIPS.srcs\sources_1\imports\MIPS-2023\mips_tb.vhd:]
WARNING: [filemgmt 56-199] Attempt to get parsing info during refresh. "On-the-fly" syntax checking information may be incorrect. [C:\vivado\Snake_VGA_MIPS\Snake_VGA_MIPS.srcs\sources_1\imports\MIPS-2023\md_io.vhd:]
WARNING: [filemgmt 56-199] Attempt to get parsing info during refresh. "On-the-fly" syntax checking information may be incorrect. [C:\vivado\Snake_VGA_MIPS\Snake_VGA_MIPS.srcs\sources_1\imports\MIPS-2023\md_io.vhd:]
WARNING: [filemgmt 56-199] Attempt to get parsing info during refresh. "On-the-fly" syntax checking information may be incorrect. [C:\vivado\Snake_VGA_MIPS\Snake_VGA_MIPS.srcs\sources_1\imports\MIPS-2023\md_io.vhd:]
ERROR: [Common 17-180] Spawn failed: No error
WARNING: [filemgmt 56-199] Attempt to get parsing info during refresh. "On-the-fly" syntax checking information may be incorrect. [C:\vivado\Snake_VGA_MIPS\Snake_VGA_MIPS.srcs\sources_1\imports\MIPS-2023\mips_tb.vhd:]
WARNING: [filemgmt 56-199] Attempt to get parsing info during refresh. "On-the-fly" syntax checking information may be incorrect. [C:\vivado\Snake_VGA_MIPS\Snake_VGA_MIPS.srcs\sources_1\imports\MIPS-2023\md_io.vhd:]
WARNING: [filemgmt 56-199] Attempt to get parsing info during refresh. "On-the-fly" syntax checking information may be incorrect. [C:\vivado\Snake_VGA_MIPS\Snake_VGA_MIPS.srcs\sources_1\imports\MIPS-2023\mips_tb.vhd:]
WARNING: [filemgmt 56-199] Attempt to get parsing info during refresh. "On-the-fly" syntax checking information may be incorrect. [C:\vivado\Snake_VGA_MIPS\Snake_VGA_MIPS.srcs\sources_1\imports\MIPS-2023\mips_tb.vhd:]
ERROR: [Common 17-180] Spawn failed: No error
WARNING: [filemgmt 56-199] Attempt to get parsing info during refresh. "On-the-fly" syntax checking information may be incorrect. [C:\vivado\Snake_VGA_MIPS\Snake_VGA_MIPS.srcs\sources_1\imports\MIPS-2023\mips_tb.vhd:]
WARNING: [filemgmt 56-199] Attempt to get parsing info during refresh. "On-the-fly" syntax checking information may be incorrect. [C:\vivado\Snake_VGA_MIPS\Snake_VGA_MIPS.srcs\sources_1\imports\MIPS-2023\md_io.vhd:]
WARNING: [filemgmt 56-199] Attempt to get parsing info during refresh. "On-the-fly" syntax checking information may be incorrect. [C:\vivado\Snake_VGA_MIPS\Snake_VGA_MIPS.srcs\sources_1\imports\MIPS-2023\md_io.vhd:]
WARNING: [filemgmt 56-199] Attempt to get parsing info during refresh. "On-the-fly" syntax checking information may be incorrect. [C:\vivado\Snake_VGA_MIPS\Snake_VGA_MIPS.srcs\sources_1\imports\MIPS-2023\md_io.vhd:]
ERROR: [Common 17-180] Spawn failed: No error
reset_simulation -simset sim_1 -mode behavioral
INFO: [Vivado 12-2266] Removing simulation data...
INFO: [Vivado 12-2267] Reset complete
WARNING: [filemgmt 56-199] Attempt to get parsing info during refresh. "On-the-fly" syntax checking information may be incorrect. [C:\vivado\Snake_VGA_MIPS\Snake_VGA_MIPS.srcs\sources_1\imports\MIPS-2023\mips_tb.vhd:]
WARNING: [filemgmt 56-199] Attempt to get parsing info during refresh. "On-the-fly" syntax checking information may be incorrect. [C:\vivado\Snake_VGA_MIPS\Snake_VGA_MIPS.srcs\sources_1\imports\MIPS-2023\md_io.vhd:]
WARNING: [filemgmt 56-199] Attempt to get parsing info during refresh. "On-the-fly" syntax checking information may be incorrect. [C:\vivado\Snake_VGA_MIPS\Snake_VGA_MIPS.srcs\sources_1\imports\MIPS-2023\md_io.vhd:]
WARNING: [filemgmt 56-199] Attempt to get parsing info during refresh. "On-the-fly" syntax checking information may be incorrect. [C:\vivado\Snake_VGA_MIPS\Snake_VGA_MIPS.srcs\sources_1\imports\MIPS-2023\md_io.vhd:]
ERROR: [Common 17-180] Spawn failed: No error
launch_simulation
Command: launch_simulation 
INFO: [Vivado 12-12493] Simulation top is 'mips_tb'
WARNING: [Vivado 12-13340] Unable to auto find GCC executables from simulator install path! (path not set)
INFO: [Vivado 12-5698] Checking validity of IPs in the design for the 'XSim' simulator...
INFO: [Vivado 12-5682] Launching behavioral simulation in 'C:/vivado/Snake_VGA_MIPS/Snake_VGA_MIPS.sim/sim_1/behav/xsim'
INFO: [Vivado 12-4795] Using compiled simulation libraries for IPs
INFO: [SIM-utils-51] Simulation object is 'sim_1'
INFO: [SIM-utils-72] Using boost library from 'D:/Programs/Vivado/Vivado/2024.2/tps/boost_1_72_0'
INFO: [USF-XSim-7] Finding pre-compiled libraries...
INFO: [USF-XSim-11] File 'D:/Programs/Vivado/Vivado/2024.2/data/xsim/xsim.ini' copied to run dir:'C:/vivado/Snake_VGA_MIPS/Snake_VGA_MIPS.sim/sim_1/behav/xsim'
INFO: [SIM-utils-54] Inspecting design source files for 'mips_tb' in fileset 'sim_1'...
INFO: [USF-XSim-97] Finding global include files...
INFO: [USF-XSim-98] Fetching design files from 'sim_1'...
INFO: [USF-XSim-2] XSim::Compile design
INFO: [USF-XSim-61] Executing 'COMPILE and ANALYZE' step in 'C:/vivado/Snake_VGA_MIPS/Snake_VGA_MIPS.sim/sim_1/behav/xsim'
"xvlog --incr --relax -prj mips_tb_vlog.prj"
INFO: [VRFC 10-2263] Analyzing Verilog file "C:/vivado/Snake_VGA_MIPS/Snake_VGA_MIPS.sim/sim_1/behav/xsim/glbl.v" into library xil_defaultlib
INFO: [VRFC 10-311] analyzing module glbl
"xvhdl --incr --relax -prj mips_tb_vhdl.prj"
INFO: [VRFC 10-163] Analyzing VHDL file "C:/vivado/Snake_VGA_MIPS/Snake_VGA_MIPS.gen/sources_1/ip/clk_wiz_1/clk_wiz_1_sim_netlist.vhdl" into library xil_defaultlib
INFO: [VRFC 10-3107] analyzing entity 'clk_wiz_1_clk_wiz'
INFO: [VRFC 10-3107] analyzing entity 'clk_wiz_1'
INFO: [VRFC 10-163] Analyzing VHDL file "C:/vivado/Snake_VGA_MIPS/Snake_VGA_MIPS.srcs/sources_1/imports/MIPS-2023/JR_detect.vhd" into library xil_defaultlib
INFO: [VRFC 10-3107] analyzing entity 'JR_detect'
INFO: [VRFC 10-163] Analyzing VHDL file "C:/vivado/Snake_VGA_MIPS/Snake_VGA_MIPS.srcs/sources_1/imports/MIPS-2023/alu.vhd" into library xil_defaultlib
INFO: [VRFC 10-3107] analyzing entity 'alu'
INFO: [VRFC 10-163] Analyzing VHDL file "C:/vivado/Snake_VGA_MIPS/Snake_VGA_MIPS.srcs/sources_1/imports/MIPS-2023/alu_control.vhd" into library xil_defaultlib
INFO: [VRFC 10-3107] analyzing entity 'alu_control'
INFO: [VRFC 10-163] Analyzing VHDL file "C:/vivado/Snake_VGA_MIPS/Snake_VGA_MIPS.srcs/sources_1/imports/MIPS-2023/alu_parcial.vhd" into library xil_defaultlib
INFO: [VRFC 10-3107] analyzing entity 'alu_parcial'
INFO: [VRFC 10-163] Analyzing VHDL file "C:/vivado/Snake_VGA_MIPS/Snake_VGA_MIPS.srcs/sources_1/imports/MIPS-2023/barrel_shifter.vhd" into library xil_defaultlib
INFO: [VRFC 10-3107] analyzing entity 'barrel_shifter'
INFO: [VRFC 10-163] Analyzing VHDL file "C:/vivado/Snake_VGA_MIPS/Snake_VGA_MIPS.srcs/sources_1/imports/MIPS-2023/control1.vhd" into library xil_defaultlib
INFO: [VRFC 10-3107] analyzing entity 'control1'
INFO: [VRFC 10-163] Analyzing VHDL file "C:/vivado/Snake_VGA_MIPS/Snake_VGA_MIPS.srcs/sources_1/imports/MIPS-2023/control_branch.vhd" into library xil_defaultlib
INFO: [VRFC 10-3107] analyzing entity 'control_branch'
INFO: [VRFC 10-163] Analyzing VHDL file "C:/vivado/Snake_VGA_MIPS/Snake_VGA_MIPS.srcs/sources_1/imports/MIPS-2023/general.vhd" into library xil_defaultlib
INFO: [VRFC 10-163] Analyzing VHDL file "C:/vivado/Snake_VGA_MIPS/Snake_VGA_MIPS.srcs/sources_1/imports/MIPS-2023/control_prog.vhd" into library xil_defaultlib
INFO: [VRFC 10-3107] analyzing entity 'control_prog'
INFO: [VRFC 10-163] Analyzing VHDL file "C:/vivado/Snake_VGA_MIPS/Snake_VGA_MIPS.srcs/sources_1/imports/MIPS-2023/decodificador.vhd" into library xil_defaultlib
INFO: [VRFC 10-3107] analyzing entity 'decodificador'
INFO: [VRFC 10-163] Analyzing VHDL file "C:/vivado/Snake_VGA_MIPS/Snake_VGA_MIPS.srcs/sources_1/imports/MIPS-2023/entrada.vhd" into library xil_defaultlib
INFO: [VRFC 10-3107] analyzing entity 'entrada'
INFO: [VRFC 10-163] Analyzing VHDL file "C:/vivado/Snake_VGA_MIPS/Snake_VGA_MIPS.srcs/sources_1/imports/MIPS-2023/exten_signo_cero.vhd" into library xil_defaultlib
INFO: [VRFC 10-3107] analyzing entity 'exten_signo_cero'
INFO: [VRFC 10-163] Analyzing VHDL file "C:/vivado/Snake_VGA_MIPS/Snake_VGA_MIPS.srcs/sources_1/new/frame_counter.vhd" into library xil_defaultlib
INFO: [VRFC 10-3107] analyzing entity 'frame_counter'
INFO: [VRFC 10-163] Analyzing VHDL file "C:/vivado/Snake_VGA_MIPS/Snake_VGA_MIPS.srcs/sources_1/imports/MIPS-2023/md.vhd" into library xil_defaultlib
INFO: [VRFC 10-3107] analyzing entity 'md'
INFO: [VRFC 10-163] Analyzing VHDL file "C:/vivado/Snake_VGA_MIPS/Snake_VGA_MIPS.srcs/sources_1/imports/MIPS-2023/md_io.vhd" into library xil_defaultlib
INFO: [VRFC 10-3107] analyzing entity 'md_io'
INFO: [VRFC 10-163] Analyzing VHDL file "C:/vivado/Snake_VGA_MIPS/Snake_VGA_MIPS.srcs/sources_1/imports/MIPS-2023/mi.vhd" into library xil_defaultlib
INFO: [VRFC 10-3107] analyzing entity 'mi'
INFO: [VRFC 10-163] Analyzing VHDL file "C:/vivado/Snake_VGA_MIPS/Snake_VGA_MIPS.srcs/sources_1/imports/MIPS-2023/mips.vhd" into library xil_defaultlib
INFO: [VRFC 10-3107] analyzing entity 'mips'
INFO: [VRFC 10-163] Analyzing VHDL file "C:/vivado/Snake_VGA_MIPS/Snake_VGA_MIPS.srcs/sources_1/imports/MIPS-2023/mux32.vhd" into library xil_defaultlib
INFO: [VRFC 10-3107] analyzing entity 'mux32'
INFO: [VRFC 10-163] Analyzing VHDL file "C:/vivado/Snake_VGA_MIPS/Snake_VGA_MIPS.srcs/sources_1/imports/MIPS-2023/mux32_4a1.vhd" into library xil_defaultlib
INFO: [VRFC 10-3107] analyzing entity 'mux32_4a1'
INFO: [VRFC 10-163] Analyzing VHDL file "C:/vivado/Snake_VGA_MIPS/Snake_VGA_MIPS.srcs/sources_1/imports/MIPS-2023/mux5_4a1.vhd" into library xil_defaultlib
INFO: [VRFC 10-3107] analyzing entity 'mux5_4a1'
INFO: [VRFC 10-163] Analyzing VHDL file "C:/vivado/Snake_VGA_MIPS/Snake_VGA_MIPS.srcs/sources_1/imports/MIPS-2023/pc.vhd" into library xil_defaultlib
INFO: [VRFC 10-3107] analyzing entity 'pc'
INFO: [VRFC 10-163] Analyzing VHDL file "C:/vivado/Snake_VGA_MIPS/Snake_VGA_MIPS.srcs/sources_1/imports/MIPS-2023/prog.vhd" into library xil_defaultlib
INFO: [VRFC 10-3107] analyzing entity 'prog'
INFO: [VRFC 10-163] Analyzing VHDL file "C:/vivado/Snake_VGA_MIPS/Snake_VGA_MIPS.srcs/sources_1/imports/new/random.vhd" into library xil_defaultlib
INFO: [VRFC 10-3107] analyzing entity 'randomizador'
INFO: [VRFC 10-163] Analyzing VHDL file "C:/vivado/Snake_VGA_MIPS/Snake_VGA_MIPS.srcs/sources_1/imports/MIPS-2023/reg.vhd" into library xil_defaultlib
INFO: [VRFC 10-3107] analyzing entity 'reg'
INFO: [VRFC 10-163] Analyzing VHDL file "C:/vivado/Snake_VGA_MIPS/Snake_VGA_MIPS.srcs/sources_1/imports/MIPS-2023/salida_par.vhd" into library xil_defaultlib
INFO: [VRFC 10-3107] analyzing entity 'salida_par'
INFO: [VRFC 10-163] Analyzing VHDL file "C:/vivado/Snake_VGA_MIPS/Snake_VGA_MIPS.srcs/sources_1/imports/MIPS-2023/shift_left.vhd" into library xil_defaultlib
INFO: [VRFC 10-3107] analyzing entity 'shift_left'
INFO: [VRFC 10-163] Analyzing VHDL file "C:/vivado/Snake_VGA_MIPS/Snake_VGA_MIPS.srcs/sources_1/imports/MIPS-2023/shift_left16.vhd" into library xil_defaultlib
INFO: [VRFC 10-3107] analyzing entity 'shift_left16'
INFO: [VRFC 10-163] Analyzing VHDL file "C:/vivado/Snake_VGA_MIPS/Snake_VGA_MIPS.srcs/sources_1/imports/MIPS-2023/shift_left_j.vhd" into library xil_defaultlib
INFO: [VRFC 10-3107] analyzing entity 'shift_left_j'
INFO: [VRFC 10-163] Analyzing VHDL file "C:/vivado/Snake_VGA_MIPS/Snake_VGA_MIPS.srcs/sources_1/new/types.vhd" into library xil_defaultlib
INFO: [VRFC 10-163] Analyzing VHDL file "C:/vivado/Snake_VGA_MIPS/Snake_VGA_MIPS.srcs/sources_1/new/vga_sync_demo.vhd" into library xil_defaultlib
INFO: [VRFC 10-3107] analyzing entity 'vga_sync_demo'
INFO: [VRFC 10-163] Analyzing VHDL file "C:/vivado/Snake_VGA_MIPS/Snake_VGA_MIPS.srcs/sources_1/new/snake_vga.vhd" into library xil_defaultlib
INFO: [VRFC 10-3107] analyzing entity 'snake_vga_display'
INFO: [VRFC 10-163] Analyzing VHDL file "C:/vivado/Snake_VGA_MIPS/Snake_VGA_MIPS.srcs/sources_1/new/vga_demo_snake_btn.vhd" into library xil_defaultlib
INFO: [VRFC 10-3107] analyzing entity 'vga_demo_snake_btn'
INFO: [VRFC 10-163] Analyzing VHDL file "C:/vivado/Snake_VGA_MIPS/Snake_VGA_MIPS.srcs/sources_1/imports/MIPS-2023/suma_4.vhd" into library xil_defaultlib
INFO: [VRFC 10-3107] analyzing entity 'suma_4'
INFO: [VRFC 10-163] Analyzing VHDL file "C:/vivado/Snake_VGA_MIPS/Snake_VGA_MIPS.srcs/sources_1/imports/MIPS-2023/sumador32.vhd" into library xil_defaultlib
INFO: [VRFC 10-3107] analyzing entity 'sumador32'
INFO: [VRFC 10-163] Analyzing VHDL file "C:/vivado/Snake_VGA_MIPS/Snake_VGA_MIPS.srcs/sources_1/imports/MIPS-2023/uart_rx.vhd" into library xil_defaultlib
INFO: [VRFC 10-3107] analyzing entity 'uart_rx'
INFO: [VRFC 10-163] Analyzing VHDL file "C:/vivado/Snake_VGA_MIPS/Snake_VGA_MIPS.srcs/sources_1/imports/MIPS-2023/uart_tx.vhd" into library xil_defaultlib
INFO: [VRFC 10-3107] analyzing entity 'uart_tx'
INFO: [VRFC 10-163] Analyzing VHDL file "C:/vivado/Snake_VGA_MIPS/Snake_VGA_MIPS.srcs/sources_1/imports/MIPS-2023/mips_tb.vhd" into library xil_defaultlib
INFO: [VRFC 10-3107] analyzing entity 'mips_tb'
run_program: Time (s): cpu = 00:00:00 ; elapsed = 00:00:05 . Memory (MB): peak = 2312.438 ; gain = 0.000
INFO: [USF-XSim-69] 'compile' step finished in '5' seconds
INFO: [USF-XSim-3] XSim::Elaborate design
INFO: [USF-XSim-61] Executing 'ELABORATE' step in 'C:/vivado/Snake_VGA_MIPS/Snake_VGA_MIPS.sim/sim_1/behav/xsim'
"xelab --incr --debug typical --relax --mt 2 -L xil_defaultlib -L unisims_ver -L unimacro_ver -L secureip -L xpm --snapshot mips_tb_behav xil_defaultlib.mips_tb xil_defaultlib.glbl -log elaborate.log"
Vivado Simulator v2024.2.0
Copyright 1986-2022 Xilinx, Inc. All Rights Reserved.
Copyright 2022-2024 Advanced Micro Devices, Inc. All Rights Reserved.
Running: D:/Programs/Vivado/Vivado/2024.2/bin/unwrapped/win64.o/xelab.exe --incr --debug typical --relax --mt 2 -L xil_defaultlib -L unisims_ver -L unimacro_ver -L secureip -L xpm --snapshot mips_tb_behav xil_defaultlib.mips_tb xil_defaultlib.glbl -log elaborate.log 
Using 2 slave threads.
Starting static elaboration
Pass Through NonSizing Optimizer
Completed static elaboration
Starting simulation data flow analysis
Completed simulation data flow analysis
Time Resolution for simulation is 1ps
Compiling package std.standard
Compiling package std.textio
Compiling package ieee.std_logic_1164
Compiling package xil_defaultlib.general
Compiling package ieee.numeric_std
Compiling package unisim.vcomponents
Compiling package ieee.std_logic_arith
Compiling package ieee.std_logic_signed
Compiling package ieee.vital_timing
Compiling package ieee.vital_primitives
Compiling package unisim.vpkg
Compiling package ieee.std_logic_unsigned
Compiling package ieee.std_logic_textio
Compiling package xil_defaultlib.types_pkg
Compiling package ieee.math_real
Compiling module xil_defaultlib.glbl
Compiling architecture bufg_v of entity unisim.BUFG [bufg_default]
Compiling architecture ibuf_v of entity unisim.IBUF [\IBUF(1,9)(1,1)(1,4)(1,7)\]
Compiling architecture mmcme2_adv_v of entity unisim.MMCME2_ADV [\MMCME2_ADV(clkfbout_mult_f=8.0,...]
Compiling architecture structure of entity xil_defaultlib.clk_wiz_1_clk_wiz [clk_wiz_1_clk_wiz_default]
Compiling architecture structure of entity xil_defaultlib.clk_wiz_1 [clk_wiz_1_default]
Compiling architecture behavioral of entity xil_defaultlib.control_prog [control_prog_default]
Compiling architecture behavioral of entity xil_defaultlib.uart_tx [uart_tx_default]
Compiling architecture behavioral of entity xil_defaultlib.uart_rx [uart_rx_default]
Compiling architecture behavioral of entity xil_defaultlib.prog [prog_default]
Compiling architecture behavioral of entity xil_defaultlib.pc [pc_default]
Compiling architecture behavioral of entity xil_defaultlib.suma_4 [suma_4_default]
Compiling architecture behavioral of entity xil_defaultlib.mi [mi_default]
Compiling architecture behavioral of entity xil_defaultlib.mux5_4a1 [mux5_4a1_default]
Compiling architecture behavioral of entity xil_defaultlib.reg [reg_default]
Compiling architecture behavioral of entity xil_defaultlib.shift_left16 [shift_left16_default]
Compiling architecture behavioral of entity xil_defaultlib.alu_parcial [alu_parcial_default]
Compiling architecture rtl of entity xil_defaultlib.barrel_shifter [barrel_shifter_default]
Compiling architecture behavioral of entity xil_defaultlib.alu [alu_default]
Compiling architecture behavioral of entity xil_defaultlib.exten_signo_cero [exten_signo_cero_default]
Compiling architecture behavioral of entity xil_defaultlib.control_branch [control_branch_default]
Compiling architecture behavioral of entity xil_defaultlib.entrada [entrada_default]
Compiling architecture behavioral of entity xil_defaultlib.decodificador [decodificador_default]
Compiling architecture behavioral of entity xil_defaultlib.md [md_default]
Compiling architecture behavioral of entity xil_defaultlib.salida_par [salida_par_default]
Compiling architecture behavioral of entity xil_defaultlib.frame_counter [\frame_counter(hmax=800,vmax=525...]
Compiling architecture behavioral of entity xil_defaultlib.vga_sync_demo [vga_sync_demo_default]
Compiling architecture behavioral of entity xil_defaultlib.snake_vga_display [snake_vga_display_default]
Compiling architecture behavioral of entity xil_defaultlib.randomizador [\randomizador(n=64,defaultvalue=...]
Compiling architecture behavioral of entity xil_defaultlib.randomizador [\randomizador(n=48,defaultvalue=...]
Compiling architecture behavioral of entity xil_defaultlib.vga_demo_snake_btn [vga_demo_snake_btn_default]
Compiling architecture behavioral of entity xil_defaultlib.md_io [md_io_default]
Compiling architecture behavioral of entity xil_defaultlib.mux32 [mux32_default]
Compiling architecture behavioral of entity xil_defaultlib.mux32_4a1 [mux32_4a1_default]
Compiling architecture behavioral of entity xil_defaultlib.shift_left [shift_left_default]
Compiling architecture behavioral of entity xil_defaultlib.shift_left_j [shift_left_j_default]
Compiling architecture behavioral of entity xil_defaultlib.sumador32 [sumador32_default]
Compiling architecture behavioral of entity xil_defaultlib.alu_control [alu_control_default]
Compiling architecture behavioral of entity xil_defaultlib.JR_detect [jr_detect_default]
Compiling architecture behavioral of entity xil_defaultlib.control1 [control1_default]
Compiling architecture behavioral of entity xil_defaultlib.mips [mips_default]
Compiling architecture behavioral of entity xil_defaultlib.mips_tb
Built simulation snapshot mips_tb_behav
run_program: Time (s): cpu = 00:00:00 ; elapsed = 00:00:07 . Memory (MB): peak = 2312.438 ; gain = 0.000
INFO: [USF-XSim-69] 'elaborate' step finished in '7' seconds
INFO: [USF-XSim-4] XSim::Simulate design
INFO: [USF-XSim-61] Executing 'SIMULATE' step in 'C:/vivado/Snake_VGA_MIPS/Snake_VGA_MIPS.sim/sim_1/behav/xsim'
INFO: [USF-XSim-98] *** Running xsim
   with args "mips_tb_behav -key {Behavioral:sim_1:Functional:mips_tb} -tclbatch {mips_tb.tcl} -view {C:/vivado/Snake_VGA_MIPS/mips_tb_behav.wcfg} -log {simulate.log}"
INFO: [USF-XSim-8] Loading simulator feature
Time resolution is 1 ps
open_wave_config C:/vivado/Snake_VGA_MIPS/mips_tb_behav.wcfg
source mips_tb.tcl
# set curr_wave [current_wave_config]
# if { [string length $curr_wave] == 0 } {
#   if { [llength [get_objects]] > 0} {
#     add_wave /
#     set_property needs_save false [current_wave_config]
#   } else {
#      send_msg_id Add_Wave-1 WARNING "No top level signals found. Simulator will start without a wave window. If you want to open a wave window go to 'File->New Waveform Configuration' or type 'create_wave_config' in the TCL console."
#   }
# }
# run 1000ns
INFO: [USF-XSim-96] XSim completed. Design snapshot 'mips_tb_behav' loaded.
INFO: [USF-XSim-97] XSim simulation ran for 1000ns
launch_simulation: Time (s): cpu = 00:00:03 ; elapsed = 00:00:15 . Memory (MB): peak = 2312.438 ; gain = 0.000
run 70 us
save_wave_config {C:/vivado/Snake_VGA_MIPS/mips_tb_behav.wcfg}
WARNING: [filemgmt 56-199] Attempt to get parsing info during refresh. "On-the-fly" syntax checking information may be incorrect. [C:\vivado\Snake_VGA_MIPS\Snake_VGA_MIPS.srcs\sources_1\imports\MIPS-2023\mips_tb.vhd:]
WARNING: [filemgmt 56-199] Attempt to get parsing info during refresh. "On-the-fly" syntax checking information may be incorrect. [C:\vivado\Snake_VGA_MIPS\Snake_VGA_MIPS.srcs\sources_1\imports\MIPS-2023\md_io.vhd:]
WARNING: [filemgmt 56-199] Attempt to get parsing info during refresh. "On-the-fly" syntax checking information may be incorrect. [C:\vivado\Snake_VGA_MIPS\Snake_VGA_MIPS.srcs\sources_1\imports\MIPS-2023\md_io.vhd:]
WARNING: [filemgmt 56-199] Attempt to get parsing info during refresh. "On-the-fly" syntax checking information may be incorrect. [C:\vivado\Snake_VGA_MIPS\Snake_VGA_MIPS.srcs\sources_1\imports\MIPS-2023\md_io.vhd:]
ERROR: [Common 17-180] Spawn failed: No error
WARNING: [filemgmt 56-199] Attempt to get parsing info during refresh. "On-the-fly" syntax checking information may be incorrect. [C:\vivado\Snake_VGA_MIPS\Snake_VGA_MIPS.srcs\sources_1\imports\MIPS-2023\mips_tb.vhd:]
WARNING: [filemgmt 56-199] Attempt to get parsing info during refresh. "On-the-fly" syntax checking information may be incorrect. [C:\vivado\Snake_VGA_MIPS\Snake_VGA_MIPS.srcs\sources_1\new\vga_demo_snake_btn.vhd:]
WARNING: [filemgmt 56-199] Attempt to get parsing info during refresh. "On-the-fly" syntax checking information may be incorrect. [C:\vivado\Snake_VGA_MIPS\Snake_VGA_MIPS.srcs\sources_1\imports\MIPS-2023\md_io.vhd:]
WARNING: [filemgmt 56-199] Attempt to get parsing info during refresh. "On-the-fly" syntax checking information may be incorrect. [C:\vivado\Snake_VGA_MIPS\Snake_VGA_MIPS.srcs\sources_1\imports\MIPS-2023\md_io.vhd:]
WARNING: [filemgmt 56-199] Attempt to get parsing info during refresh. "On-the-fly" syntax checking information may be incorrect. [C:\vivado\Snake_VGA_MIPS\Snake_VGA_MIPS.srcs\sources_1\imports\MIPS-2023\md_io.vhd:]
WARNING: [filemgmt 56-199] Attempt to get parsing info during refresh. "On-the-fly" syntax checking information may be incorrect. [C:\vivado\Snake_VGA_MIPS\Snake_VGA_MIPS.srcs\sources_1\imports\MIPS-2023\mips_tb.vhd:]
WARNING: [filemgmt 56-199] Attempt to get parsing info during refresh. "On-the-fly" syntax checking information may be incorrect. [C:\vivado\Snake_VGA_MIPS\Snake_VGA_MIPS.srcs\sources_1\new\vga_demo_snake_btn.vhd:]
WARNING: [filemgmt 56-199] Attempt to get parsing info during refresh. "On-the-fly" syntax checking information may be incorrect. [C:\vivado\Snake_VGA_MIPS\Snake_VGA_MIPS.srcs\sources_1\imports\MIPS-2023\md_io.vhd:]
WARNING: [filemgmt 56-199] Attempt to get parsing info during refresh. "On-the-fly" syntax checking information may be incorrect. [C:\vivado\Snake_VGA_MIPS\Snake_VGA_MIPS.srcs\sources_1\new\vga_demo_snake_btn.vhd:]
WARNING: [filemgmt 56-199] Attempt to get parsing info during refresh. "On-the-fly" syntax checking information may be incorrect. [C:\vivado\Snake_VGA_MIPS\Snake_VGA_MIPS.srcs\sources_1\new\vga_demo_snake_btn.vhd:]
reset_run synth_1
INFO: [Project 1-1161] Replacing file C:/vivado/Snake_VGA_MIPS/Snake_VGA_MIPS.srcs/utils_1/imports/synth_1/vga_sync_demo.dcp with file C:/vivado/Snake_VGA_MIPS/Snake_VGA_MIPS.runs/synth_1/mips.dcp
WARNING: [Vivado 12-1017] Problems encountered:
1. Failed to delete one or more files in run directory C:/vivado/Snake_VGA_MIPS/Snake_VGA_MIPS.runs/synth_1

launch_runs synth_1 -jobs 6
[Mon Jun  2 20:36:17 2025] Launched synth_1...
Run output will be captured here: C:/vivado/Snake_VGA_MIPS/Snake_VGA_MIPS.runs/synth_1/runme.log
WARNING: [filemgmt 56-199] Attempt to get parsing info during refresh. "On-the-fly" syntax checking information may be incorrect. [C:\vivado\Snake_VGA_MIPS\Snake_VGA_MIPS.srcs\sources_1\imports\MIPS-2023\mips_tb.vhd:]
WARNING: [filemgmt 56-199] Attempt to get parsing info during refresh. "On-the-fly" syntax checking information may be incorrect. [C:\vivado\Snake_VGA_MIPS\Snake_VGA_MIPS.srcs\sources_1\new\vga_demo_snake_btn.vhd:]
WARNING: [filemgmt 56-199] Attempt to get parsing info during refresh. "On-the-fly" syntax checking information may be incorrect. [C:\vivado\Snake_VGA_MIPS\Snake_VGA_MIPS.srcs\sources_1\imports\MIPS-2023\md_io.vhd:]
WARNING: [filemgmt 56-199] Attempt to get parsing info during refresh. "On-the-fly" syntax checking information may be incorrect. [C:\vivado\Snake_VGA_MIPS\Snake_VGA_MIPS.srcs\sources_1\imports\MIPS-2023\md_io.vhd:]
WARNING: [filemgmt 56-199] Attempt to get parsing info during refresh. "On-the-fly" syntax checking information may be incorrect. [C:\vivado\Snake_VGA_MIPS\Snake_VGA_MIPS.srcs\sources_1\imports\MIPS-2023\md_io.vhd:]
WARNING: [filemgmt 56-199] Attempt to get parsing info during refresh. "On-the-fly" syntax checking information may be incorrect. [C:\vivado\Snake_VGA_MIPS\Snake_VGA_MIPS.srcs\sources_1\imports\MIPS-2023\mips_tb.vhd:]
WARNING: [filemgmt 56-199] Attempt to get parsing info during refresh. "On-the-fly" syntax checking information may be incorrect. [C:\vivado\Snake_VGA_MIPS\Snake_VGA_MIPS.srcs\sources_1\new\vga_demo_snake_btn.vhd:]
WARNING: [filemgmt 56-199] Attempt to get parsing info during refresh. "On-the-fly" syntax checking information may be incorrect. [C:\vivado\Snake_VGA_MIPS\Snake_VGA_MIPS.srcs\sources_1\imports\MIPS-2023\md_io.vhd:]
WARNING: [filemgmt 56-199] Attempt to get parsing info during refresh. "On-the-fly" syntax checking information may be incorrect. [C:\vivado\Snake_VGA_MIPS\Snake_VGA_MIPS.srcs\sources_1\imports\MIPS-2023\mips_tb.vhd:]
WARNING: [filemgmt 56-199] Attempt to get parsing info during refresh. "On-the-fly" syntax checking information may be incorrect. [C:\vivado\Snake_VGA_MIPS\Snake_VGA_MIPS.srcs\sources_1\imports\MIPS-2023\mips_tb.vhd:]
launch_runs impl_1 -jobs 6
[Mon Jun  2 20:38:29 2025] Launched impl_1...
Run output will be captured here: C:/vivado/Snake_VGA_MIPS/Snake_VGA_MIPS.runs/impl_1/runme.log
reset_run impl_1
WARNING: [filemgmt 56-199] Attempt to get parsing info during refresh. "On-the-fly" syntax checking information may be incorrect. [C:\vivado\Snake_VGA_MIPS\Snake_VGA_MIPS.srcs\sources_1\imports\MIPS-2023\mips_tb.vhd:]
WARNING: [filemgmt 56-199] Attempt to get parsing info during refresh. "On-the-fly" syntax checking information may be incorrect. [C:\vivado\Snake_VGA_MIPS\Snake_VGA_MIPS.srcs\sources_1\new\vga_demo_snake_btn.vhd:]
WARNING: [filemgmt 56-199] Attempt to get parsing info during refresh. "On-the-fly" syntax checking information may be incorrect. [C:\vivado\Snake_VGA_MIPS\Snake_VGA_MIPS.srcs\sources_1\imports\MIPS-2023\md_io.vhd:]
WARNING: [filemgmt 56-199] Attempt to get parsing info during refresh. "On-the-fly" syntax checking information may be incorrect. [C:\vivado\Snake_VGA_MIPS\Snake_VGA_MIPS.srcs\sources_1\imports\MIPS-2023\md_io.vhd:]
WARNING: [filemgmt 56-199] Attempt to get parsing info during refresh. "On-the-fly" syntax checking information may be incorrect. [C:\vivado\Snake_VGA_MIPS\Snake_VGA_MIPS.srcs\sources_1\imports\MIPS-2023\md_io.vhd:]
WARNING: [filemgmt 56-199] Attempt to get parsing info during refresh. "On-the-fly" syntax checking information may be incorrect. [C:\vivado\Snake_VGA_MIPS\Snake_VGA_MIPS.srcs\sources_1\imports\MIPS-2023\mips_tb.vhd:]
WARNING: [filemgmt 56-199] Attempt to get parsing info during refresh. "On-the-fly" syntax checking information may be incorrect. [C:\vivado\Snake_VGA_MIPS\Snake_VGA_MIPS.srcs\sources_1\new\vga_demo_snake_btn.vhd:]
WARNING: [filemgmt 56-199] Attempt to get parsing info during refresh. "On-the-fly" syntax checking information may be incorrect. [C:\vivado\Snake_VGA_MIPS\Snake_VGA_MIPS.srcs\sources_1\imports\MIPS-2023\md_io.vhd:]
WARNING: [filemgmt 56-199] Attempt to get parsing info during refresh. "On-the-fly" syntax checking information may be incorrect. [C:\vivado\Snake_VGA_MIPS\Snake_VGA_MIPS.srcs\sources_1\imports\MIPS-2023\mips_tb.vhd:]
WARNING: [filemgmt 56-199] Attempt to get parsing info during refresh. "On-the-fly" syntax checking information may be incorrect. [C:\vivado\Snake_VGA_MIPS\Snake_VGA_MIPS.srcs\sources_1\imports\MIPS-2023\mips_tb.vhd:]
reset_run synth_1
INFO: [Project 1-1161] Replacing file C:/vivado/Snake_VGA_MIPS/Snake_VGA_MIPS.srcs/utils_1/imports/synth_1/vga_sync_demo.dcp with file C:/vivado/Snake_VGA_MIPS/Snake_VGA_MIPS.runs/synth_1/mips.dcp
WARNING: [Vivado 12-1017] Problems encountered:
1. Failed to delete one or more files in run directory C:/vivado/Snake_VGA_MIPS/Snake_VGA_MIPS.runs/synth_1

launch_runs synth_1 -jobs 6
[Mon Jun  2 20:47:37 2025] Launched synth_1...
Run output will be captured here: C:/vivado/Snake_VGA_MIPS/Snake_VGA_MIPS.runs/synth_1/runme.log
WARNING: [filemgmt 56-199] Attempt to get parsing info during refresh. "On-the-fly" syntax checking information may be incorrect. [C:\vivado\Snake_VGA_MIPS\Snake_VGA_MIPS.srcs\sources_1\imports\MIPS-2023\mips_tb.vhd:]
WARNING: [filemgmt 56-199] Attempt to get parsing info during refresh. "On-the-fly" syntax checking information may be incorrect. [C:\vivado\Snake_VGA_MIPS\Snake_VGA_MIPS.srcs\sources_1\new\vga_demo_snake_btn.vhd:]
WARNING: [filemgmt 56-199] Attempt to get parsing info during refresh. "On-the-fly" syntax checking information may be incorrect. [C:\vivado\Snake_VGA_MIPS\Snake_VGA_MIPS.srcs\sources_1\imports\MIPS-2023\md_io.vhd:]
WARNING: [filemgmt 56-199] Attempt to get parsing info during refresh. "On-the-fly" syntax checking information may be incorrect. [C:\vivado\Snake_VGA_MIPS\Snake_VGA_MIPS.srcs\sources_1\imports\MIPS-2023\md_io.vhd:]
WARNING: [filemgmt 56-199] Attempt to get parsing info during refresh. "On-the-fly" syntax checking information may be incorrect. [C:\vivado\Snake_VGA_MIPS\Snake_VGA_MIPS.srcs\sources_1\imports\MIPS-2023\md_io.vhd:]
WARNING: [filemgmt 56-199] Attempt to get parsing info during refresh. "On-the-fly" syntax checking information may be incorrect. [C:\vivado\Snake_VGA_MIPS\Snake_VGA_MIPS.srcs\sources_1\imports\MIPS-2023\mips_tb.vhd:]
WARNING: [filemgmt 56-199] Attempt to get parsing info during refresh. "On-the-fly" syntax checking information may be incorrect. [C:\vivado\Snake_VGA_MIPS\Snake_VGA_MIPS.srcs\sources_1\new\vga_demo_snake_btn.vhd:]
WARNING: [filemgmt 56-199] Attempt to get parsing info during refresh. "On-the-fly" syntax checking information may be incorrect. [C:\vivado\Snake_VGA_MIPS\Snake_VGA_MIPS.srcs\sources_1\imports\MIPS-2023\md_io.vhd:]
WARNING: [filemgmt 56-199] Attempt to get parsing info during refresh. "On-the-fly" syntax checking information may be incorrect. [C:\vivado\Snake_VGA_MIPS\Snake_VGA_MIPS.srcs\sources_1\new\vga_demo_snake_btn.vhd:]
WARNING: [filemgmt 56-199] Attempt to get parsing info during refresh. "On-the-fly" syntax checking information may be incorrect. [C:\vivado\Snake_VGA_MIPS\Snake_VGA_MIPS.srcs\sources_1\new\vga_demo_snake_btn.vhd:]
launch_runs impl_1 -jobs 6
[Mon Jun  2 20:51:06 2025] Launched impl_1...
Run output will be captured here: C:/vivado/Snake_VGA_MIPS/Snake_VGA_MIPS.runs/impl_1/runme.log
launch_runs impl_1 -to_step write_bitstream -jobs 6
[Mon Jun  2 20:58:34 2025] Launched impl_1...
Run output will be captured here: C:/vivado/Snake_VGA_MIPS/Snake_VGA_MIPS.runs/impl_1/runme.log
open_hw_manager
connect_hw_server -allow_non_jtag
INFO: [Labtools 27-2285] Connecting to hw_server url TCP:localhost:3121
INFO: [Labtools 27-2222] Launching hw_server...
INFO: [Labtools 27-2221] Launch Output:

****** Xilinx hw_server v2024.2
  **** Build date : Oct 29 2024 at 10:25:41
    ** Copyright 1986-2022 Xilinx, Inc. All Rights Reserved.


INFO: [Labtools 27-3415] Connecting to cs_server url TCP:localhost:0
INFO: [Labtools 27-3417] Launching cs_server...
INFO: [Labtools 27-2221] Launch Output:


******** Xilinx cs_server v2024.2.0
  ****** Build date   : Oct 30 2024-15:19:07
    **** Build number : 2024.2.1730312347
      ** Copyright 2017-2022 Xilinx, Inc. All Rights Reserved.
      ** Copyright 2022-2025 Advanced Micro Devices, Inc. All Rights Reserved.



connect_hw_server: Time (s): cpu = 00:00:02 ; elapsed = 00:00:08 . Memory (MB): peak = 2322.520 ; gain = 0.000
open_hw_target
INFO: [Labtoolstcl 44-466] Opening hw_target localhost:3121/xilinx_tcf/Digilent/210279A430D0A
set_property PROGRAM.FILE {C:/vivado/Snake_VGA_MIPS/Snake_VGA_MIPS.runs/impl_1/mips.bit} [get_hw_devices xc7z010_1]
current_hw_device [get_hw_devices xc7z010_1]
refresh_hw_device -update_hw_probes false [lindex [get_hw_devices xc7z010_1] 0]
INFO: [Labtools 27-1434] Device xc7z010 (JTAG device index = 1) is programmed with a design that has no supported debug core(s) in it.
set_property PROBES.FILE {} [get_hw_devices xc7z010_1]
set_property FULL_PROBES.FILE {} [get_hw_devices xc7z010_1]
set_property PROGRAM.FILE {C:/vivado/Snake_VGA_MIPS/Snake_VGA_MIPS.runs/impl_1/mips.bit} [get_hw_devices xc7z010_1]
program_hw_devices [get_hw_devices xc7z010_1]
INFO: [Labtools 27-3164] End of startup status: HIGH
refresh_hw_device [lindex [get_hw_devices xc7z010_1] 0]
INFO: [Labtools 27-1434] Device xc7z010 (JTAG device index = 1) is programmed with a design that has no supported debug core(s) in it.
set_property PROBES.FILE {} [get_hw_devices xc7z010_1]
set_property FULL_PROBES.FILE {} [get_hw_devices xc7z010_1]
set_property PROGRAM.FILE {C:/vivado/Snake_VGA_MIPS/Snake_VGA_MIPS.runs/impl_1/mips.bit} [get_hw_devices xc7z010_1]
program_hw_devices [get_hw_devices xc7z010_1]
INFO: [Labtools 27-3164] End of startup status: HIGH
refresh_hw_device [lindex [get_hw_devices xc7z010_1] 0]
INFO: [Labtools 27-1434] Device xc7z010 (JTAG device index = 1) is programmed with a design that has no supported debug core(s) in it.
reset_run synth_1
INFO: [Project 1-1161] Replacing file C:/vivado/Snake_VGA_MIPS/Snake_VGA_MIPS.srcs/utils_1/imports/synth_1/vga_sync_demo.dcp with file C:/vivado/Snake_VGA_MIPS/Snake_VGA_MIPS.runs/synth_1/mips.dcp
WARNING: [Vivado 12-1017] Problems encountered:
1. Failed to delete one or more files in run directory C:/vivado/Snake_VGA_MIPS/Snake_VGA_MIPS.runs/synth_1

launch_runs synth_1 -jobs 6
[Mon Jun  2 21:13:29 2025] Launched synth_1...
Run output will be captured here: C:/vivado/Snake_VGA_MIPS/Snake_VGA_MIPS.runs/synth_1/runme.log
WARNING: [filemgmt 56-199] Attempt to get parsing info during refresh. "On-the-fly" syntax checking information may be incorrect. [C:\vivado\Snake_VGA_MIPS\Snake_VGA_MIPS.srcs\sources_1\imports\MIPS-2023\mips_tb.vhd:]
WARNING: [filemgmt 56-199] Attempt to get parsing info during refresh. "On-the-fly" syntax checking information may be incorrect. [C:\vivado\Snake_VGA_MIPS\Snake_VGA_MIPS.srcs\sources_1\new\vga_demo_snake_btn.vhd:]
WARNING: [filemgmt 56-199] Attempt to get parsing info during refresh. "On-the-fly" syntax checking information may be incorrect. [C:\vivado\Snake_VGA_MIPS\Snake_VGA_MIPS.srcs\sources_1\imports\MIPS-2023\md_io.vhd:]
WARNING: [filemgmt 56-199] Attempt to get parsing info during refresh. "On-the-fly" syntax checking information may be incorrect. [C:\vivado\Snake_VGA_MIPS\Snake_VGA_MIPS.srcs\sources_1\imports\MIPS-2023\md_io.vhd:]
WARNING: [filemgmt 56-199] Attempt to get parsing info during refresh. "On-the-fly" syntax checking information may be incorrect. [C:\vivado\Snake_VGA_MIPS\Snake_VGA_MIPS.srcs\sources_1\imports\MIPS-2023\md_io.vhd:]
WARNING: [filemgmt 56-199] Attempt to get parsing info during refresh. "On-the-fly" syntax checking information may be incorrect. [C:\vivado\Snake_VGA_MIPS\Snake_VGA_MIPS.srcs\sources_1\imports\MIPS-2023\mips_tb.vhd:]
WARNING: [filemgmt 56-199] Attempt to get parsing info during refresh. "On-the-fly" syntax checking information may be incorrect. [C:\vivado\Snake_VGA_MIPS\Snake_VGA_MIPS.srcs\sources_1\new\vga_demo_snake_btn.vhd:]
WARNING: [filemgmt 56-199] Attempt to get parsing info during refresh. "On-the-fly" syntax checking information may be incorrect. [C:\vivado\Snake_VGA_MIPS\Snake_VGA_MIPS.srcs\sources_1\imports\MIPS-2023\md_io.vhd:]
WARNING: [filemgmt 56-199] Attempt to get parsing info during refresh. "On-the-fly" syntax checking information may be incorrect. [C:\vivado\Snake_VGA_MIPS\Snake_VGA_MIPS.srcs\sources_1\new\vga_demo_snake_btn.vhd:]
WARNING: [filemgmt 56-199] Attempt to get parsing info during refresh. "On-the-fly" syntax checking information may be incorrect. [C:\vivado\Snake_VGA_MIPS\Snake_VGA_MIPS.srcs\sources_1\new\vga_demo_snake_btn.vhd:]
launch_runs impl_1 -jobs 6
[Mon Jun  2 21:18:13 2025] Launched impl_1...
Run output will be captured here: C:/vivado/Snake_VGA_MIPS/Snake_VGA_MIPS.runs/impl_1/runme.log
launch_runs impl_1 -to_step write_bitstream -jobs 6
[Mon Jun  2 21:23:14 2025] Launched impl_1...
Run output will be captured here: C:/vivado/Snake_VGA_MIPS/Snake_VGA_MIPS.runs/impl_1/runme.log
set_property PROBES.FILE {} [get_hw_devices xc7z010_1]
set_property FULL_PROBES.FILE {} [get_hw_devices xc7z010_1]
set_property PROGRAM.FILE {C:/vivado/Snake_VGA_MIPS/Snake_VGA_MIPS.runs/impl_1/mips.bit} [get_hw_devices xc7z010_1]
program_hw_devices [get_hw_devices xc7z010_1]
INFO: [Labtools 27-3164] End of startup status: HIGH
refresh_hw_device [lindex [get_hw_devices xc7z010_1] 0]
INFO: [Labtools 27-1434] Device xc7z010 (JTAG device index = 1) is programmed with a design that has no supported debug core(s) in it.
reset_run synth_1
INFO: [Project 1-1161] Replacing file C:/vivado/Snake_VGA_MIPS/Snake_VGA_MIPS.srcs/utils_1/imports/synth_1/vga_sync_demo.dcp with file C:/vivado/Snake_VGA_MIPS/Snake_VGA_MIPS.runs/synth_1/mips.dcp
WARNING: [Vivado 12-1017] Problems encountered:
1. Failed to delete one or more files in run directory C:/vivado/Snake_VGA_MIPS/Snake_VGA_MIPS.runs/synth_1

launch_runs synth_1 -jobs 6
[Mon Jun  2 21:34:53 2025] Launched synth_1...
Run output will be captured here: C:/vivado/Snake_VGA_MIPS/Snake_VGA_MIPS.runs/synth_1/runme.log
WARNING: [filemgmt 56-199] Attempt to get parsing info during refresh. "On-the-fly" syntax checking information may be incorrect. [C:\vivado\Snake_VGA_MIPS\Snake_VGA_MIPS.srcs\sources_1\imports\MIPS-2023\mips_tb.vhd:]
WARNING: [filemgmt 56-199] Attempt to get parsing info during refresh. "On-the-fly" syntax checking information may be incorrect. [C:\vivado\Snake_VGA_MIPS\Snake_VGA_MIPS.srcs\sources_1\new\vga_demo_snake_btn.vhd:]
WARNING: [filemgmt 56-199] Attempt to get parsing info during refresh. "On-the-fly" syntax checking information may be incorrect. [C:\vivado\Snake_VGA_MIPS\Snake_VGA_MIPS.srcs\sources_1\imports\MIPS-2023\md_io.vhd:]
WARNING: [filemgmt 56-199] Attempt to get parsing info during refresh. "On-the-fly" syntax checking information may be incorrect. [C:\vivado\Snake_VGA_MIPS\Snake_VGA_MIPS.srcs\sources_1\imports\MIPS-2023\md_io.vhd:]
WARNING: [filemgmt 56-199] Attempt to get parsing info during refresh. "On-the-fly" syntax checking information may be incorrect. [C:\vivado\Snake_VGA_MIPS\Snake_VGA_MIPS.srcs\sources_1\imports\MIPS-2023\md_io.vhd:]
WARNING: [filemgmt 56-199] Attempt to get parsing info during refresh. "On-the-fly" syntax checking information may be incorrect. [C:\vivado\Snake_VGA_MIPS\Snake_VGA_MIPS.srcs\sources_1\imports\MIPS-2023\mips_tb.vhd:]
WARNING: [filemgmt 56-199] Attempt to get parsing info during refresh. "On-the-fly" syntax checking information may be incorrect. [C:\vivado\Snake_VGA_MIPS\Snake_VGA_MIPS.srcs\sources_1\new\vga_demo_snake_btn.vhd:]
WARNING: [filemgmt 56-199] Attempt to get parsing info during refresh. "On-the-fly" syntax checking information may be incorrect. [C:\vivado\Snake_VGA_MIPS\Snake_VGA_MIPS.srcs\sources_1\imports\MIPS-2023\md_io.vhd:]
WARNING: [filemgmt 56-199] Attempt to get parsing info during refresh. "On-the-fly" syntax checking information may be incorrect. [C:\vivado\Snake_VGA_MIPS\Snake_VGA_MIPS.srcs\sources_1\new\vga_demo_snake_btn.vhd:]
WARNING: [filemgmt 56-199] Attempt to get parsing info during refresh. "On-the-fly" syntax checking information may be incorrect. [C:\vivado\Snake_VGA_MIPS\Snake_VGA_MIPS.srcs\sources_1\new\vga_demo_snake_btn.vhd:]
launch_runs impl_1 -jobs 6
[Mon Jun  2 21:36:51 2025] Launched impl_1...
Run output will be captured here: C:/vivado/Snake_VGA_MIPS/Snake_VGA_MIPS.runs/impl_1/runme.log
launch_runs impl_1 -to_step write_bitstream -jobs 6
[Mon Jun  2 21:41:33 2025] Launched impl_1...
Run output will be captured here: C:/vivado/Snake_VGA_MIPS/Snake_VGA_MIPS.runs/impl_1/runme.log
set_property PROBES.FILE {} [get_hw_devices xc7z010_1]
set_property FULL_PROBES.FILE {} [get_hw_devices xc7z010_1]
set_property PROGRAM.FILE {C:/vivado/Snake_VGA_MIPS/Snake_VGA_MIPS.runs/impl_1/mips.bit} [get_hw_devices xc7z010_1]
program_hw_devices [get_hw_devices xc7z010_1]
INFO: [Labtools 27-3164] End of startup status: HIGH
refresh_hw_device [lindex [get_hw_devices xc7z010_1] 0]
INFO: [Labtools 27-1434] Device xc7z010 (JTAG device index = 1) is programmed with a design that has no supported debug core(s) in it.
WARNING: [filemgmt 56-199] Attempt to get parsing info during refresh. "On-the-fly" syntax checking information may be incorrect. [C:\vivado\Snake_VGA_MIPS\Snake_VGA_MIPS.srcs\sources_1\imports\MIPS-2023\mips_tb.vhd:]
WARNING: [filemgmt 56-199] Attempt to get parsing info during refresh. "On-the-fly" syntax checking information may be incorrect. [C:\vivado\Snake_VGA_MIPS\Snake_VGA_MIPS.srcs\sources_1\new\vga_demo_snake_btn.vhd:]
WARNING: [filemgmt 56-199] Attempt to get parsing info during refresh. "On-the-fly" syntax checking information may be incorrect. [C:\vivado\Snake_VGA_MIPS\Snake_VGA_MIPS.srcs\sources_1\imports\MIPS-2023\md_io.vhd:]
WARNING: [filemgmt 56-199] Attempt to get parsing info during refresh. "On-the-fly" syntax checking information may be incorrect. [C:\vivado\Snake_VGA_MIPS\Snake_VGA_MIPS.srcs\sources_1\imports\MIPS-2023\md_io.vhd:]
WARNING: [filemgmt 56-199] Attempt to get parsing info during refresh. "On-the-fly" syntax checking information may be incorrect. [C:\vivado\Snake_VGA_MIPS\Snake_VGA_MIPS.srcs\sources_1\imports\MIPS-2023\md_io.vhd:]
WARNING: [filemgmt 56-199] Attempt to get parsing info during refresh. "On-the-fly" syntax checking information may be incorrect. [C:\vivado\Snake_VGA_MIPS\Snake_VGA_MIPS.srcs\sources_1\imports\MIPS-2023\mips_tb.vhd:]
WARNING: [filemgmt 56-199] Attempt to get parsing info during refresh. "On-the-fly" syntax checking information may be incorrect. [C:\vivado\Snake_VGA_MIPS\Snake_VGA_MIPS.srcs\sources_1\new\vga_demo_snake_btn.vhd:]
WARNING: [filemgmt 56-199] Attempt to get parsing info during refresh. "On-the-fly" syntax checking information may be incorrect. [C:\vivado\Snake_VGA_MIPS\Snake_VGA_MIPS.srcs\sources_1\imports\MIPS-2023\md_io.vhd:]
WARNING: [filemgmt 56-199] Attempt to get parsing info during refresh. "On-the-fly" syntax checking information may be incorrect. [C:\vivado\Snake_VGA_MIPS\Snake_VGA_MIPS.srcs\sources_1\new\vga_demo_snake_btn.vhd:]
WARNING: [filemgmt 56-199] Attempt to get parsing info during refresh. "On-the-fly" syntax checking information may be incorrect. [C:\vivado\Snake_VGA_MIPS\Snake_VGA_MIPS.srcs\sources_1\new\vga_demo_snake_btn.vhd:]
WARNING: [filemgmt 56-199] Attempt to get parsing info during refresh. "On-the-fly" syntax checking information may be incorrect. [C:\vivado\Snake_VGA_MIPS\Snake_VGA_MIPS.srcs\sources_1\imports\MIPS-2023\mips_tb.vhd:]
WARNING: [filemgmt 56-199] Attempt to get parsing info during refresh. "On-the-fly" syntax checking information may be incorrect. [C:\vivado\Snake_VGA_MIPS\Snake_VGA_MIPS.srcs\sources_1\new\vga_demo_snake_btn.vhd:]
WARNING: [filemgmt 56-199] Attempt to get parsing info during refresh. "On-the-fly" syntax checking information may be incorrect. [C:\vivado\Snake_VGA_MIPS\Snake_VGA_MIPS.srcs\sources_1\imports\MIPS-2023\md_io.vhd:]
WARNING: [filemgmt 56-199] Attempt to get parsing info during refresh. "On-the-fly" syntax checking information may be incorrect. [C:\vivado\Snake_VGA_MIPS\Snake_VGA_MIPS.srcs\sources_1\imports\MIPS-2023\md_io.vhd:]
WARNING: [filemgmt 56-199] Attempt to get parsing info during refresh. "On-the-fly" syntax checking information may be incorrect. [C:\vivado\Snake_VGA_MIPS\Snake_VGA_MIPS.srcs\sources_1\imports\MIPS-2023\md_io.vhd:]
WARNING: [filemgmt 56-199] Attempt to get parsing info during refresh. "On-the-fly" syntax checking information may be incorrect. [C:\vivado\Snake_VGA_MIPS\Snake_VGA_MIPS.srcs\sources_1\imports\MIPS-2023\mips_tb.vhd:]
WARNING: [filemgmt 56-199] Attempt to get parsing info during refresh. "On-the-fly" syntax checking information may be incorrect. [C:\vivado\Snake_VGA_MIPS\Snake_VGA_MIPS.srcs\sources_1\new\vga_demo_snake_btn.vhd:]
WARNING: [filemgmt 56-199] Attempt to get parsing info during refresh. "On-the-fly" syntax checking information may be incorrect. [C:\vivado\Snake_VGA_MIPS\Snake_VGA_MIPS.srcs\sources_1\imports\MIPS-2023\md_io.vhd:]
WARNING: [filemgmt 56-199] Attempt to get parsing info during refresh. "On-the-fly" syntax checking information may be incorrect. [C:\vivado\Snake_VGA_MIPS\Snake_VGA_MIPS.srcs\sources_1\new\vga_demo_snake_btn.vhd:]
WARNING: [filemgmt 56-199] Attempt to get parsing info during refresh. "On-the-fly" syntax checking information may be incorrect. [C:\vivado\Snake_VGA_MIPS\Snake_VGA_MIPS.srcs\sources_1\new\vga_demo_snake_btn.vhd:]
reset_run synth_1
INFO: [Project 1-1161] Replacing file C:/vivado/Snake_VGA_MIPS/Snake_VGA_MIPS.srcs/utils_1/imports/synth_1/vga_sync_demo.dcp with file C:/vivado/Snake_VGA_MIPS/Snake_VGA_MIPS.runs/synth_1/mips.dcp
WARNING: [Vivado 12-1017] Problems encountered:
1. Failed to delete one or more files in run directory C:/vivado/Snake_VGA_MIPS/Snake_VGA_MIPS.runs/synth_1

launch_runs synth_1 -jobs 6
[Mon Jun  2 21:49:07 2025] Launched synth_1...
Run output will be captured here: C:/vivado/Snake_VGA_MIPS/Snake_VGA_MIPS.runs/synth_1/runme.log
WARNING: [filemgmt 56-199] Attempt to get parsing info during refresh. "On-the-fly" syntax checking information may be incorrect. [C:\vivado\Snake_VGA_MIPS\Snake_VGA_MIPS.srcs\sources_1\imports\MIPS-2023\mips_tb.vhd:]
WARNING: [filemgmt 56-199] Attempt to get parsing info during refresh. "On-the-fly" syntax checking information may be incorrect. [C:\vivado\Snake_VGA_MIPS\Snake_VGA_MIPS.srcs\sources_1\new\vga_demo_snake_btn.vhd:]
WARNING: [filemgmt 56-199] Attempt to get parsing info during refresh. "On-the-fly" syntax checking information may be incorrect. [C:\vivado\Snake_VGA_MIPS\Snake_VGA_MIPS.srcs\sources_1\imports\MIPS-2023\md_io.vhd:]
WARNING: [filemgmt 56-199] Attempt to get parsing info during refresh. "On-the-fly" syntax checking information may be incorrect. [C:\vivado\Snake_VGA_MIPS\Snake_VGA_MIPS.srcs\sources_1\imports\MIPS-2023\md_io.vhd:]
WARNING: [filemgmt 56-199] Attempt to get parsing info during refresh. "On-the-fly" syntax checking information may be incorrect. [C:\vivado\Snake_VGA_MIPS\Snake_VGA_MIPS.srcs\sources_1\imports\MIPS-2023\md_io.vhd:]
WARNING: [filemgmt 56-199] Attempt to get parsing info during refresh. "On-the-fly" syntax checking information may be incorrect. [C:\vivado\Snake_VGA_MIPS\Snake_VGA_MIPS.srcs\sources_1\imports\MIPS-2023\mips_tb.vhd:]
WARNING: [filemgmt 56-199] Attempt to get parsing info during refresh. "On-the-fly" syntax checking information may be incorrect. [C:\vivado\Snake_VGA_MIPS\Snake_VGA_MIPS.srcs\sources_1\new\vga_demo_snake_btn.vhd:]
WARNING: [filemgmt 56-199] Attempt to get parsing info during refresh. "On-the-fly" syntax checking information may be incorrect. [C:\vivado\Snake_VGA_MIPS\Snake_VGA_MIPS.srcs\sources_1\imports\MIPS-2023\md_io.vhd:]
WARNING: [filemgmt 56-199] Attempt to get parsing info during refresh. "On-the-fly" syntax checking information may be incorrect. [C:\vivado\Snake_VGA_MIPS\Snake_VGA_MIPS.srcs\sources_1\new\vga_demo_snake_btn.vhd:]
WARNING: [filemgmt 56-199] Attempt to get parsing info during refresh. "On-the-fly" syntax checking information may be incorrect. [C:\vivado\Snake_VGA_MIPS\Snake_VGA_MIPS.srcs\sources_1\new\vga_demo_snake_btn.vhd:]
launch_runs impl_1 -jobs 6
[Mon Jun  2 21:51:13 2025] Launched impl_1...
Run output will be captured here: C:/vivado/Snake_VGA_MIPS/Snake_VGA_MIPS.runs/impl_1/runme.log
launch_runs impl_1 -to_step write_bitstream -jobs 6
[Mon Jun  2 21:57:34 2025] Launched impl_1...
Run output will be captured here: C:/vivado/Snake_VGA_MIPS/Snake_VGA_MIPS.runs/impl_1/runme.log
set_property PROBES.FILE {} [get_hw_devices xc7z010_1]
set_property FULL_PROBES.FILE {} [get_hw_devices xc7z010_1]
set_property PROGRAM.FILE {C:/vivado/Snake_VGA_MIPS/Snake_VGA_MIPS.runs/impl_1/mips.bit} [get_hw_devices xc7z010_1]
program_hw_devices [get_hw_devices xc7z010_1]
INFO: [Labtools 27-3164] End of startup status: HIGH
refresh_hw_device [lindex [get_hw_devices xc7z010_1] 0]
INFO: [Labtools 27-1434] Device xc7z010 (JTAG device index = 1) is programmed with a design that has no supported debug core(s) in it.
WARNING: [filemgmt 56-199] Attempt to get parsing info during refresh. "On-the-fly" syntax checking information may be incorrect. [C:\vivado\Snake_VGA_MIPS\Snake_VGA_MIPS.srcs\sources_1\imports\MIPS-2023\mips_tb.vhd:]
WARNING: [filemgmt 56-199] Attempt to get parsing info during refresh. "On-the-fly" syntax checking information may be incorrect. [C:\vivado\Snake_VGA_MIPS\Snake_VGA_MIPS.srcs\sources_1\new\vga_demo_snake_btn.vhd:]
WARNING: [filemgmt 56-199] Attempt to get parsing info during refresh. "On-the-fly" syntax checking information may be incorrect. [C:\vivado\Snake_VGA_MIPS\Snake_VGA_MIPS.srcs\sources_1\imports\MIPS-2023\md_io.vhd:]
WARNING: [filemgmt 56-199] Attempt to get parsing info during refresh. "On-the-fly" syntax checking information may be incorrect. [C:\vivado\Snake_VGA_MIPS\Snake_VGA_MIPS.srcs\sources_1\imports\MIPS-2023\md_io.vhd:]
WARNING: [filemgmt 56-199] Attempt to get parsing info during refresh. "On-the-fly" syntax checking information may be incorrect. [C:\vivado\Snake_VGA_MIPS\Snake_VGA_MIPS.srcs\sources_1\imports\MIPS-2023\md_io.vhd:]
WARNING: [filemgmt 56-199] Attempt to get parsing info during refresh. "On-the-fly" syntax checking information may be incorrect. [C:\vivado\Snake_VGA_MIPS\Snake_VGA_MIPS.srcs\sources_1\imports\MIPS-2023\mips_tb.vhd:]
WARNING: [filemgmt 56-199] Attempt to get parsing info during refresh. "On-the-fly" syntax checking information may be incorrect. [C:\vivado\Snake_VGA_MIPS\Snake_VGA_MIPS.srcs\sources_1\new\vga_demo_snake_btn.vhd:]
WARNING: [filemgmt 56-199] Attempt to get parsing info during refresh. "On-the-fly" syntax checking information may be incorrect. [C:\vivado\Snake_VGA_MIPS\Snake_VGA_MIPS.srcs\sources_1\imports\MIPS-2023\md_io.vhd:]
WARNING: [filemgmt 56-199] Attempt to get parsing info during refresh. "On-the-fly" syntax checking information may be incorrect. [C:\vivado\Snake_VGA_MIPS\Snake_VGA_MIPS.srcs\sources_1\new\vga_demo_snake_btn.vhd:]
WARNING: [filemgmt 56-199] Attempt to get parsing info during refresh. "On-the-fly" syntax checking information may be incorrect. [C:\vivado\Snake_VGA_MIPS\Snake_VGA_MIPS.srcs\sources_1\new\vga_demo_snake_btn.vhd:]
reset_run synth_1
INFO: [Project 1-1161] Replacing file C:/vivado/Snake_VGA_MIPS/Snake_VGA_MIPS.srcs/utils_1/imports/synth_1/vga_sync_demo.dcp with file C:/vivado/Snake_VGA_MIPS/Snake_VGA_MIPS.runs/synth_1/mips.dcp
WARNING: [Vivado 12-1017] Problems encountered:
1. Failed to delete one or more files in run directory C:/vivado/Snake_VGA_MIPS/Snake_VGA_MIPS.runs/synth_1

launch_runs synth_1 -jobs 6
[Mon Jun  2 22:11:48 2025] Launched synth_1...
Run output will be captured here: C:/vivado/Snake_VGA_MIPS/Snake_VGA_MIPS.runs/synth_1/runme.log
WARNING: [filemgmt 56-199] Attempt to get parsing info during refresh. "On-the-fly" syntax checking information may be incorrect. [C:\vivado\Snake_VGA_MIPS\Snake_VGA_MIPS.srcs\sources_1\imports\MIPS-2023\mips_tb.vhd:]
WARNING: [filemgmt 56-199] Attempt to get parsing info during refresh. "On-the-fly" syntax checking information may be incorrect. [C:\vivado\Snake_VGA_MIPS\Snake_VGA_MIPS.srcs\sources_1\new\vga_demo_snake_btn.vhd:]
WARNING: [filemgmt 56-199] Attempt to get parsing info during refresh. "On-the-fly" syntax checking information may be incorrect. [C:\vivado\Snake_VGA_MIPS\Snake_VGA_MIPS.srcs\sources_1\imports\MIPS-2023\md_io.vhd:]
WARNING: [filemgmt 56-199] Attempt to get parsing info during refresh. "On-the-fly" syntax checking information may be incorrect. [C:\vivado\Snake_VGA_MIPS\Snake_VGA_MIPS.srcs\sources_1\imports\MIPS-2023\md_io.vhd:]
WARNING: [filemgmt 56-199] Attempt to get parsing info during refresh. "On-the-fly" syntax checking information may be incorrect. [C:\vivado\Snake_VGA_MIPS\Snake_VGA_MIPS.srcs\sources_1\imports\MIPS-2023\md_io.vhd:]
WARNING: [filemgmt 56-199] Attempt to get parsing info during refresh. "On-the-fly" syntax checking information may be incorrect. [C:\vivado\Snake_VGA_MIPS\Snake_VGA_MIPS.srcs\sources_1\imports\MIPS-2023\mips_tb.vhd:]
WARNING: [filemgmt 56-199] Attempt to get parsing info during refresh. "On-the-fly" syntax checking information may be incorrect. [C:\vivado\Snake_VGA_MIPS\Snake_VGA_MIPS.srcs\sources_1\new\vga_demo_snake_btn.vhd:]
WARNING: [filemgmt 56-199] Attempt to get parsing info during refresh. "On-the-fly" syntax checking information may be incorrect. [C:\vivado\Snake_VGA_MIPS\Snake_VGA_MIPS.srcs\sources_1\imports\MIPS-2023\md_io.vhd:]
WARNING: [filemgmt 56-199] Attempt to get parsing info during refresh. "On-the-fly" syntax checking information may be incorrect. [C:\vivado\Snake_VGA_MIPS\Snake_VGA_MIPS.srcs\sources_1\new\vga_demo_snake_btn.vhd:]
WARNING: [filemgmt 56-199] Attempt to get parsing info during refresh. "On-the-fly" syntax checking information may be incorrect. [C:\vivado\Snake_VGA_MIPS\Snake_VGA_MIPS.srcs\sources_1\new\vga_demo_snake_btn.vhd:]
launch_runs impl_1 -jobs 6
[Mon Jun  2 22:14:18 2025] Launched impl_1...
Run output will be captured here: C:/vivado/Snake_VGA_MIPS/Snake_VGA_MIPS.runs/impl_1/runme.log
launch_runs impl_1 -to_step write_bitstream -jobs 6
[Mon Jun  2 22:18:41 2025] Launched impl_1...
Run output will be captured here: C:/vivado/Snake_VGA_MIPS/Snake_VGA_MIPS.runs/impl_1/runme.log
set_property PROBES.FILE {} [get_hw_devices xc7z010_1]
set_property FULL_PROBES.FILE {} [get_hw_devices xc7z010_1]
set_property PROGRAM.FILE {C:/vivado/Snake_VGA_MIPS/Snake_VGA_MIPS.runs/impl_1/mips.bit} [get_hw_devices xc7z010_1]
program_hw_devices [get_hw_devices xc7z010_1]
INFO: [Labtools 27-3164] End of startup status: HIGH
refresh_hw_device [lindex [get_hw_devices xc7z010_1] 0]
INFO: [Labtools 27-1434] Device xc7z010 (JTAG device index = 1) is programmed with a design that has no supported debug core(s) in it.
WARNING: [filemgmt 56-199] Attempt to get parsing info during refresh. "On-the-fly" syntax checking information may be incorrect. [C:\vivado\Snake_VGA_MIPS\Snake_VGA_MIPS.srcs\sources_1\imports\MIPS-2023\mips_tb.vhd:]
WARNING: [filemgmt 56-199] Attempt to get parsing info during refresh. "On-the-fly" syntax checking information may be incorrect. [C:\vivado\Snake_VGA_MIPS\Snake_VGA_MIPS.srcs\sources_1\new\vga_demo_snake_btn.vhd:]
WARNING: [filemgmt 56-199] Attempt to get parsing info during refresh. "On-the-fly" syntax checking information may be incorrect. [C:\vivado\Snake_VGA_MIPS\Snake_VGA_MIPS.srcs\sources_1\imports\MIPS-2023\md_io.vhd:]
WARNING: [filemgmt 56-199] Attempt to get parsing info during refresh. "On-the-fly" syntax checking information may be incorrect. [C:\vivado\Snake_VGA_MIPS\Snake_VGA_MIPS.srcs\sources_1\imports\MIPS-2023\md_io.vhd:]
WARNING: [filemgmt 56-199] Attempt to get parsing info during refresh. "On-the-fly" syntax checking information may be incorrect. [C:\vivado\Snake_VGA_MIPS\Snake_VGA_MIPS.srcs\sources_1\imports\MIPS-2023\md_io.vhd:]
WARNING: [filemgmt 56-199] Attempt to get parsing info during refresh. "On-the-fly" syntax checking information may be incorrect. [C:\vivado\Snake_VGA_MIPS\Snake_VGA_MIPS.srcs\sources_1\imports\MIPS-2023\mips_tb.vhd:]
WARNING: [filemgmt 56-199] Attempt to get parsing info during refresh. "On-the-fly" syntax checking information may be incorrect. [C:\vivado\Snake_VGA_MIPS\Snake_VGA_MIPS.srcs\sources_1\new\vga_demo_snake_btn.vhd:]
WARNING: [filemgmt 56-199] Attempt to get parsing info during refresh. "On-the-fly" syntax checking information may be incorrect. [C:\vivado\Snake_VGA_MIPS\Snake_VGA_MIPS.srcs\sources_1\imports\MIPS-2023\md_io.vhd:]
WARNING: [filemgmt 56-199] Attempt to get parsing info during refresh. "On-the-fly" syntax checking information may be incorrect. [C:\vivado\Snake_VGA_MIPS\Snake_VGA_MIPS.srcs\sources_1\imports\MIPS-2023\mips_tb.vhd:]
WARNING: [filemgmt 56-199] Attempt to get parsing info during refresh. "On-the-fly" syntax checking information may be incorrect. [C:\vivado\Snake_VGA_MIPS\Snake_VGA_MIPS.srcs\sources_1\imports\MIPS-2023\mips_tb.vhd:]
WARNING: [filemgmt 56-199] Attempt to get parsing info during refresh. "On-the-fly" syntax checking information may be incorrect. [C:\vivado\Snake_VGA_MIPS\Snake_VGA_MIPS.srcs\sources_1\imports\MIPS-2023\mips_tb.vhd:]
WARNING: [filemgmt 56-199] Attempt to get parsing info during refresh. "On-the-fly" syntax checking information may be incorrect. [C:\vivado\Snake_VGA_MIPS\Snake_VGA_MIPS.srcs\sources_1\new\vga_demo_snake_btn.vhd:]
WARNING: [filemgmt 56-199] Attempt to get parsing info during refresh. "On-the-fly" syntax checking information may be incorrect. [C:\vivado\Snake_VGA_MIPS\Snake_VGA_MIPS.srcs\sources_1\imports\MIPS-2023\md_io.vhd:]
WARNING: [filemgmt 56-199] Attempt to get parsing info during refresh. "On-the-fly" syntax checking information may be incorrect. [C:\vivado\Snake_VGA_MIPS\Snake_VGA_MIPS.srcs\sources_1\imports\MIPS-2023\md_io.vhd:]
WARNING: [filemgmt 56-199] Attempt to get parsing info during refresh. "On-the-fly" syntax checking information may be incorrect. [C:\vivado\Snake_VGA_MIPS\Snake_VGA_MIPS.srcs\sources_1\imports\MIPS-2023\md_io.vhd:]
WARNING: [filemgmt 56-199] Attempt to get parsing info during refresh. "On-the-fly" syntax checking information may be incorrect. [C:\vivado\Snake_VGA_MIPS\Snake_VGA_MIPS.srcs\sources_1\imports\MIPS-2023\mips_tb.vhd:]
WARNING: [filemgmt 56-199] Attempt to get parsing info during refresh. "On-the-fly" syntax checking information may be incorrect. [C:\vivado\Snake_VGA_MIPS\Snake_VGA_MIPS.srcs\sources_1\new\vga_demo_snake_btn.vhd:]
WARNING: [filemgmt 56-199] Attempt to get parsing info during refresh. "On-the-fly" syntax checking information may be incorrect. [C:\vivado\Snake_VGA_MIPS\Snake_VGA_MIPS.srcs\sources_1\imports\MIPS-2023\md_io.vhd:]
WARNING: [filemgmt 56-199] Attempt to get parsing info during refresh. "On-the-fly" syntax checking information may be incorrect. [C:\vivado\Snake_VGA_MIPS\Snake_VGA_MIPS.srcs\sources_1\new\vga_demo_snake_btn.vhd:]
WARNING: [filemgmt 56-199] Attempt to get parsing info during refresh. "On-the-fly" syntax checking information may be incorrect. [C:\vivado\Snake_VGA_MIPS\Snake_VGA_MIPS.srcs\sources_1\new\vga_demo_snake_btn.vhd:]
WARNING: [filemgmt 56-199] Attempt to get parsing info during refresh. "On-the-fly" syntax checking information may be incorrect. [C:\vivado\Snake_VGA_MIPS\Snake_VGA_MIPS.srcs\sources_1\imports\MIPS-2023\mips_tb.vhd:]
WARNING: [filemgmt 56-199] Attempt to get parsing info during refresh. "On-the-fly" syntax checking information may be incorrect. [C:\vivado\Snake_VGA_MIPS\Snake_VGA_MIPS.srcs\sources_1\new\vga_demo_snake_btn.vhd:]
WARNING: [filemgmt 56-199] Attempt to get parsing info during refresh. "On-the-fly" syntax checking information may be incorrect. [C:\vivado\Snake_VGA_MIPS\Snake_VGA_MIPS.srcs\sources_1\imports\MIPS-2023\md_io.vhd:]
WARNING: [filemgmt 56-199] Attempt to get parsing info during refresh. "On-the-fly" syntax checking information may be incorrect. [C:\vivado\Snake_VGA_MIPS\Snake_VGA_MIPS.srcs\sources_1\imports\MIPS-2023\md_io.vhd:]
WARNING: [filemgmt 56-199] Attempt to get parsing info during refresh. "On-the-fly" syntax checking information may be incorrect. [C:\vivado\Snake_VGA_MIPS\Snake_VGA_MIPS.srcs\sources_1\imports\MIPS-2023\md_io.vhd:]
WARNING: [filemgmt 56-199] Attempt to get parsing info during refresh. "On-the-fly" syntax checking information may be incorrect. [C:\vivado\Snake_VGA_MIPS\Snake_VGA_MIPS.srcs\sources_1\imports\MIPS-2023\mips_tb.vhd:]
WARNING: [filemgmt 56-199] Attempt to get parsing info during refresh. "On-the-fly" syntax checking information may be incorrect. [C:\vivado\Snake_VGA_MIPS\Snake_VGA_MIPS.srcs\sources_1\new\vga_demo_snake_btn.vhd:]
WARNING: [filemgmt 56-199] Attempt to get parsing info during refresh. "On-the-fly" syntax checking information may be incorrect. [C:\vivado\Snake_VGA_MIPS\Snake_VGA_MIPS.srcs\sources_1\imports\MIPS-2023\md_io.vhd:]
WARNING: [filemgmt 56-199] Attempt to get parsing info during refresh. "On-the-fly" syntax checking information may be incorrect. [C:\vivado\Snake_VGA_MIPS\Snake_VGA_MIPS.srcs\sources_1\new\vga_demo_snake_btn.vhd:]
WARNING: [filemgmt 56-199] Attempt to get parsing info during refresh. "On-the-fly" syntax checking information may be incorrect. [C:\vivado\Snake_VGA_MIPS\Snake_VGA_MIPS.srcs\sources_1\new\vga_demo_snake_btn.vhd:]
WARNING: [filemgmt 56-199] Attempt to get parsing info during refresh. "On-the-fly" syntax checking information may be incorrect. [C:\vivado\Snake_VGA_MIPS\Snake_VGA_MIPS.srcs\sources_1\imports\MIPS-2023\mips_tb.vhd:]
WARNING: [filemgmt 56-199] Attempt to get parsing info during refresh. "On-the-fly" syntax checking information may be incorrect. [C:\vivado\Snake_VGA_MIPS\Snake_VGA_MIPS.srcs\sources_1\new\vga_demo_snake_btn.vhd:]
WARNING: [filemgmt 56-199] Attempt to get parsing info during refresh. "On-the-fly" syntax checking information may be incorrect. [C:\vivado\Snake_VGA_MIPS\Snake_VGA_MIPS.srcs\sources_1\imports\MIPS-2023\md_io.vhd:]
WARNING: [filemgmt 56-199] Attempt to get parsing info during refresh. "On-the-fly" syntax checking information may be incorrect. [C:\vivado\Snake_VGA_MIPS\Snake_VGA_MIPS.srcs\sources_1\imports\MIPS-2023\md_io.vhd:]
WARNING: [filemgmt 56-199] Attempt to get parsing info during refresh. "On-the-fly" syntax checking information may be incorrect. [C:\vivado\Snake_VGA_MIPS\Snake_VGA_MIPS.srcs\sources_1\imports\MIPS-2023\md_io.vhd:]
WARNING: [filemgmt 56-199] Attempt to get parsing info during refresh. "On-the-fly" syntax checking information may be incorrect. [C:\vivado\Snake_VGA_MIPS\Snake_VGA_MIPS.srcs\sources_1\imports\MIPS-2023\mips_tb.vhd:]
WARNING: [filemgmt 56-199] Attempt to get parsing info during refresh. "On-the-fly" syntax checking information may be incorrect. [C:\vivado\Snake_VGA_MIPS\Snake_VGA_MIPS.srcs\sources_1\new\vga_demo_snake_btn.vhd:]
WARNING: [filemgmt 56-199] Attempt to get parsing info during refresh. "On-the-fly" syntax checking information may be incorrect. [C:\vivado\Snake_VGA_MIPS\Snake_VGA_MIPS.srcs\sources_1\imports\MIPS-2023\md_io.vhd:]
WARNING: [filemgmt 56-199] Attempt to get parsing info during refresh. "On-the-fly" syntax checking information may be incorrect. [C:\vivado\Snake_VGA_MIPS\Snake_VGA_MIPS.srcs\sources_1\imports\MIPS-2023\md_io.vhd:]
WARNING: [filemgmt 56-199] Attempt to get parsing info during refresh. "On-the-fly" syntax checking information may be incorrect. [C:\vivado\Snake_VGA_MIPS\Snake_VGA_MIPS.srcs\sources_1\imports\MIPS-2023\md_io.vhd:]
WARNING: [filemgmt 56-199] Attempt to get parsing info during refresh. "On-the-fly" syntax checking information may be incorrect. [C:\vivado\Snake_VGA_MIPS\Snake_VGA_MIPS.srcs\sources_1\imports\MIPS-2023\mips_tb.vhd:]
WARNING: [filemgmt 56-199] Attempt to get parsing info during refresh. "On-the-fly" syntax checking information may be incorrect. [C:\vivado\Snake_VGA_MIPS\Snake_VGA_MIPS.srcs\sources_1\new\vga_demo_snake_btn.vhd:]
WARNING: [filemgmt 56-199] Attempt to get parsing info during refresh. "On-the-fly" syntax checking information may be incorrect. [C:\vivado\Snake_VGA_MIPS\Snake_VGA_MIPS.srcs\sources_1\imports\MIPS-2023\md_io.vhd:]
WARNING: [filemgmt 56-199] Attempt to get parsing info during refresh. "On-the-fly" syntax checking information may be incorrect. [C:\vivado\Snake_VGA_MIPS\Snake_VGA_MIPS.srcs\sources_1\imports\MIPS-2023\mips_tb.vhd:]
WARNING: [filemgmt 56-199] Attempt to get parsing info during refresh. "On-the-fly" syntax checking information may be incorrect. [C:\vivado\Snake_VGA_MIPS\Snake_VGA_MIPS.srcs\sources_1\imports\MIPS-2023\mips_tb.vhd:]
WARNING: [filemgmt 56-199] Attempt to get parsing info during refresh. "On-the-fly" syntax checking information may be incorrect. [C:\vivado\Snake_VGA_MIPS\Snake_VGA_MIPS.srcs\sources_1\imports\MIPS-2023\mips_tb.vhd:]
WARNING: [filemgmt 56-199] Attempt to get parsing info during refresh. "On-the-fly" syntax checking information may be incorrect. [C:\vivado\Snake_VGA_MIPS\Snake_VGA_MIPS.srcs\sources_1\new\vga_demo_snake_btn.vhd:]
WARNING: [filemgmt 56-199] Attempt to get parsing info during refresh. "On-the-fly" syntax checking information may be incorrect. [C:\vivado\Snake_VGA_MIPS\Snake_VGA_MIPS.srcs\sources_1\imports\MIPS-2023\md_io.vhd:]
WARNING: [filemgmt 56-199] Attempt to get parsing info during refresh. "On-the-fly" syntax checking information may be incorrect. [C:\vivado\Snake_VGA_MIPS\Snake_VGA_MIPS.srcs\sources_1\imports\MIPS-2023\md_io.vhd:]
WARNING: [filemgmt 56-199] Attempt to get parsing info during refresh. "On-the-fly" syntax checking information may be incorrect. [C:\vivado\Snake_VGA_MIPS\Snake_VGA_MIPS.srcs\sources_1\imports\MIPS-2023\md_io.vhd:]
WARNING: [filemgmt 56-199] Attempt to get parsing info during refresh. "On-the-fly" syntax checking information may be incorrect. [C:\vivado\Snake_VGA_MIPS\Snake_VGA_MIPS.srcs\sources_1\imports\MIPS-2023\mips_tb.vhd:]
WARNING: [filemgmt 56-199] Attempt to get parsing info during refresh. "On-the-fly" syntax checking information may be incorrect. [C:\vivado\Snake_VGA_MIPS\Snake_VGA_MIPS.srcs\sources_1\new\vga_demo_snake_btn.vhd:]
WARNING: [filemgmt 56-199] Attempt to get parsing info during refresh. "On-the-fly" syntax checking information may be incorrect. [C:\vivado\Snake_VGA_MIPS\Snake_VGA_MIPS.srcs\sources_1\imports\MIPS-2023\md_io.vhd:]
WARNING: [filemgmt 56-199] Attempt to get parsing info during refresh. "On-the-fly" syntax checking information may be incorrect. [C:\vivado\Snake_VGA_MIPS\Snake_VGA_MIPS.srcs\sources_1\imports\MIPS-2023\mips_tb.vhd:]
WARNING: [filemgmt 56-199] Attempt to get parsing info during refresh. "On-the-fly" syntax checking information may be incorrect. [C:\vivado\Snake_VGA_MIPS\Snake_VGA_MIPS.srcs\sources_1\imports\MIPS-2023\mips_tb.vhd:]
WARNING: [filemgmt 56-199] Attempt to get parsing info during refresh. "On-the-fly" syntax checking information may be incorrect. [C:\vivado\Snake_VGA_MIPS\Snake_VGA_MIPS.srcs\sources_1\imports\MIPS-2023\mips_tb.vhd:]
WARNING: [filemgmt 56-199] Attempt to get parsing info during refresh. "On-the-fly" syntax checking information may be incorrect. [C:\vivado\Snake_VGA_MIPS\Snake_VGA_MIPS.srcs\sources_1\new\vga_demo_snake_btn.vhd:]
WARNING: [filemgmt 56-199] Attempt to get parsing info during refresh. "On-the-fly" syntax checking information may be incorrect. [C:\vivado\Snake_VGA_MIPS\Snake_VGA_MIPS.srcs\sources_1\imports\MIPS-2023\md_io.vhd:]
WARNING: [filemgmt 56-199] Attempt to get parsing info during refresh. "On-the-fly" syntax checking information may be incorrect. [C:\vivado\Snake_VGA_MIPS\Snake_VGA_MIPS.srcs\sources_1\imports\MIPS-2023\md_io.vhd:]
WARNING: [filemgmt 56-199] Attempt to get parsing info during refresh. "On-the-fly" syntax checking information may be incorrect. [C:\vivado\Snake_VGA_MIPS\Snake_VGA_MIPS.srcs\sources_1\imports\MIPS-2023\md_io.vhd:]
WARNING: [filemgmt 56-199] Attempt to get parsing info during refresh. "On-the-fly" syntax checking information may be incorrect. [C:\vivado\Snake_VGA_MIPS\Snake_VGA_MIPS.srcs\sources_1\imports\MIPS-2023\mips_tb.vhd:]
WARNING: [filemgmt 56-199] Attempt to get parsing info during refresh. "On-the-fly" syntax checking information may be incorrect. [C:\vivado\Snake_VGA_MIPS\Snake_VGA_MIPS.srcs\sources_1\new\vga_demo_snake_btn.vhd:]
WARNING: [filemgmt 56-199] Attempt to get parsing info during refresh. "On-the-fly" syntax checking information may be incorrect. [C:\vivado\Snake_VGA_MIPS\Snake_VGA_MIPS.srcs\sources_1\imports\MIPS-2023\md_io.vhd:]
WARNING: [filemgmt 56-199] Attempt to get parsing info during refresh. "On-the-fly" syntax checking information may be incorrect. [C:\vivado\Snake_VGA_MIPS\Snake_VGA_MIPS.srcs\sources_1\new\vga_demo_snake_btn.vhd:]
WARNING: [filemgmt 56-199] Attempt to get parsing info during refresh. "On-the-fly" syntax checking information may be incorrect. [C:\vivado\Snake_VGA_MIPS\Snake_VGA_MIPS.srcs\sources_1\new\vga_demo_snake_btn.vhd:]
reset_run synth_1
INFO: [Project 1-1161] Replacing file C:/vivado/Snake_VGA_MIPS/Snake_VGA_MIPS.srcs/utils_1/imports/synth_1/vga_sync_demo.dcp with file C:/vivado/Snake_VGA_MIPS/Snake_VGA_MIPS.runs/synth_1/mips.dcp
WARNING: [Vivado 12-1017] Problems encountered:
1. Failed to delete one or more files in run directory C:/vivado/Snake_VGA_MIPS/Snake_VGA_MIPS.runs/synth_1

launch_runs synth_1 -jobs 6
[Mon Jun  2 22:28:34 2025] Launched synth_1...
Run output will be captured here: C:/vivado/Snake_VGA_MIPS/Snake_VGA_MIPS.runs/synth_1/runme.log
WARNING: [filemgmt 56-199] Attempt to get parsing info during refresh. "On-the-fly" syntax checking information may be incorrect. [C:\vivado\Snake_VGA_MIPS\Snake_VGA_MIPS.srcs\sources_1\imports\MIPS-2023\mips_tb.vhd:]
WARNING: [filemgmt 56-199] Attempt to get parsing info during refresh. "On-the-fly" syntax checking information may be incorrect. [C:\vivado\Snake_VGA_MIPS\Snake_VGA_MIPS.srcs\sources_1\new\vga_demo_snake_btn.vhd:]
WARNING: [filemgmt 56-199] Attempt to get parsing info during refresh. "On-the-fly" syntax checking information may be incorrect. [C:\vivado\Snake_VGA_MIPS\Snake_VGA_MIPS.srcs\sources_1\imports\MIPS-2023\md_io.vhd:]
WARNING: [filemgmt 56-199] Attempt to get parsing info during refresh. "On-the-fly" syntax checking information may be incorrect. [C:\vivado\Snake_VGA_MIPS\Snake_VGA_MIPS.srcs\sources_1\imports\MIPS-2023\md_io.vhd:]
WARNING: [filemgmt 56-199] Attempt to get parsing info during refresh. "On-the-fly" syntax checking information may be incorrect. [C:\vivado\Snake_VGA_MIPS\Snake_VGA_MIPS.srcs\sources_1\imports\MIPS-2023\md_io.vhd:]
WARNING: [filemgmt 56-199] Attempt to get parsing info during refresh. "On-the-fly" syntax checking information may be incorrect. [C:\vivado\Snake_VGA_MIPS\Snake_VGA_MIPS.srcs\sources_1\imports\MIPS-2023\mips_tb.vhd:]
WARNING: [filemgmt 56-199] Attempt to get parsing info during refresh. "On-the-fly" syntax checking information may be incorrect. [C:\vivado\Snake_VGA_MIPS\Snake_VGA_MIPS.srcs\sources_1\new\vga_demo_snake_btn.vhd:]
WARNING: [filemgmt 56-199] Attempt to get parsing info during refresh. "On-the-fly" syntax checking information may be incorrect. [C:\vivado\Snake_VGA_MIPS\Snake_VGA_MIPS.srcs\sources_1\imports\MIPS-2023\md_io.vhd:]
WARNING: [filemgmt 56-199] Attempt to get parsing info during refresh. "On-the-fly" syntax checking information may be incorrect. [C:\vivado\Snake_VGA_MIPS\Snake_VGA_MIPS.srcs\sources_1\new\vga_demo_snake_btn.vhd:]
WARNING: [filemgmt 56-199] Attempt to get parsing info during refresh. "On-the-fly" syntax checking information may be incorrect. [C:\vivado\Snake_VGA_MIPS\Snake_VGA_MIPS.srcs\sources_1\new\vga_demo_snake_btn.vhd:]
launch_runs impl_1 -jobs 6
[Mon Jun  2 22:30:18 2025] Launched impl_1...
Run output will be captured here: C:/vivado/Snake_VGA_MIPS/Snake_VGA_MIPS.runs/impl_1/runme.log
launch_runs impl_1 -to_step write_bitstream -jobs 6
[Mon Jun  2 22:33:39 2025] Launched impl_1...
Run output will be captured here: C:/vivado/Snake_VGA_MIPS/Snake_VGA_MIPS.runs/impl_1/runme.log
set_property PROBES.FILE {} [get_hw_devices xc7z010_1]
set_property FULL_PROBES.FILE {} [get_hw_devices xc7z010_1]
set_property PROGRAM.FILE {C:/vivado/Snake_VGA_MIPS/Snake_VGA_MIPS.runs/impl_1/mips.bit} [get_hw_devices xc7z010_1]
program_hw_devices [get_hw_devices xc7z010_1]
INFO: [Labtools 27-3164] End of startup status: HIGH
refresh_hw_device [lindex [get_hw_devices xc7z010_1] 0]
INFO: [Labtools 27-1434] Device xc7z010 (JTAG device index = 1) is programmed with a design that has no supported debug core(s) in it.
WARNING: [filemgmt 56-199] Attempt to get parsing info during refresh. "On-the-fly" syntax checking information may be incorrect. [C:\vivado\Snake_VGA_MIPS\Snake_VGA_MIPS.srcs\sources_1\imports\MIPS-2023\mips_tb.vhd:]
WARNING: [filemgmt 56-199] Attempt to get parsing info during refresh. "On-the-fly" syntax checking information may be incorrect. [C:\vivado\Snake_VGA_MIPS\Snake_VGA_MIPS.srcs\sources_1\new\vga_demo_snake_btn.vhd:]
WARNING: [filemgmt 56-199] Attempt to get parsing info during refresh. "On-the-fly" syntax checking information may be incorrect. [C:\vivado\Snake_VGA_MIPS\Snake_VGA_MIPS.srcs\sources_1\imports\MIPS-2023\md_io.vhd:]
WARNING: [filemgmt 56-199] Attempt to get parsing info during refresh. "On-the-fly" syntax checking information may be incorrect. [C:\vivado\Snake_VGA_MIPS\Snake_VGA_MIPS.srcs\sources_1\imports\MIPS-2023\md_io.vhd:]
WARNING: [filemgmt 56-199] Attempt to get parsing info during refresh. "On-the-fly" syntax checking information may be incorrect. [C:\vivado\Snake_VGA_MIPS\Snake_VGA_MIPS.srcs\sources_1\imports\MIPS-2023\md_io.vhd:]
ERROR: [Common 17-180] Spawn failed: No error
reset_run synth_1
INFO: [Project 1-1161] Replacing file C:/vivado/Snake_VGA_MIPS/Snake_VGA_MIPS.srcs/utils_1/imports/synth_1/vga_sync_demo.dcp with file C:/vivado/Snake_VGA_MIPS/Snake_VGA_MIPS.runs/synth_1/mips.dcp
WARNING: [Vivado 12-1017] Problems encountered:
1. Failed to delete one or more files in run directory C:/vivado/Snake_VGA_MIPS/Snake_VGA_MIPS.runs/synth_1

launch_runs synth_1 -jobs 6
[Mon Jun  2 22:36:58 2025] Launched synth_1...
Run output will be captured here: C:/vivado/Snake_VGA_MIPS/Snake_VGA_MIPS.runs/synth_1/runme.log
WARNING: [filemgmt 56-199] Attempt to get parsing info during refresh. "On-the-fly" syntax checking information may be incorrect. [C:\vivado\Snake_VGA_MIPS\Snake_VGA_MIPS.srcs\sources_1\imports\MIPS-2023\mips_tb.vhd:]
WARNING: [filemgmt 56-199] Attempt to get parsing info during refresh. "On-the-fly" syntax checking information may be incorrect. [C:\vivado\Snake_VGA_MIPS\Snake_VGA_MIPS.srcs\sources_1\new\vga_demo_snake_btn.vhd:]
WARNING: [filemgmt 56-199] Attempt to get parsing info during refresh. "On-the-fly" syntax checking information may be incorrect. [C:\vivado\Snake_VGA_MIPS\Snake_VGA_MIPS.srcs\sources_1\imports\MIPS-2023\md_io.vhd:]
WARNING: [filemgmt 56-199] Attempt to get parsing info during refresh. "On-the-fly" syntax checking information may be incorrect. [C:\vivado\Snake_VGA_MIPS\Snake_VGA_MIPS.srcs\sources_1\imports\MIPS-2023\md_io.vhd:]
WARNING: [filemgmt 56-199] Attempt to get parsing info during refresh. "On-the-fly" syntax checking information may be incorrect. [C:\vivado\Snake_VGA_MIPS\Snake_VGA_MIPS.srcs\sources_1\imports\MIPS-2023\md_io.vhd:]
WARNING: [filemgmt 56-199] Attempt to get parsing info during refresh. "On-the-fly" syntax checking information may be incorrect. [C:\vivado\Snake_VGA_MIPS\Snake_VGA_MIPS.srcs\sources_1\imports\MIPS-2023\mips_tb.vhd:]
WARNING: [filemgmt 56-199] Attempt to get parsing info during refresh. "On-the-fly" syntax checking information may be incorrect. [C:\vivado\Snake_VGA_MIPS\Snake_VGA_MIPS.srcs\sources_1\new\vga_demo_snake_btn.vhd:]
WARNING: [filemgmt 56-199] Attempt to get parsing info during refresh. "On-the-fly" syntax checking information may be incorrect. [C:\vivado\Snake_VGA_MIPS\Snake_VGA_MIPS.srcs\sources_1\imports\MIPS-2023\md_io.vhd:]
WARNING: [filemgmt 56-199] Attempt to get parsing info during refresh. "On-the-fly" syntax checking information may be incorrect. [C:\vivado\Snake_VGA_MIPS\Snake_VGA_MIPS.srcs\sources_1\imports\MIPS-2023\mips_tb.vhd:]
WARNING: [filemgmt 56-199] Attempt to get parsing info during refresh. "On-the-fly" syntax checking information may be incorrect. [C:\vivado\Snake_VGA_MIPS\Snake_VGA_MIPS.srcs\sources_1\imports\MIPS-2023\mips_tb.vhd:]
ERROR: [Common 17-180] Spawn failed: No error
launch_runs impl_1 -jobs 6
[Mon Jun  2 22:39:27 2025] Launched impl_1...
Run output will be captured here: C:/vivado/Snake_VGA_MIPS/Snake_VGA_MIPS.runs/impl_1/runme.log
launch_runs impl_1 -to_step write_bitstream -jobs 6
[Mon Jun  2 22:43:33 2025] Launched impl_1...
Run output will be captured here: C:/vivado/Snake_VGA_MIPS/Snake_VGA_MIPS.runs/impl_1/runme.log
set_property PROBES.FILE {} [get_hw_devices xc7z010_1]
set_property FULL_PROBES.FILE {} [get_hw_devices xc7z010_1]
set_property PROGRAM.FILE {C:/vivado/Snake_VGA_MIPS/Snake_VGA_MIPS.runs/impl_1/mips.bit} [get_hw_devices xc7z010_1]
program_hw_devices [get_hw_devices xc7z010_1]
INFO: [Labtools 27-3164] End of startup status: HIGH
refresh_hw_device [lindex [get_hw_devices xc7z010_1] 0]
INFO: [Labtools 27-1434] Device xc7z010 (JTAG device index = 1) is programmed with a design that has no supported debug core(s) in it.
set_property PROBES.FILE {} [get_hw_devices xc7z010_1]
set_property FULL_PROBES.FILE {} [get_hw_devices xc7z010_1]
set_property PROGRAM.FILE {C:/vivado/Snake_VGA_MIPS/Snake_VGA_MIPS.runs/impl_1/mips.bit} [get_hw_devices xc7z010_1]
program_hw_devices [get_hw_devices xc7z010_1]
INFO: [Labtools 27-3164] End of startup status: HIGH
refresh_hw_device [lindex [get_hw_devices xc7z010_1] 0]
INFO: [Labtools 27-1434] Device xc7z010 (JTAG device index = 1) is programmed with a design that has no supported debug core(s) in it.
close_hw_manager
open_hw_manager
connect_hw_server -allow_non_jtag
INFO: [Labtools 27-2285] Connecting to hw_server url TCP:localhost:3121
INFO: [Labtools 27-3415] Connecting to cs_server url TCP:localhost:0
INFO: [Labtools 27-3417] Launching cs_server...
INFO: [Labtools 27-2221] Launch Output:


******** Xilinx cs_server v2024.2.0
  ****** Build date   : Oct 30 2024-15:19:07
    **** Build number : 2024.2.1730312347
      ** Copyright 2017-2022 Xilinx, Inc. All Rights Reserved.
      ** Copyright 2022-2025 Advanced Micro Devices, Inc. All Rights Reserved.



open_hw_target
INFO: [Labtoolstcl 44-466] Opening hw_target localhost:3121/xilinx_tcf/Digilent/210279A430D0A
set_property PROGRAM.FILE {C:/vivado/Snake_VGA_MIPS/Snake_VGA_MIPS.runs/impl_1/mips.bit} [get_hw_devices xc7z010_1]
current_hw_device [get_hw_devices xc7z010_1]
refresh_hw_device -update_hw_probes false [lindex [get_hw_devices xc7z010_1] 0]
INFO: [Labtools 27-1434] Device xc7z010 (JTAG device index = 1) is programmed with a design that has no supported debug core(s) in it.
disconnect_hw_server localhost:3121
close_hw_manager
close_sim
INFO: [Simtcl 6-16] Simulation closed
exit
INFO: [Common 17-206] Exiting Vivado at Mon Jun  2 23:00:43 2025...
