Copyright 1986-2022 Xilinx, Inc. All Rights Reserved. Copyright 2022-2024 Advanced Micro Devices, Inc. All Rights Reserved.
--------------------------------------------------------------------------------------------------------------------------------------------------
| Tool Version : Vivado v.2024.2 (win64) Build 5239630 Fri Nov 08 22:35:27 MST 2024
| Date         : Thu Jun  5 15:01:02 2025
| Host         : Voghy running 64-bit major release  (build 9200)
| Command      : report_methodology -file mips_methodology_drc_routed.rpt -pb mips_methodology_drc_routed.pb -rpx mips_methodology_drc_routed.rpx
| Design       : mips
| Device       : xc7z010clg400-1
| Speed File   : -1
| Design State : Fully Routed
--------------------------------------------------------------------------------------------------------------------------------------------------

Report Methodology

Table of Contents
-----------------
1. REPORT SUMMARY
2. REPORT DETAILS

1. REPORT SUMMARY
-----------------
            Netlist: netlist
          Floorplan: design_1
      Design limits: <entire design considered>
             Max checks: <unlimited>
             Checks found: 768
+-----------+------------------+-----------------------------------------------------------+--------+
| Rule      | Severity         | Description                                               | Checks |
+-----------+------------------+-----------------------------------------------------------+--------+
| TIMING-4  | Critical Warning | Invalid primary clock redefinition on a clock tree        | 1      |
| TIMING-6  | Critical Warning | No common primary clock between related clocks            | 2      |
| TIMING-7  | Critical Warning | No common node between related clocks                     | 2      |
| TIMING-27 | Critical Warning | Invalid primary clock on hierarchical pin                 | 1      |
| LUTAR-1   | Warning          | LUT drives async reset alert                              | 1      |
| SYNTH-5   | Warning          | Mapped onto distributed RAM because of timing constraints | 128    |
| TIMING-16 | Warning          | Large setup violation                                     | 615    |
| TIMING-18 | Warning          | Missing input or output delay                             | 18     |
+-----------+------------------+-----------------------------------------------------------+--------+

2. REPORT DETAILS
-----------------
TIMING-4#1 Critical Warning
Invalid primary clock redefinition on a clock tree  
Invalid clock redefinition on a clock tree. The primary clock inst_divisor/inst/clk is defined downstream of clock sys_clk_pin and overrides its insertion delay and/or waveform definition
Related violations: <none>

TIMING-6#1 Critical Warning
No common primary clock between related clocks  
The clocks clk50mhz_clk_wiz_1 and sys_clk_pin are related (timed together) but they have no common primary clock. The design could fail in hardware. To find a timing path between these clocks, run the following command: report_timing -from [get_clocks clk50mhz_clk_wiz_1] -to [get_clocks sys_clk_pin]
Related violations: <none>

TIMING-6#2 Critical Warning
No common primary clock between related clocks  
The clocks sys_clk_pin and clk50mhz_clk_wiz_1 are related (timed together) but they have no common primary clock. The design could fail in hardware. To find a timing path between these clocks, run the following command: report_timing -from [get_clocks sys_clk_pin] -to [get_clocks clk50mhz_clk_wiz_1]
Related violations: <none>

TIMING-7#1 Critical Warning
No common node between related clocks  
The clocks clk50mhz_clk_wiz_1 and sys_clk_pin are related (timed together) but they have no common node. The design could fail in hardware. To find a timing path between these clocks, run the following command: report_timing -from [get_clocks clk50mhz_clk_wiz_1] -to [get_clocks sys_clk_pin]
Related violations: <none>

TIMING-7#2 Critical Warning
No common node between related clocks  
The clocks sys_clk_pin and clk50mhz_clk_wiz_1 are related (timed together) but they have no common node. The design could fail in hardware. To find a timing path between these clocks, run the following command: report_timing -from [get_clocks sys_clk_pin] -to [get_clocks clk50mhz_clk_wiz_1]
Related violations: <none>

TIMING-27#1 Critical Warning
Invalid primary clock on hierarchical pin  
A primary clock inst_divisor/inst/clk is created on an inappropriate internal pin inst_divisor/inst/clk. It is not recommended to create a primary clock on a hierarchical pin when its driver pin has a fanout connected to multiple clock pins
Related violations: <none>

LUTAR-1#1 Warning
LUT drives async reset alert  
LUT cell inst_prog/Inst_control_prog/sal0_i_4, with 2 or more inputs, drives asynchronous preset/clear pin(s) inst_divisor/inst/mmcm_adv_inst/RST. The LUT may glitch and trigger an unexpected reset, even if it is a properly timed path.
Related violations: <none>

SYNTH-5#1 Warning
Mapped onto distributed RAM because of timing constraints  
The instance Inst_mi/mi_reg_0_127_0_0 is implemented as distributed LUT RAM for the following reason: The timing constraints suggest that the chosen mapping will yield a better timing.
Related violations: <none>

SYNTH-5#2 Warning
Mapped onto distributed RAM because of timing constraints  
The instance Inst_mi/mi_reg_0_127_10_10 is implemented as distributed LUT RAM for the following reason: The timing constraints suggest that the chosen mapping will yield a better timing.
Related violations: <none>

SYNTH-5#3 Warning
Mapped onto distributed RAM because of timing constraints  
The instance Inst_mi/mi_reg_0_127_11_11 is implemented as distributed LUT RAM for the following reason: The timing constraints suggest that the chosen mapping will yield a better timing.
Related violations: <none>

SYNTH-5#4 Warning
Mapped onto distributed RAM because of timing constraints  
The instance Inst_mi/mi_reg_0_127_12_12 is implemented as distributed LUT RAM for the following reason: The timing constraints suggest that the chosen mapping will yield a better timing.
Related violations: <none>

SYNTH-5#5 Warning
Mapped onto distributed RAM because of timing constraints  
The instance Inst_mi/mi_reg_0_127_13_13 is implemented as distributed LUT RAM for the following reason: The timing constraints suggest that the chosen mapping will yield a better timing.
Related violations: <none>

SYNTH-5#6 Warning
Mapped onto distributed RAM because of timing constraints  
The instance Inst_mi/mi_reg_0_127_14_14 is implemented as distributed LUT RAM for the following reason: The timing constraints suggest that the chosen mapping will yield a better timing.
Related violations: <none>

SYNTH-5#7 Warning
Mapped onto distributed RAM because of timing constraints  
The instance Inst_mi/mi_reg_0_127_15_15 is implemented as distributed LUT RAM for the following reason: The timing constraints suggest that the chosen mapping will yield a better timing.
Related violations: <none>

SYNTH-5#8 Warning
Mapped onto distributed RAM because of timing constraints  
The instance Inst_mi/mi_reg_0_127_16_16 is implemented as distributed LUT RAM for the following reason: The timing constraints suggest that the chosen mapping will yield a better timing.
Related violations: <none>

SYNTH-5#9 Warning
Mapped onto distributed RAM because of timing constraints  
The instance Inst_mi/mi_reg_0_127_17_17 is implemented as distributed LUT RAM for the following reason: The timing constraints suggest that the chosen mapping will yield a better timing.
Related violations: <none>

SYNTH-5#10 Warning
Mapped onto distributed RAM because of timing constraints  
The instance Inst_mi/mi_reg_0_127_18_18 is implemented as distributed LUT RAM for the following reason: The timing constraints suggest that the chosen mapping will yield a better timing.
Related violations: <none>

SYNTH-5#11 Warning
Mapped onto distributed RAM because of timing constraints  
The instance Inst_mi/mi_reg_0_127_19_19 is implemented as distributed LUT RAM for the following reason: The timing constraints suggest that the chosen mapping will yield a better timing.
Related violations: <none>

SYNTH-5#12 Warning
Mapped onto distributed RAM because of timing constraints  
The instance Inst_mi/mi_reg_0_127_1_1 is implemented as distributed LUT RAM for the following reason: The timing constraints suggest that the chosen mapping will yield a better timing.
Related violations: <none>

SYNTH-5#13 Warning
Mapped onto distributed RAM because of timing constraints  
The instance Inst_mi/mi_reg_0_127_20_20 is implemented as distributed LUT RAM for the following reason: The timing constraints suggest that the chosen mapping will yield a better timing.
Related violations: <none>

SYNTH-5#14 Warning
Mapped onto distributed RAM because of timing constraints  
The instance Inst_mi/mi_reg_0_127_21_21 is implemented as distributed LUT RAM for the following reason: The timing constraints suggest that the chosen mapping will yield a better timing.
Related violations: <none>

SYNTH-5#15 Warning
Mapped onto distributed RAM because of timing constraints  
The instance Inst_mi/mi_reg_0_127_22_22 is implemented as distributed LUT RAM for the following reason: The timing constraints suggest that the chosen mapping will yield a better timing.
Related violations: <none>

SYNTH-5#16 Warning
Mapped onto distributed RAM because of timing constraints  
The instance Inst_mi/mi_reg_0_127_23_23 is implemented as distributed LUT RAM for the following reason: The timing constraints suggest that the chosen mapping will yield a better timing.
Related violations: <none>

SYNTH-5#17 Warning
Mapped onto distributed RAM because of timing constraints  
The instance Inst_mi/mi_reg_0_127_24_24 is implemented as distributed LUT RAM for the following reason: The timing constraints suggest that the chosen mapping will yield a better timing.
Related violations: <none>

SYNTH-5#18 Warning
Mapped onto distributed RAM because of timing constraints  
The instance Inst_mi/mi_reg_0_127_25_25 is implemented as distributed LUT RAM for the following reason: The timing constraints suggest that the chosen mapping will yield a better timing.
Related violations: <none>

SYNTH-5#19 Warning
Mapped onto distributed RAM because of timing constraints  
The instance Inst_mi/mi_reg_0_127_26_26 is implemented as distributed LUT RAM for the following reason: The timing constraints suggest that the chosen mapping will yield a better timing.
Related violations: <none>

SYNTH-5#20 Warning
Mapped onto distributed RAM because of timing constraints  
The instance Inst_mi/mi_reg_0_127_27_27 is implemented as distributed LUT RAM for the following reason: The timing constraints suggest that the chosen mapping will yield a better timing.
Related violations: <none>

SYNTH-5#21 Warning
Mapped onto distributed RAM because of timing constraints  
The instance Inst_mi/mi_reg_0_127_28_28 is implemented as distributed LUT RAM for the following reason: The timing constraints suggest that the chosen mapping will yield a better timing.
Related violations: <none>

SYNTH-5#22 Warning
Mapped onto distributed RAM because of timing constraints  
The instance Inst_mi/mi_reg_0_127_29_29 is implemented as distributed LUT RAM for the following reason: The timing constraints suggest that the chosen mapping will yield a better timing.
Related violations: <none>

SYNTH-5#23 Warning
Mapped onto distributed RAM because of timing constraints  
The instance Inst_mi/mi_reg_0_127_2_2 is implemented as distributed LUT RAM for the following reason: The timing constraints suggest that the chosen mapping will yield a better timing.
Related violations: <none>

SYNTH-5#24 Warning
Mapped onto distributed RAM because of timing constraints  
The instance Inst_mi/mi_reg_0_127_30_30 is implemented as distributed LUT RAM for the following reason: The timing constraints suggest that the chosen mapping will yield a better timing.
Related violations: <none>

SYNTH-5#25 Warning
Mapped onto distributed RAM because of timing constraints  
The instance Inst_mi/mi_reg_0_127_31_31 is implemented as distributed LUT RAM for the following reason: The timing constraints suggest that the chosen mapping will yield a better timing.
Related violations: <none>

SYNTH-5#26 Warning
Mapped onto distributed RAM because of timing constraints  
The instance Inst_mi/mi_reg_0_127_3_3 is implemented as distributed LUT RAM for the following reason: The timing constraints suggest that the chosen mapping will yield a better timing.
Related violations: <none>

SYNTH-5#27 Warning
Mapped onto distributed RAM because of timing constraints  
The instance Inst_mi/mi_reg_0_127_4_4 is implemented as distributed LUT RAM for the following reason: The timing constraints suggest that the chosen mapping will yield a better timing.
Related violations: <none>

SYNTH-5#28 Warning
Mapped onto distributed RAM because of timing constraints  
The instance Inst_mi/mi_reg_0_127_5_5 is implemented as distributed LUT RAM for the following reason: The timing constraints suggest that the chosen mapping will yield a better timing.
Related violations: <none>

SYNTH-5#29 Warning
Mapped onto distributed RAM because of timing constraints  
The instance Inst_mi/mi_reg_0_127_6_6 is implemented as distributed LUT RAM for the following reason: The timing constraints suggest that the chosen mapping will yield a better timing.
Related violations: <none>

SYNTH-5#30 Warning
Mapped onto distributed RAM because of timing constraints  
The instance Inst_mi/mi_reg_0_127_7_7 is implemented as distributed LUT RAM for the following reason: The timing constraints suggest that the chosen mapping will yield a better timing.
Related violations: <none>

SYNTH-5#31 Warning
Mapped onto distributed RAM because of timing constraints  
The instance Inst_mi/mi_reg_0_127_8_8 is implemented as distributed LUT RAM for the following reason: The timing constraints suggest that the chosen mapping will yield a better timing.
Related violations: <none>

SYNTH-5#32 Warning
Mapped onto distributed RAM because of timing constraints  
The instance Inst_mi/mi_reg_0_127_9_9 is implemented as distributed LUT RAM for the following reason: The timing constraints suggest that the chosen mapping will yield a better timing.
Related violations: <none>

SYNTH-5#33 Warning
Mapped onto distributed RAM because of timing constraints  
The instance Inst_mi/mi_reg_128_255_0_0 is implemented as distributed LUT RAM for the following reason: The timing constraints suggest that the chosen mapping will yield a better timing.
Related violations: <none>

SYNTH-5#34 Warning
Mapped onto distributed RAM because of timing constraints  
The instance Inst_mi/mi_reg_128_255_10_10 is implemented as distributed LUT RAM for the following reason: The timing constraints suggest that the chosen mapping will yield a better timing.
Related violations: <none>

SYNTH-5#35 Warning
Mapped onto distributed RAM because of timing constraints  
The instance Inst_mi/mi_reg_128_255_11_11 is implemented as distributed LUT RAM for the following reason: The timing constraints suggest that the chosen mapping will yield a better timing.
Related violations: <none>

SYNTH-5#36 Warning
Mapped onto distributed RAM because of timing constraints  
The instance Inst_mi/mi_reg_128_255_12_12 is implemented as distributed LUT RAM for the following reason: The timing constraints suggest that the chosen mapping will yield a better timing.
Related violations: <none>

SYNTH-5#37 Warning
Mapped onto distributed RAM because of timing constraints  
The instance Inst_mi/mi_reg_128_255_13_13 is implemented as distributed LUT RAM for the following reason: The timing constraints suggest that the chosen mapping will yield a better timing.
Related violations: <none>

SYNTH-5#38 Warning
Mapped onto distributed RAM because of timing constraints  
The instance Inst_mi/mi_reg_128_255_14_14 is implemented as distributed LUT RAM for the following reason: The timing constraints suggest that the chosen mapping will yield a better timing.
Related violations: <none>

SYNTH-5#39 Warning
Mapped onto distributed RAM because of timing constraints  
The instance Inst_mi/mi_reg_128_255_15_15 is implemented as distributed LUT RAM for the following reason: The timing constraints suggest that the chosen mapping will yield a better timing.
Related violations: <none>

SYNTH-5#40 Warning
Mapped onto distributed RAM because of timing constraints  
The instance Inst_mi/mi_reg_128_255_16_16 is implemented as distributed LUT RAM for the following reason: The timing constraints suggest that the chosen mapping will yield a better timing.
Related violations: <none>

SYNTH-5#41 Warning
Mapped onto distributed RAM because of timing constraints  
The instance Inst_mi/mi_reg_128_255_17_17 is implemented as distributed LUT RAM for the following reason: The timing constraints suggest that the chosen mapping will yield a better timing.
Related violations: <none>

SYNTH-5#42 Warning
Mapped onto distributed RAM because of timing constraints  
The instance Inst_mi/mi_reg_128_255_18_18 is implemented as distributed LUT RAM for the following reason: The timing constraints suggest that the chosen mapping will yield a better timing.
Related violations: <none>

SYNTH-5#43 Warning
Mapped onto distributed RAM because of timing constraints  
The instance Inst_mi/mi_reg_128_255_19_19 is implemented as distributed LUT RAM for the following reason: The timing constraints suggest that the chosen mapping will yield a better timing.
Related violations: <none>

SYNTH-5#44 Warning
Mapped onto distributed RAM because of timing constraints  
The instance Inst_mi/mi_reg_128_255_1_1 is implemented as distributed LUT RAM for the following reason: The timing constraints suggest that the chosen mapping will yield a better timing.
Related violations: <none>

SYNTH-5#45 Warning
Mapped onto distributed RAM because of timing constraints  
The instance Inst_mi/mi_reg_128_255_20_20 is implemented as distributed LUT RAM for the following reason: The timing constraints suggest that the chosen mapping will yield a better timing.
Related violations: <none>

SYNTH-5#46 Warning
Mapped onto distributed RAM because of timing constraints  
The instance Inst_mi/mi_reg_128_255_21_21 is implemented as distributed LUT RAM for the following reason: The timing constraints suggest that the chosen mapping will yield a better timing.
Related violations: <none>

SYNTH-5#47 Warning
Mapped onto distributed RAM because of timing constraints  
The instance Inst_mi/mi_reg_128_255_22_22 is implemented as distributed LUT RAM for the following reason: The timing constraints suggest that the chosen mapping will yield a better timing.
Related violations: <none>

SYNTH-5#48 Warning
Mapped onto distributed RAM because of timing constraints  
The instance Inst_mi/mi_reg_128_255_23_23 is implemented as distributed LUT RAM for the following reason: The timing constraints suggest that the chosen mapping will yield a better timing.
Related violations: <none>

SYNTH-5#49 Warning
Mapped onto distributed RAM because of timing constraints  
The instance Inst_mi/mi_reg_128_255_24_24 is implemented as distributed LUT RAM for the following reason: The timing constraints suggest that the chosen mapping will yield a better timing.
Related violations: <none>

SYNTH-5#50 Warning
Mapped onto distributed RAM because of timing constraints  
The instance Inst_mi/mi_reg_128_255_25_25 is implemented as distributed LUT RAM for the following reason: The timing constraints suggest that the chosen mapping will yield a better timing.
Related violations: <none>

SYNTH-5#51 Warning
Mapped onto distributed RAM because of timing constraints  
The instance Inst_mi/mi_reg_128_255_26_26 is implemented as distributed LUT RAM for the following reason: The timing constraints suggest that the chosen mapping will yield a better timing.
Related violations: <none>

SYNTH-5#52 Warning
Mapped onto distributed RAM because of timing constraints  
The instance Inst_mi/mi_reg_128_255_27_27 is implemented as distributed LUT RAM for the following reason: The timing constraints suggest that the chosen mapping will yield a better timing.
Related violations: <none>

SYNTH-5#53 Warning
Mapped onto distributed RAM because of timing constraints  
The instance Inst_mi/mi_reg_128_255_28_28 is implemented as distributed LUT RAM for the following reason: The timing constraints suggest that the chosen mapping will yield a better timing.
Related violations: <none>

SYNTH-5#54 Warning
Mapped onto distributed RAM because of timing constraints  
The instance Inst_mi/mi_reg_128_255_29_29 is implemented as distributed LUT RAM for the following reason: The timing constraints suggest that the chosen mapping will yield a better timing.
Related violations: <none>

SYNTH-5#55 Warning
Mapped onto distributed RAM because of timing constraints  
The instance Inst_mi/mi_reg_128_255_2_2 is implemented as distributed LUT RAM for the following reason: The timing constraints suggest that the chosen mapping will yield a better timing.
Related violations: <none>

SYNTH-5#56 Warning
Mapped onto distributed RAM because of timing constraints  
The instance Inst_mi/mi_reg_128_255_30_30 is implemented as distributed LUT RAM for the following reason: The timing constraints suggest that the chosen mapping will yield a better timing.
Related violations: <none>

SYNTH-5#57 Warning
Mapped onto distributed RAM because of timing constraints  
The instance Inst_mi/mi_reg_128_255_31_31 is implemented as distributed LUT RAM for the following reason: The timing constraints suggest that the chosen mapping will yield a better timing.
Related violations: <none>

SYNTH-5#58 Warning
Mapped onto distributed RAM because of timing constraints  
The instance Inst_mi/mi_reg_128_255_3_3 is implemented as distributed LUT RAM for the following reason: The timing constraints suggest that the chosen mapping will yield a better timing.
Related violations: <none>

SYNTH-5#59 Warning
Mapped onto distributed RAM because of timing constraints  
The instance Inst_mi/mi_reg_128_255_4_4 is implemented as distributed LUT RAM for the following reason: The timing constraints suggest that the chosen mapping will yield a better timing.
Related violations: <none>

SYNTH-5#60 Warning
Mapped onto distributed RAM because of timing constraints  
The instance Inst_mi/mi_reg_128_255_5_5 is implemented as distributed LUT RAM for the following reason: The timing constraints suggest that the chosen mapping will yield a better timing.
Related violations: <none>

SYNTH-5#61 Warning
Mapped onto distributed RAM because of timing constraints  
The instance Inst_mi/mi_reg_128_255_6_6 is implemented as distributed LUT RAM for the following reason: The timing constraints suggest that the chosen mapping will yield a better timing.
Related violations: <none>

SYNTH-5#62 Warning
Mapped onto distributed RAM because of timing constraints  
The instance Inst_mi/mi_reg_128_255_7_7 is implemented as distributed LUT RAM for the following reason: The timing constraints suggest that the chosen mapping will yield a better timing.
Related violations: <none>

SYNTH-5#63 Warning
Mapped onto distributed RAM because of timing constraints  
The instance Inst_mi/mi_reg_128_255_8_8 is implemented as distributed LUT RAM for the following reason: The timing constraints suggest that the chosen mapping will yield a better timing.
Related violations: <none>

SYNTH-5#64 Warning
Mapped onto distributed RAM because of timing constraints  
The instance Inst_mi/mi_reg_128_255_9_9 is implemented as distributed LUT RAM for the following reason: The timing constraints suggest that the chosen mapping will yield a better timing.
Related violations: <none>

SYNTH-5#65 Warning
Mapped onto distributed RAM because of timing constraints  
The instance Inst_mi/mi_reg_256_383_0_0 is implemented as distributed LUT RAM for the following reason: The timing constraints suggest that the chosen mapping will yield a better timing.
Related violations: <none>

SYNTH-5#66 Warning
Mapped onto distributed RAM because of timing constraints  
The instance Inst_mi/mi_reg_256_383_10_10 is implemented as distributed LUT RAM for the following reason: The timing constraints suggest that the chosen mapping will yield a better timing.
Related violations: <none>

SYNTH-5#67 Warning
Mapped onto distributed RAM because of timing constraints  
The instance Inst_mi/mi_reg_256_383_11_11 is implemented as distributed LUT RAM for the following reason: The timing constraints suggest that the chosen mapping will yield a better timing.
Related violations: <none>

SYNTH-5#68 Warning
Mapped onto distributed RAM because of timing constraints  
The instance Inst_mi/mi_reg_256_383_12_12 is implemented as distributed LUT RAM for the following reason: The timing constraints suggest that the chosen mapping will yield a better timing.
Related violations: <none>

SYNTH-5#69 Warning
Mapped onto distributed RAM because of timing constraints  
The instance Inst_mi/mi_reg_256_383_13_13 is implemented as distributed LUT RAM for the following reason: The timing constraints suggest that the chosen mapping will yield a better timing.
Related violations: <none>

SYNTH-5#70 Warning
Mapped onto distributed RAM because of timing constraints  
The instance Inst_mi/mi_reg_256_383_14_14 is implemented as distributed LUT RAM for the following reason: The timing constraints suggest that the chosen mapping will yield a better timing.
Related violations: <none>

SYNTH-5#71 Warning
Mapped onto distributed RAM because of timing constraints  
The instance Inst_mi/mi_reg_256_383_15_15 is implemented as distributed LUT RAM for the following reason: The timing constraints suggest that the chosen mapping will yield a better timing.
Related violations: <none>

SYNTH-5#72 Warning
Mapped onto distributed RAM because of timing constraints  
The instance Inst_mi/mi_reg_256_383_16_16 is implemented as distributed LUT RAM for the following reason: The timing constraints suggest that the chosen mapping will yield a better timing.
Related violations: <none>

SYNTH-5#73 Warning
Mapped onto distributed RAM because of timing constraints  
The instance Inst_mi/mi_reg_256_383_17_17 is implemented as distributed LUT RAM for the following reason: The timing constraints suggest that the chosen mapping will yield a better timing.
Related violations: <none>

SYNTH-5#74 Warning
Mapped onto distributed RAM because of timing constraints  
The instance Inst_mi/mi_reg_256_383_18_18 is implemented as distributed LUT RAM for the following reason: The timing constraints suggest that the chosen mapping will yield a better timing.
Related violations: <none>

SYNTH-5#75 Warning
Mapped onto distributed RAM because of timing constraints  
The instance Inst_mi/mi_reg_256_383_19_19 is implemented as distributed LUT RAM for the following reason: The timing constraints suggest that the chosen mapping will yield a better timing.
Related violations: <none>

SYNTH-5#76 Warning
Mapped onto distributed RAM because of timing constraints  
The instance Inst_mi/mi_reg_256_383_1_1 is implemented as distributed LUT RAM for the following reason: The timing constraints suggest that the chosen mapping will yield a better timing.
Related violations: <none>

SYNTH-5#77 Warning
Mapped onto distributed RAM because of timing constraints  
The instance Inst_mi/mi_reg_256_383_20_20 is implemented as distributed LUT RAM for the following reason: The timing constraints suggest that the chosen mapping will yield a better timing.
Related violations: <none>

SYNTH-5#78 Warning
Mapped onto distributed RAM because of timing constraints  
The instance Inst_mi/mi_reg_256_383_21_21 is implemented as distributed LUT RAM for the following reason: The timing constraints suggest that the chosen mapping will yield a better timing.
Related violations: <none>

SYNTH-5#79 Warning
Mapped onto distributed RAM because of timing constraints  
The instance Inst_mi/mi_reg_256_383_22_22 is implemented as distributed LUT RAM for the following reason: The timing constraints suggest that the chosen mapping will yield a better timing.
Related violations: <none>

SYNTH-5#80 Warning
Mapped onto distributed RAM because of timing constraints  
The instance Inst_mi/mi_reg_256_383_23_23 is implemented as distributed LUT RAM for the following reason: The timing constraints suggest that the chosen mapping will yield a better timing.
Related violations: <none>

SYNTH-5#81 Warning
Mapped onto distributed RAM because of timing constraints  
The instance Inst_mi/mi_reg_256_383_24_24 is implemented as distributed LUT RAM for the following reason: The timing constraints suggest that the chosen mapping will yield a better timing.
Related violations: <none>

SYNTH-5#82 Warning
Mapped onto distributed RAM because of timing constraints  
The instance Inst_mi/mi_reg_256_383_25_25 is implemented as distributed LUT RAM for the following reason: The timing constraints suggest that the chosen mapping will yield a better timing.
Related violations: <none>

SYNTH-5#83 Warning
Mapped onto distributed RAM because of timing constraints  
The instance Inst_mi/mi_reg_256_383_26_26 is implemented as distributed LUT RAM for the following reason: The timing constraints suggest that the chosen mapping will yield a better timing.
Related violations: <none>

SYNTH-5#84 Warning
Mapped onto distributed RAM because of timing constraints  
The instance Inst_mi/mi_reg_256_383_27_27 is implemented as distributed LUT RAM for the following reason: The timing constraints suggest that the chosen mapping will yield a better timing.
Related violations: <none>

SYNTH-5#85 Warning
Mapped onto distributed RAM because of timing constraints  
The instance Inst_mi/mi_reg_256_383_28_28 is implemented as distributed LUT RAM for the following reason: The timing constraints suggest that the chosen mapping will yield a better timing.
Related violations: <none>

SYNTH-5#86 Warning
Mapped onto distributed RAM because of timing constraints  
The instance Inst_mi/mi_reg_256_383_29_29 is implemented as distributed LUT RAM for the following reason: The timing constraints suggest that the chosen mapping will yield a better timing.
Related violations: <none>

SYNTH-5#87 Warning
Mapped onto distributed RAM because of timing constraints  
The instance Inst_mi/mi_reg_256_383_2_2 is implemented as distributed LUT RAM for the following reason: The timing constraints suggest that the chosen mapping will yield a better timing.
Related violations: <none>

SYNTH-5#88 Warning
Mapped onto distributed RAM because of timing constraints  
The instance Inst_mi/mi_reg_256_383_30_30 is implemented as distributed LUT RAM for the following reason: The timing constraints suggest that the chosen mapping will yield a better timing.
Related violations: <none>

SYNTH-5#89 Warning
Mapped onto distributed RAM because of timing constraints  
The instance Inst_mi/mi_reg_256_383_31_31 is implemented as distributed LUT RAM for the following reason: The timing constraints suggest that the chosen mapping will yield a better timing.
Related violations: <none>

SYNTH-5#90 Warning
Mapped onto distributed RAM because of timing constraints  
The instance Inst_mi/mi_reg_256_383_3_3 is implemented as distributed LUT RAM for the following reason: The timing constraints suggest that the chosen mapping will yield a better timing.
Related violations: <none>

SYNTH-5#91 Warning
Mapped onto distributed RAM because of timing constraints  
The instance Inst_mi/mi_reg_256_383_4_4 is implemented as distributed LUT RAM for the following reason: The timing constraints suggest that the chosen mapping will yield a better timing.
Related violations: <none>

SYNTH-5#92 Warning
Mapped onto distributed RAM because of timing constraints  
The instance Inst_mi/mi_reg_256_383_5_5 is implemented as distributed LUT RAM for the following reason: The timing constraints suggest that the chosen mapping will yield a better timing.
Related violations: <none>

SYNTH-5#93 Warning
Mapped onto distributed RAM because of timing constraints  
The instance Inst_mi/mi_reg_256_383_6_6 is implemented as distributed LUT RAM for the following reason: The timing constraints suggest that the chosen mapping will yield a better timing.
Related violations: <none>

SYNTH-5#94 Warning
Mapped onto distributed RAM because of timing constraints  
The instance Inst_mi/mi_reg_256_383_7_7 is implemented as distributed LUT RAM for the following reason: The timing constraints suggest that the chosen mapping will yield a better timing.
Related violations: <none>

SYNTH-5#95 Warning
Mapped onto distributed RAM because of timing constraints  
The instance Inst_mi/mi_reg_256_383_8_8 is implemented as distributed LUT RAM for the following reason: The timing constraints suggest that the chosen mapping will yield a better timing.
Related violations: <none>

SYNTH-5#96 Warning
Mapped onto distributed RAM because of timing constraints  
The instance Inst_mi/mi_reg_256_383_9_9 is implemented as distributed LUT RAM for the following reason: The timing constraints suggest that the chosen mapping will yield a better timing.
Related violations: <none>

SYNTH-5#97 Warning
Mapped onto distributed RAM because of timing constraints  
The instance Inst_mi/mi_reg_384_511_0_0 is implemented as distributed LUT RAM for the following reason: The timing constraints suggest that the chosen mapping will yield a better timing.
Related violations: <none>

SYNTH-5#98 Warning
Mapped onto distributed RAM because of timing constraints  
The instance Inst_mi/mi_reg_384_511_10_10 is implemented as distributed LUT RAM for the following reason: The timing constraints suggest that the chosen mapping will yield a better timing.
Related violations: <none>

SYNTH-5#99 Warning
Mapped onto distributed RAM because of timing constraints  
The instance Inst_mi/mi_reg_384_511_11_11 is implemented as distributed LUT RAM for the following reason: The timing constraints suggest that the chosen mapping will yield a better timing.
Related violations: <none>

SYNTH-5#100 Warning
Mapped onto distributed RAM because of timing constraints  
The instance Inst_mi/mi_reg_384_511_12_12 is implemented as distributed LUT RAM for the following reason: The timing constraints suggest that the chosen mapping will yield a better timing.
Related violations: <none>

SYNTH-5#101 Warning
Mapped onto distributed RAM because of timing constraints  
The instance Inst_mi/mi_reg_384_511_13_13 is implemented as distributed LUT RAM for the following reason: The timing constraints suggest that the chosen mapping will yield a better timing.
Related violations: <none>

SYNTH-5#102 Warning
Mapped onto distributed RAM because of timing constraints  
The instance Inst_mi/mi_reg_384_511_14_14 is implemented as distributed LUT RAM for the following reason: The timing constraints suggest that the chosen mapping will yield a better timing.
Related violations: <none>

SYNTH-5#103 Warning
Mapped onto distributed RAM because of timing constraints  
The instance Inst_mi/mi_reg_384_511_15_15 is implemented as distributed LUT RAM for the following reason: The timing constraints suggest that the chosen mapping will yield a better timing.
Related violations: <none>

SYNTH-5#104 Warning
Mapped onto distributed RAM because of timing constraints  
The instance Inst_mi/mi_reg_384_511_16_16 is implemented as distributed LUT RAM for the following reason: The timing constraints suggest that the chosen mapping will yield a better timing.
Related violations: <none>

SYNTH-5#105 Warning
Mapped onto distributed RAM because of timing constraints  
The instance Inst_mi/mi_reg_384_511_17_17 is implemented as distributed LUT RAM for the following reason: The timing constraints suggest that the chosen mapping will yield a better timing.
Related violations: <none>

SYNTH-5#106 Warning
Mapped onto distributed RAM because of timing constraints  
The instance Inst_mi/mi_reg_384_511_18_18 is implemented as distributed LUT RAM for the following reason: The timing constraints suggest that the chosen mapping will yield a better timing.
Related violations: <none>

SYNTH-5#107 Warning
Mapped onto distributed RAM because of timing constraints  
The instance Inst_mi/mi_reg_384_511_19_19 is implemented as distributed LUT RAM for the following reason: The timing constraints suggest that the chosen mapping will yield a better timing.
Related violations: <none>

SYNTH-5#108 Warning
Mapped onto distributed RAM because of timing constraints  
The instance Inst_mi/mi_reg_384_511_1_1 is implemented as distributed LUT RAM for the following reason: The timing constraints suggest that the chosen mapping will yield a better timing.
Related violations: <none>

SYNTH-5#109 Warning
Mapped onto distributed RAM because of timing constraints  
The instance Inst_mi/mi_reg_384_511_20_20 is implemented as distributed LUT RAM for the following reason: The timing constraints suggest that the chosen mapping will yield a better timing.
Related violations: <none>

SYNTH-5#110 Warning
Mapped onto distributed RAM because of timing constraints  
The instance Inst_mi/mi_reg_384_511_21_21 is implemented as distributed LUT RAM for the following reason: The timing constraints suggest that the chosen mapping will yield a better timing.
Related violations: <none>

SYNTH-5#111 Warning
Mapped onto distributed RAM because of timing constraints  
The instance Inst_mi/mi_reg_384_511_22_22 is implemented as distributed LUT RAM for the following reason: The timing constraints suggest that the chosen mapping will yield a better timing.
Related violations: <none>

SYNTH-5#112 Warning
Mapped onto distributed RAM because of timing constraints  
The instance Inst_mi/mi_reg_384_511_23_23 is implemented as distributed LUT RAM for the following reason: The timing constraints suggest that the chosen mapping will yield a better timing.
Related violations: <none>

SYNTH-5#113 Warning
Mapped onto distributed RAM because of timing constraints  
The instance Inst_mi/mi_reg_384_511_24_24 is implemented as distributed LUT RAM for the following reason: The timing constraints suggest that the chosen mapping will yield a better timing.
Related violations: <none>

SYNTH-5#114 Warning
Mapped onto distributed RAM because of timing constraints  
The instance Inst_mi/mi_reg_384_511_25_25 is implemented as distributed LUT RAM for the following reason: The timing constraints suggest that the chosen mapping will yield a better timing.
Related violations: <none>

SYNTH-5#115 Warning
Mapped onto distributed RAM because of timing constraints  
The instance Inst_mi/mi_reg_384_511_26_26 is implemented as distributed LUT RAM for the following reason: The timing constraints suggest that the chosen mapping will yield a better timing.
Related violations: <none>

SYNTH-5#116 Warning
Mapped onto distributed RAM because of timing constraints  
The instance Inst_mi/mi_reg_384_511_27_27 is implemented as distributed LUT RAM for the following reason: The timing constraints suggest that the chosen mapping will yield a better timing.
Related violations: <none>

SYNTH-5#117 Warning
Mapped onto distributed RAM because of timing constraints  
The instance Inst_mi/mi_reg_384_511_28_28 is implemented as distributed LUT RAM for the following reason: The timing constraints suggest that the chosen mapping will yield a better timing.
Related violations: <none>

SYNTH-5#118 Warning
Mapped onto distributed RAM because of timing constraints  
The instance Inst_mi/mi_reg_384_511_29_29 is implemented as distributed LUT RAM for the following reason: The timing constraints suggest that the chosen mapping will yield a better timing.
Related violations: <none>

SYNTH-5#119 Warning
Mapped onto distributed RAM because of timing constraints  
The instance Inst_mi/mi_reg_384_511_2_2 is implemented as distributed LUT RAM for the following reason: The timing constraints suggest that the chosen mapping will yield a better timing.
Related violations: <none>

SYNTH-5#120 Warning
Mapped onto distributed RAM because of timing constraints  
The instance Inst_mi/mi_reg_384_511_30_30 is implemented as distributed LUT RAM for the following reason: The timing constraints suggest that the chosen mapping will yield a better timing.
Related violations: <none>

SYNTH-5#121 Warning
Mapped onto distributed RAM because of timing constraints  
The instance Inst_mi/mi_reg_384_511_31_31 is implemented as distributed LUT RAM for the following reason: The timing constraints suggest that the chosen mapping will yield a better timing.
Related violations: <none>

SYNTH-5#122 Warning
Mapped onto distributed RAM because of timing constraints  
The instance Inst_mi/mi_reg_384_511_3_3 is implemented as distributed LUT RAM for the following reason: The timing constraints suggest that the chosen mapping will yield a better timing.
Related violations: <none>

SYNTH-5#123 Warning
Mapped onto distributed RAM because of timing constraints  
The instance Inst_mi/mi_reg_384_511_4_4 is implemented as distributed LUT RAM for the following reason: The timing constraints suggest that the chosen mapping will yield a better timing.
Related violations: <none>

SYNTH-5#124 Warning
Mapped onto distributed RAM because of timing constraints  
The instance Inst_mi/mi_reg_384_511_5_5 is implemented as distributed LUT RAM for the following reason: The timing constraints suggest that the chosen mapping will yield a better timing.
Related violations: <none>

SYNTH-5#125 Warning
Mapped onto distributed RAM because of timing constraints  
The instance Inst_mi/mi_reg_384_511_6_6 is implemented as distributed LUT RAM for the following reason: The timing constraints suggest that the chosen mapping will yield a better timing.
Related violations: <none>

SYNTH-5#126 Warning
Mapped onto distributed RAM because of timing constraints  
The instance Inst_mi/mi_reg_384_511_7_7 is implemented as distributed LUT RAM for the following reason: The timing constraints suggest that the chosen mapping will yield a better timing.
Related violations: <none>

SYNTH-5#127 Warning
Mapped onto distributed RAM because of timing constraints  
The instance Inst_mi/mi_reg_384_511_8_8 is implemented as distributed LUT RAM for the following reason: The timing constraints suggest that the chosen mapping will yield a better timing.
Related violations: <none>

SYNTH-5#128 Warning
Mapped onto distributed RAM because of timing constraints  
The instance Inst_mi/mi_reg_384_511_9_9 is implemented as distributed LUT RAM for the following reason: The timing constraints suggest that the chosen mapping will yield a better timing.
Related violations: <none>

TIMING-16#1 Warning
Large setup violation  
There is a large setup violation of -1.003 ns between Inst_md_io/flags_in_reg[0]/C (clocked by clk50mhz_clk_wiz_1) and Inst_md_io/Inst_VGA/colaX_reg[36][5]/R (clocked by sys_clk_pin). Large setup violations at the end of those stages might be difficult to fix during the post-placement implementation flow and could be the result of non-optimal XDC constraints or non-optimal design architecture
Related violations: <none>

TIMING-16#2 Warning
Large setup violation  
There is a large setup violation of -1.003 ns between Inst_md_io/flags_in_reg[0]/C (clocked by clk50mhz_clk_wiz_1) and Inst_md_io/Inst_VGA/colaY_reg[36][0]/R (clocked by sys_clk_pin). Large setup violations at the end of those stages might be difficult to fix during the post-placement implementation flow and could be the result of non-optimal XDC constraints or non-optimal design architecture
Related violations: <none>

TIMING-16#3 Warning
Large setup violation  
There is a large setup violation of -1.003 ns between Inst_md_io/flags_in_reg[0]/C (clocked by clk50mhz_clk_wiz_1) and Inst_md_io/Inst_VGA/colaY_reg[55][0]/R (clocked by sys_clk_pin). Large setup violations at the end of those stages might be difficult to fix during the post-placement implementation flow and could be the result of non-optimal XDC constraints or non-optimal design architecture
Related violations: <none>

TIMING-16#4 Warning
Large setup violation  
There is a large setup violation of -1.004 ns between Inst_md_io/flags_in_reg[0]/C (clocked by clk50mhz_clk_wiz_1) and Inst_md_io/Inst_VGA/colaY_reg[4][1]/R (clocked by sys_clk_pin). Large setup violations at the end of those stages might be difficult to fix during the post-placement implementation flow and could be the result of non-optimal XDC constraints or non-optimal design architecture
Related violations: <none>

TIMING-16#5 Warning
Large setup violation  
There is a large setup violation of -1.008 ns between Inst_md_io/flags_in_reg[0]/C (clocked by clk50mhz_clk_wiz_1) and Inst_md_io/Inst_VGA/colaX_reg[16][1]/CE (clocked by sys_clk_pin). Large setup violations at the end of those stages might be difficult to fix during the post-placement implementation flow and could be the result of non-optimal XDC constraints or non-optimal design architecture
Related violations: <none>

TIMING-16#6 Warning
Large setup violation  
There is a large setup violation of -1.008 ns between Inst_md_io/flags_in_reg[0]/C (clocked by clk50mhz_clk_wiz_1) and Inst_md_io/Inst_VGA/colaX_reg[1][2]/R (clocked by sys_clk_pin). Large setup violations at the end of those stages might be difficult to fix during the post-placement implementation flow and could be the result of non-optimal XDC constraints or non-optimal design architecture
Related violations: <none>

TIMING-16#7 Warning
Large setup violation  
There is a large setup violation of -1.008 ns between Inst_md_io/flags_in_reg[0]/C (clocked by clk50mhz_clk_wiz_1) and Inst_md_io/Inst_VGA/colaY_reg[16][2]/CE (clocked by sys_clk_pin). Large setup violations at the end of those stages might be difficult to fix during the post-placement implementation flow and could be the result of non-optimal XDC constraints or non-optimal design architecture
Related violations: <none>

TIMING-16#8 Warning
Large setup violation  
There is a large setup violation of -1.011 ns between Inst_md_io/flags_in_reg[0]/C (clocked by clk50mhz_clk_wiz_1) and Inst_md_io/Inst_VGA/colaX_reg[0][5]/R (clocked by sys_clk_pin). Large setup violations at the end of those stages might be difficult to fix during the post-placement implementation flow and could be the result of non-optimal XDC constraints or non-optimal design architecture
Related violations: <none>

TIMING-16#9 Warning
Large setup violation  
There is a large setup violation of -1.013 ns between Inst_md_io/flags_in_reg[0]/C (clocked by clk50mhz_clk_wiz_1) and Inst_md_io/Inst_VGA/colaY_reg[55][1]/R (clocked by sys_clk_pin). Large setup violations at the end of those stages might be difficult to fix during the post-placement implementation flow and could be the result of non-optimal XDC constraints or non-optimal design architecture
Related violations: <none>

TIMING-16#10 Warning
Large setup violation  
There is a large setup violation of -1.013 ns between Inst_md_io/flags_in_reg[0]/C (clocked by clk50mhz_clk_wiz_1) and Inst_md_io/Inst_VGA/colaY_reg[55][4]/R (clocked by sys_clk_pin). Large setup violations at the end of those stages might be difficult to fix during the post-placement implementation flow and could be the result of non-optimal XDC constraints or non-optimal design architecture
Related violations: <none>

TIMING-16#11 Warning
Large setup violation  
There is a large setup violation of -1.019 ns between Inst_md_io/flags_in_reg[0]/C (clocked by clk50mhz_clk_wiz_1) and Inst_md_io/Inst_VGA/colaX_reg[47][5]/R (clocked by sys_clk_pin). Large setup violations at the end of those stages might be difficult to fix during the post-placement implementation flow and could be the result of non-optimal XDC constraints or non-optimal design architecture
Related violations: <none>

TIMING-16#12 Warning
Large setup violation  
There is a large setup violation of -1.019 ns between Inst_md_io/flags_in_reg[0]/C (clocked by clk50mhz_clk_wiz_1) and Inst_md_io/Inst_VGA/colaY_reg[47][0]/R (clocked by sys_clk_pin). Large setup violations at the end of those stages might be difficult to fix during the post-placement implementation flow and could be the result of non-optimal XDC constraints or non-optimal design architecture
Related violations: <none>

TIMING-16#13 Warning
Large setup violation  
There is a large setup violation of -1.024 ns between Inst_md_io/flags_in_reg[0]/C (clocked by clk50mhz_clk_wiz_1) and Inst_md_io/Inst_VGA/colaY_reg[30][0]/R (clocked by sys_clk_pin). Large setup violations at the end of those stages might be difficult to fix during the post-placement implementation flow and could be the result of non-optimal XDC constraints or non-optimal design architecture
Related violations: <none>

TIMING-16#14 Warning
Large setup violation  
There is a large setup violation of -1.033 ns between Inst_md_io/flags_in_reg[0]/C (clocked by clk50mhz_clk_wiz_1) and Inst_md_io/Inst_VGA/colaX_reg[55][1]/R (clocked by sys_clk_pin). Large setup violations at the end of those stages might be difficult to fix during the post-placement implementation flow and could be the result of non-optimal XDC constraints or non-optimal design architecture
Related violations: <none>

TIMING-16#15 Warning
Large setup violation  
There is a large setup violation of -1.033 ns between Inst_md_io/flags_in_reg[0]/C (clocked by clk50mhz_clk_wiz_1) and Inst_md_io/Inst_VGA/colaX_reg[55][2]/R (clocked by sys_clk_pin). Large setup violations at the end of those stages might be difficult to fix during the post-placement implementation flow and could be the result of non-optimal XDC constraints or non-optimal design architecture
Related violations: <none>

TIMING-16#16 Warning
Large setup violation  
There is a large setup violation of -1.033 ns between Inst_md_io/flags_in_reg[0]/C (clocked by clk50mhz_clk_wiz_1) and Inst_md_io/Inst_VGA/colaX_reg[55][3]/R (clocked by sys_clk_pin). Large setup violations at the end of those stages might be difficult to fix during the post-placement implementation flow and could be the result of non-optimal XDC constraints or non-optimal design architecture
Related violations: <none>

TIMING-16#17 Warning
Large setup violation  
There is a large setup violation of -1.033 ns between Inst_md_io/flags_in_reg[0]/C (clocked by clk50mhz_clk_wiz_1) and Inst_md_io/Inst_VGA/colaX_reg[55][4]/R (clocked by sys_clk_pin). Large setup violations at the end of those stages might be difficult to fix during the post-placement implementation flow and could be the result of non-optimal XDC constraints or non-optimal design architecture
Related violations: <none>

TIMING-16#18 Warning
Large setup violation  
There is a large setup violation of -1.038 ns between Inst_md_io/flags_in_reg[0]/C (clocked by clk50mhz_clk_wiz_1) and Inst_md_io/Inst_VGA/colaX_reg[5][1]/R (clocked by sys_clk_pin). Large setup violations at the end of those stages might be difficult to fix during the post-placement implementation flow and could be the result of non-optimal XDC constraints or non-optimal design architecture
Related violations: <none>

TIMING-16#19 Warning
Large setup violation  
There is a large setup violation of -1.038 ns between Inst_md_io/flags_in_reg[0]/C (clocked by clk50mhz_clk_wiz_1) and Inst_md_io/Inst_VGA/colaX_reg[5][4]/R (clocked by sys_clk_pin). Large setup violations at the end of those stages might be difficult to fix during the post-placement implementation flow and could be the result of non-optimal XDC constraints or non-optimal design architecture
Related violations: <none>

TIMING-16#20 Warning
Large setup violation  
There is a large setup violation of -1.038 ns between Inst_md_io/flags_in_reg[0]/C (clocked by clk50mhz_clk_wiz_1) and Inst_md_io/Inst_VGA/colaY_reg[5][2]/R (clocked by sys_clk_pin). Large setup violations at the end of those stages might be difficult to fix during the post-placement implementation flow and could be the result of non-optimal XDC constraints or non-optimal design architecture
Related violations: <none>

TIMING-16#21 Warning
Large setup violation  
There is a large setup violation of -1.038 ns between Inst_md_io/flags_in_reg[0]/C (clocked by clk50mhz_clk_wiz_1) and Inst_md_io/Inst_VGA/colaY_reg[5][3]/R (clocked by sys_clk_pin). Large setup violations at the end of those stages might be difficult to fix during the post-placement implementation flow and could be the result of non-optimal XDC constraints or non-optimal design architecture
Related violations: <none>

TIMING-16#22 Warning
Large setup violation  
There is a large setup violation of -1.044 ns between Inst_md_io/flags_in_reg[0]/C (clocked by clk50mhz_clk_wiz_1) and Inst_md_io/Inst_VGA/colaX_reg[16][2]/CE (clocked by sys_clk_pin). Large setup violations at the end of those stages might be difficult to fix during the post-placement implementation flow and could be the result of non-optimal XDC constraints or non-optimal design architecture
Related violations: <none>

TIMING-16#23 Warning
Large setup violation  
There is a large setup violation of -1.044 ns between Inst_md_io/flags_in_reg[0]/C (clocked by clk50mhz_clk_wiz_1) and Inst_md_io/Inst_VGA/colaY_reg[18][0]/R (clocked by sys_clk_pin). Large setup violations at the end of those stages might be difficult to fix during the post-placement implementation flow and could be the result of non-optimal XDC constraints or non-optimal design architecture
Related violations: <none>

TIMING-16#24 Warning
Large setup violation  
There is a large setup violation of -1.044 ns between Inst_md_io/flags_in_reg[0]/C (clocked by clk50mhz_clk_wiz_1) and Inst_md_io/Inst_VGA/colaY_reg[18][3]/R (clocked by sys_clk_pin). Large setup violations at the end of those stages might be difficult to fix during the post-placement implementation flow and could be the result of non-optimal XDC constraints or non-optimal design architecture
Related violations: <none>

TIMING-16#25 Warning
Large setup violation  
There is a large setup violation of -1.044 ns between Inst_md_io/flags_in_reg[0]/C (clocked by clk50mhz_clk_wiz_1) and Inst_md_io/Inst_VGA/colaY_reg[18][4]/R (clocked by sys_clk_pin). Large setup violations at the end of those stages might be difficult to fix during the post-placement implementation flow and could be the result of non-optimal XDC constraints or non-optimal design architecture
Related violations: <none>

TIMING-16#26 Warning
Large setup violation  
There is a large setup violation of -1.047 ns between Inst_md_io/flags_in_reg[0]/C (clocked by clk50mhz_clk_wiz_1) and Inst_md_io/Inst_VGA/colaY_reg[7][4]/R (clocked by sys_clk_pin). Large setup violations at the end of those stages might be difficult to fix during the post-placement implementation flow and could be the result of non-optimal XDC constraints or non-optimal design architecture
Related violations: <none>

TIMING-16#27 Warning
Large setup violation  
There is a large setup violation of -1.047 ns between Inst_md_io/flags_in_reg[0]/C (clocked by clk50mhz_clk_wiz_1) and Inst_md_io/Inst_VGA/colaY_reg[7][5]/R (clocked by sys_clk_pin). Large setup violations at the end of those stages might be difficult to fix during the post-placement implementation flow and could be the result of non-optimal XDC constraints or non-optimal design architecture
Related violations: <none>

TIMING-16#28 Warning
Large setup violation  
There is a large setup violation of -1.048 ns between Inst_md_io/flags_in_reg[1]/C (clocked by clk50mhz_clk_wiz_1) and Inst_md_io/Inst_VGA/colaX_reg[20][4]/R (clocked by sys_clk_pin). Large setup violations at the end of those stages might be difficult to fix during the post-placement implementation flow and could be the result of non-optimal XDC constraints or non-optimal design architecture
Related violations: <none>

TIMING-16#29 Warning
Large setup violation  
There is a large setup violation of -1.048 ns between Inst_md_io/flags_in_reg[1]/C (clocked by clk50mhz_clk_wiz_1) and Inst_md_io/Inst_VGA/colaY_reg[20][3]/R (clocked by sys_clk_pin). Large setup violations at the end of those stages might be difficult to fix during the post-placement implementation flow and could be the result of non-optimal XDC constraints or non-optimal design architecture
Related violations: <none>

TIMING-16#30 Warning
Large setup violation  
There is a large setup violation of -1.048 ns between Inst_md_io/flags_in_reg[1]/C (clocked by clk50mhz_clk_wiz_1) and Inst_md_io/Inst_VGA/colaY_reg[20][4]/R (clocked by sys_clk_pin). Large setup violations at the end of those stages might be difficult to fix during the post-placement implementation flow and could be the result of non-optimal XDC constraints or non-optimal design architecture
Related violations: <none>

TIMING-16#31 Warning
Large setup violation  
There is a large setup violation of -1.048 ns between Inst_md_io/flags_in_reg[1]/C (clocked by clk50mhz_clk_wiz_1) and Inst_md_io/Inst_VGA/colaY_reg[20][5]/R (clocked by sys_clk_pin). Large setup violations at the end of those stages might be difficult to fix during the post-placement implementation flow and could be the result of non-optimal XDC constraints or non-optimal design architecture
Related violations: <none>

TIMING-16#32 Warning
Large setup violation  
There is a large setup violation of -1.054 ns between Inst_md_io/flags_in_reg[0]/C (clocked by clk50mhz_clk_wiz_1) and Inst_md_io/Inst_VGA/colaY_reg[30][5]/R (clocked by sys_clk_pin). Large setup violations at the end of those stages might be difficult to fix during the post-placement implementation flow and could be the result of non-optimal XDC constraints or non-optimal design architecture
Related violations: <none>

TIMING-16#33 Warning
Large setup violation  
There is a large setup violation of -1.056 ns between Inst_md_io/flags_in_reg[0]/C (clocked by clk50mhz_clk_wiz_1) and Inst_md_io/Inst_VGA/colaX_reg[16][0]/CE (clocked by sys_clk_pin). Large setup violations at the end of those stages might be difficult to fix during the post-placement implementation flow and could be the result of non-optimal XDC constraints or non-optimal design architecture
Related violations: <none>

TIMING-16#34 Warning
Large setup violation  
There is a large setup violation of -1.065 ns between Inst_md_io/flags_in_reg[0]/C (clocked by clk50mhz_clk_wiz_1) and Inst_md_io/Inst_VGA/colaX_reg[52][0]/R (clocked by sys_clk_pin). Large setup violations at the end of those stages might be difficult to fix during the post-placement implementation flow and could be the result of non-optimal XDC constraints or non-optimal design architecture
Related violations: <none>

TIMING-16#35 Warning
Large setup violation  
There is a large setup violation of -1.070 ns between Inst_md_io/flags_in_reg[0]/C (clocked by clk50mhz_clk_wiz_1) and Inst_md_io/Inst_VGA/colaX_reg[1][1]/R (clocked by sys_clk_pin). Large setup violations at the end of those stages might be difficult to fix during the post-placement implementation flow and could be the result of non-optimal XDC constraints or non-optimal design architecture
Related violations: <none>

TIMING-16#36 Warning
Large setup violation  
There is a large setup violation of -1.071 ns between Inst_md_io/flags_in_reg[0]/C (clocked by clk50mhz_clk_wiz_1) and Inst_md_io/Inst_VGA/colaX_reg[2][5]/R (clocked by sys_clk_pin). Large setup violations at the end of those stages might be difficult to fix during the post-placement implementation flow and could be the result of non-optimal XDC constraints or non-optimal design architecture
Related violations: <none>

TIMING-16#37 Warning
Large setup violation  
There is a large setup violation of -1.071 ns between Inst_md_io/head_y_reg[0]/C (clocked by clk50mhz_clk_wiz_1) and Inst_md_io/Inst_VGA/rand_y_unit/counter_reg[5]/D (clocked by sys_clk_pin). Large setup violations at the end of those stages might be difficult to fix during the post-placement implementation flow and could be the result of non-optimal XDC constraints or non-optimal design architecture
Related violations: <none>

TIMING-16#38 Warning
Large setup violation  
There is a large setup violation of -1.071 ns between Inst_md_io/head_y_reg[0]/C (clocked by clk50mhz_clk_wiz_1) and Inst_md_io/Inst_VGA/rand_y_unit/counter_reg[5]_replica/D (clocked by sys_clk_pin). Large setup violations at the end of those stages might be difficult to fix during the post-placement implementation flow and could be the result of non-optimal XDC constraints or non-optimal design architecture
Related violations: <none>

TIMING-16#39 Warning
Large setup violation  
There is a large setup violation of -1.075 ns between Inst_md_io/flags_in_reg[0]/C (clocked by clk50mhz_clk_wiz_1) and Inst_md_io/Inst_VGA/colaX_reg[4][1]/R (clocked by sys_clk_pin). Large setup violations at the end of those stages might be difficult to fix during the post-placement implementation flow and could be the result of non-optimal XDC constraints or non-optimal design architecture
Related violations: <none>

TIMING-16#40 Warning
Large setup violation  
There is a large setup violation of -1.075 ns between Inst_md_io/flags_in_reg[0]/C (clocked by clk50mhz_clk_wiz_1) and Inst_md_io/Inst_VGA/colaX_reg[4][2]/R (clocked by sys_clk_pin). Large setup violations at the end of those stages might be difficult to fix during the post-placement implementation flow and could be the result of non-optimal XDC constraints or non-optimal design architecture
Related violations: <none>

TIMING-16#41 Warning
Large setup violation  
There is a large setup violation of -1.075 ns between Inst_md_io/flags_in_reg[0]/C (clocked by clk50mhz_clk_wiz_1) and Inst_md_io/Inst_VGA/colaY_reg[4][4]/R (clocked by sys_clk_pin). Large setup violations at the end of those stages might be difficult to fix during the post-placement implementation flow and could be the result of non-optimal XDC constraints or non-optimal design architecture
Related violations: <none>

TIMING-16#42 Warning
Large setup violation  
There is a large setup violation of -1.076 ns between Inst_md_io/flags_in_reg[0]/C (clocked by clk50mhz_clk_wiz_1) and Inst_md_io/Inst_VGA/colaX_reg[18][4]/CE (clocked by sys_clk_pin). Large setup violations at the end of those stages might be difficult to fix during the post-placement implementation flow and could be the result of non-optimal XDC constraints or non-optimal design architecture
Related violations: <none>

TIMING-16#43 Warning
Large setup violation  
There is a large setup violation of -1.076 ns between Inst_md_io/flags_in_reg[0]/C (clocked by clk50mhz_clk_wiz_1) and Inst_md_io/Inst_VGA/colaX_reg[19][4]/R (clocked by sys_clk_pin). Large setup violations at the end of those stages might be difficult to fix during the post-placement implementation flow and could be the result of non-optimal XDC constraints or non-optimal design architecture
Related violations: <none>

TIMING-16#44 Warning
Large setup violation  
There is a large setup violation of -1.078 ns between Inst_md_io/flags_in_reg[0]/C (clocked by clk50mhz_clk_wiz_1) and Inst_md_io/Inst_VGA/colaX_reg[2][1]/R (clocked by sys_clk_pin). Large setup violations at the end of those stages might be difficult to fix during the post-placement implementation flow and could be the result of non-optimal XDC constraints or non-optimal design architecture
Related violations: <none>

TIMING-16#45 Warning
Large setup violation  
There is a large setup violation of -1.078 ns between Inst_md_io/flags_in_reg[0]/C (clocked by clk50mhz_clk_wiz_1) and Inst_md_io/Inst_VGA/colaX_reg[2][3]/R (clocked by sys_clk_pin). Large setup violations at the end of those stages might be difficult to fix during the post-placement implementation flow and could be the result of non-optimal XDC constraints or non-optimal design architecture
Related violations: <none>

TIMING-16#46 Warning
Large setup violation  
There is a large setup violation of -1.079 ns between Inst_md_io/flags_in_reg[0]/C (clocked by clk50mhz_clk_wiz_1) and Inst_md_io/Inst_VGA/colaY_reg[0][5]/R (clocked by sys_clk_pin). Large setup violations at the end of those stages might be difficult to fix during the post-placement implementation flow and could be the result of non-optimal XDC constraints or non-optimal design architecture
Related violations: <none>

TIMING-16#47 Warning
Large setup violation  
There is a large setup violation of -1.080 ns between Inst_md_io/flags_in_reg[0]/C (clocked by clk50mhz_clk_wiz_1) and Inst_md_io/Inst_VGA/colaX_reg[19][0]/R (clocked by sys_clk_pin). Large setup violations at the end of those stages might be difficult to fix during the post-placement implementation flow and could be the result of non-optimal XDC constraints or non-optimal design architecture
Related violations: <none>

TIMING-16#48 Warning
Large setup violation  
There is a large setup violation of -1.082 ns between Inst_md_io/flags_in_reg[0]/C (clocked by clk50mhz_clk_wiz_1) and Inst_md_io/Inst_VGA/colaX_reg[33][4]/R (clocked by sys_clk_pin). Large setup violations at the end of those stages might be difficult to fix during the post-placement implementation flow and could be the result of non-optimal XDC constraints or non-optimal design architecture
Related violations: <none>

TIMING-16#49 Warning
Large setup violation  
There is a large setup violation of -1.083 ns between Inst_md_io/flags_in_reg[0]/C (clocked by clk50mhz_clk_wiz_1) and Inst_md_io/Inst_VGA/colaX_reg[11][0]/R (clocked by sys_clk_pin). Large setup violations at the end of those stages might be difficult to fix during the post-placement implementation flow and could be the result of non-optimal XDC constraints or non-optimal design architecture
Related violations: <none>

TIMING-16#50 Warning
Large setup violation  
There is a large setup violation of -1.083 ns between Inst_md_io/flags_in_reg[0]/C (clocked by clk50mhz_clk_wiz_1) and Inst_md_io/Inst_VGA/colaX_reg[11][2]/R (clocked by sys_clk_pin). Large setup violations at the end of those stages might be difficult to fix during the post-placement implementation flow and could be the result of non-optimal XDC constraints or non-optimal design architecture
Related violations: <none>

TIMING-16#51 Warning
Large setup violation  
There is a large setup violation of -1.083 ns between Inst_md_io/flags_in_reg[0]/C (clocked by clk50mhz_clk_wiz_1) and Inst_md_io/Inst_VGA/colaX_reg[11][3]/R (clocked by sys_clk_pin). Large setup violations at the end of those stages might be difficult to fix during the post-placement implementation flow and could be the result of non-optimal XDC constraints or non-optimal design architecture
Related violations: <none>

TIMING-16#52 Warning
Large setup violation  
There is a large setup violation of -1.083 ns between Inst_md_io/flags_in_reg[0]/C (clocked by clk50mhz_clk_wiz_1) and Inst_md_io/Inst_VGA/colaX_reg[11][4]/R (clocked by sys_clk_pin). Large setup violations at the end of those stages might be difficult to fix during the post-placement implementation flow and could be the result of non-optimal XDC constraints or non-optimal design architecture
Related violations: <none>

TIMING-16#53 Warning
Large setup violation  
There is a large setup violation of -1.086 ns between Inst_md_io/flags_in_reg[0]/C (clocked by clk50mhz_clk_wiz_1) and Inst_md_io/Inst_VGA/colaX_reg[36][2]/R (clocked by sys_clk_pin). Large setup violations at the end of those stages might be difficult to fix during the post-placement implementation flow and could be the result of non-optimal XDC constraints or non-optimal design architecture
Related violations: <none>

TIMING-16#54 Warning
Large setup violation  
There is a large setup violation of -1.086 ns between Inst_md_io/flags_in_reg[1]/C (clocked by clk50mhz_clk_wiz_1) and Inst_md_io/Inst_VGA/colaX_reg[20][0]/R (clocked by sys_clk_pin). Large setup violations at the end of those stages might be difficult to fix during the post-placement implementation flow and could be the result of non-optimal XDC constraints or non-optimal design architecture
Related violations: <none>

TIMING-16#55 Warning
Large setup violation  
There is a large setup violation of -1.086 ns between Inst_md_io/flags_in_reg[1]/C (clocked by clk50mhz_clk_wiz_1) and Inst_md_io/Inst_VGA/colaX_reg[20][5]/R (clocked by sys_clk_pin). Large setup violations at the end of those stages might be difficult to fix during the post-placement implementation flow and could be the result of non-optimal XDC constraints or non-optimal design architecture
Related violations: <none>

TIMING-16#56 Warning
Large setup violation  
There is a large setup violation of -1.088 ns between Inst_md_io/flags_in_reg[0]/C (clocked by clk50mhz_clk_wiz_1) and Inst_md_io/Inst_VGA/colaY_reg[11][1]/R (clocked by sys_clk_pin). Large setup violations at the end of those stages might be difficult to fix during the post-placement implementation flow and could be the result of non-optimal XDC constraints or non-optimal design architecture
Related violations: <none>

TIMING-16#57 Warning
Large setup violation  
There is a large setup violation of -1.090 ns between Inst_md_io/flags_in_reg[0]/C (clocked by clk50mhz_clk_wiz_1) and Inst_md_io/Inst_VGA/colaX_reg[19][1]/R (clocked by sys_clk_pin). Large setup violations at the end of those stages might be difficult to fix during the post-placement implementation flow and could be the result of non-optimal XDC constraints or non-optimal design architecture
Related violations: <none>

TIMING-16#58 Warning
Large setup violation  
There is a large setup violation of -1.090 ns between Inst_md_io/flags_in_reg[0]/C (clocked by clk50mhz_clk_wiz_1) and Inst_md_io/Inst_VGA/colaY_reg[30][2]/R (clocked by sys_clk_pin). Large setup violations at the end of those stages might be difficult to fix during the post-placement implementation flow and could be the result of non-optimal XDC constraints or non-optimal design architecture
Related violations: <none>

TIMING-16#59 Warning
Large setup violation  
There is a large setup violation of -1.090 ns between Inst_md_io/flags_in_reg[0]/C (clocked by clk50mhz_clk_wiz_1) and Inst_md_io/Inst_VGA/colaY_reg[30][3]/R (clocked by sys_clk_pin). Large setup violations at the end of those stages might be difficult to fix during the post-placement implementation flow and could be the result of non-optimal XDC constraints or non-optimal design architecture
Related violations: <none>

TIMING-16#60 Warning
Large setup violation  
There is a large setup violation of -1.090 ns between Inst_md_io/flags_in_reg[0]/C (clocked by clk50mhz_clk_wiz_1) and Inst_md_io/Inst_VGA/colaY_reg[30][4]/R (clocked by sys_clk_pin). Large setup violations at the end of those stages might be difficult to fix during the post-placement implementation flow and could be the result of non-optimal XDC constraints or non-optimal design architecture
Related violations: <none>

TIMING-16#61 Warning
Large setup violation  
There is a large setup violation of -1.092 ns between Inst_md_io/flags_in_reg[0]/C (clocked by clk50mhz_clk_wiz_1) and Inst_md_io/Inst_VGA/colaX_reg[30][0]/R (clocked by sys_clk_pin). Large setup violations at the end of those stages might be difficult to fix during the post-placement implementation flow and could be the result of non-optimal XDC constraints or non-optimal design architecture
Related violations: <none>

TIMING-16#62 Warning
Large setup violation  
There is a large setup violation of -1.093 ns between Inst_md_io/head_y_reg[0]/C (clocked by clk50mhz_clk_wiz_1) and Inst_md_io/Inst_VGA/rand_y_unit/counter_reg[4]_replica_1/D (clocked by sys_clk_pin). Large setup violations at the end of those stages might be difficult to fix during the post-placement implementation flow and could be the result of non-optimal XDC constraints or non-optimal design architecture
Related violations: <none>

TIMING-16#63 Warning
Large setup violation  
There is a large setup violation of -1.096 ns between Inst_md_io/flags_in_reg[1]/C (clocked by clk50mhz_clk_wiz_1) and Inst_md_io/Inst_VGA/colaX_reg[20][1]/R (clocked by sys_clk_pin). Large setup violations at the end of those stages might be difficult to fix during the post-placement implementation flow and could be the result of non-optimal XDC constraints or non-optimal design architecture
Related violations: <none>

TIMING-16#64 Warning
Large setup violation  
There is a large setup violation of -1.096 ns between Inst_md_io/flags_in_reg[1]/C (clocked by clk50mhz_clk_wiz_1) and Inst_md_io/Inst_VGA/colaX_reg[20][2]/R (clocked by sys_clk_pin). Large setup violations at the end of those stages might be difficult to fix during the post-placement implementation flow and could be the result of non-optimal XDC constraints or non-optimal design architecture
Related violations: <none>

TIMING-16#65 Warning
Large setup violation  
There is a large setup violation of -1.102 ns between Inst_md_io/flags_in_reg[0]/C (clocked by clk50mhz_clk_wiz_1) and Inst_md_io/Inst_VGA/colaX_reg[17][1]/R (clocked by sys_clk_pin). Large setup violations at the end of those stages might be difficult to fix during the post-placement implementation flow and could be the result of non-optimal XDC constraints or non-optimal design architecture
Related violations: <none>

TIMING-16#66 Warning
Large setup violation  
There is a large setup violation of -1.102 ns between Inst_md_io/flags_in_reg[0]/C (clocked by clk50mhz_clk_wiz_1) and Inst_md_io/Inst_VGA/colaX_reg[17][3]/R (clocked by sys_clk_pin). Large setup violations at the end of those stages might be difficult to fix during the post-placement implementation flow and could be the result of non-optimal XDC constraints or non-optimal design architecture
Related violations: <none>

TIMING-16#67 Warning
Large setup violation  
There is a large setup violation of -1.102 ns between Inst_md_io/flags_in_reg[0]/C (clocked by clk50mhz_clk_wiz_1) and Inst_md_io/Inst_VGA/colaX_reg[17][4]/R (clocked by sys_clk_pin). Large setup violations at the end of those stages might be difficult to fix during the post-placement implementation flow and could be the result of non-optimal XDC constraints or non-optimal design architecture
Related violations: <none>

TIMING-16#68 Warning
Large setup violation  
There is a large setup violation of -1.102 ns between Inst_md_io/flags_in_reg[0]/C (clocked by clk50mhz_clk_wiz_1) and Inst_md_io/Inst_VGA/colaX_reg[36][0]/R (clocked by sys_clk_pin). Large setup violations at the end of those stages might be difficult to fix during the post-placement implementation flow and could be the result of non-optimal XDC constraints or non-optimal design architecture
Related violations: <none>

TIMING-16#69 Warning
Large setup violation  
There is a large setup violation of -1.105 ns between Inst_md_io/flags_in_reg[0]/C (clocked by clk50mhz_clk_wiz_1) and Inst_md_io/Inst_VGA/colaY_reg[2][0]/R (clocked by sys_clk_pin). Large setup violations at the end of those stages might be difficult to fix during the post-placement implementation flow and could be the result of non-optimal XDC constraints or non-optimal design architecture
Related violations: <none>

TIMING-16#70 Warning
Large setup violation  
There is a large setup violation of -1.105 ns between Inst_md_io/flags_in_reg[0]/C (clocked by clk50mhz_clk_wiz_1) and Inst_md_io/Inst_VGA/colaY_reg[2][2]/R (clocked by sys_clk_pin). Large setup violations at the end of those stages might be difficult to fix during the post-placement implementation flow and could be the result of non-optimal XDC constraints or non-optimal design architecture
Related violations: <none>

TIMING-16#71 Warning
Large setup violation  
There is a large setup violation of -1.105 ns between Inst_md_io/flags_in_reg[0]/C (clocked by clk50mhz_clk_wiz_1) and Inst_md_io/Inst_VGA/colaY_reg[2][3]/R (clocked by sys_clk_pin). Large setup violations at the end of those stages might be difficult to fix during the post-placement implementation flow and could be the result of non-optimal XDC constraints or non-optimal design architecture
Related violations: <none>

TIMING-16#72 Warning
Large setup violation  
There is a large setup violation of -1.106 ns between Inst_md_io/flags_in_reg[0]/C (clocked by clk50mhz_clk_wiz_1) and Inst_md_io/Inst_VGA/colaY_reg[11][0]/R (clocked by sys_clk_pin). Large setup violations at the end of those stages might be difficult to fix during the post-placement implementation flow and could be the result of non-optimal XDC constraints or non-optimal design architecture
Related violations: <none>

TIMING-16#73 Warning
Large setup violation  
There is a large setup violation of -1.109 ns between Inst_md_io/flags_in_reg[0]/C (clocked by clk50mhz_clk_wiz_1) and Inst_md_io/Inst_VGA/colaX_reg[33][2]/D (clocked by sys_clk_pin). Large setup violations at the end of those stages might be difficult to fix during the post-placement implementation flow and could be the result of non-optimal XDC constraints or non-optimal design architecture
Related violations: <none>

TIMING-16#74 Warning
Large setup violation  
There is a large setup violation of -1.112 ns between Inst_md_io/flags_in_reg[0]/C (clocked by clk50mhz_clk_wiz_1) and Inst_md_io/Inst_VGA/colaX_reg[18][1]/CE (clocked by sys_clk_pin). Large setup violations at the end of those stages might be difficult to fix during the post-placement implementation flow and could be the result of non-optimal XDC constraints or non-optimal design architecture
Related violations: <none>

TIMING-16#75 Warning
Large setup violation  
There is a large setup violation of -1.112 ns between Inst_md_io/flags_in_reg[0]/C (clocked by clk50mhz_clk_wiz_1) and Inst_md_io/Inst_VGA/colaX_reg[18][5]/CE (clocked by sys_clk_pin). Large setup violations at the end of those stages might be difficult to fix during the post-placement implementation flow and could be the result of non-optimal XDC constraints or non-optimal design architecture
Related violations: <none>

TIMING-16#76 Warning
Large setup violation  
There is a large setup violation of -1.114 ns between Inst_md_io/flags_in_reg[0]/C (clocked by clk50mhz_clk_wiz_1) and Inst_md_io/Inst_VGA/colaX_reg[5][2]/R (clocked by sys_clk_pin). Large setup violations at the end of those stages might be difficult to fix during the post-placement implementation flow and could be the result of non-optimal XDC constraints or non-optimal design architecture
Related violations: <none>

TIMING-16#77 Warning
Large setup violation  
There is a large setup violation of -1.114 ns between Inst_md_io/flags_in_reg[0]/C (clocked by clk50mhz_clk_wiz_1) and Inst_md_io/Inst_VGA/colaX_reg[5][3]/R (clocked by sys_clk_pin). Large setup violations at the end of those stages might be difficult to fix during the post-placement implementation flow and could be the result of non-optimal XDC constraints or non-optimal design architecture
Related violations: <none>

TIMING-16#78 Warning
Large setup violation  
There is a large setup violation of -1.114 ns between Inst_md_io/flags_in_reg[0]/C (clocked by clk50mhz_clk_wiz_1) and Inst_md_io/Inst_VGA/colaY_reg[5][4]/R (clocked by sys_clk_pin). Large setup violations at the end of those stages might be difficult to fix during the post-placement implementation flow and could be the result of non-optimal XDC constraints or non-optimal design architecture
Related violations: <none>

TIMING-16#79 Warning
Large setup violation  
There is a large setup violation of -1.114 ns between Inst_md_io/flags_in_reg[0]/C (clocked by clk50mhz_clk_wiz_1) and Inst_md_io/Inst_VGA/colaY_reg[5][5]/R (clocked by sys_clk_pin). Large setup violations at the end of those stages might be difficult to fix during the post-placement implementation flow and could be the result of non-optimal XDC constraints or non-optimal design architecture
Related violations: <none>

TIMING-16#80 Warning
Large setup violation  
There is a large setup violation of -1.115 ns between Inst_md_io/flags_in_reg[0]/C (clocked by clk50mhz_clk_wiz_1) and Inst_md_io/Inst_VGA/colaY_reg[1][1]/R (clocked by sys_clk_pin). Large setup violations at the end of those stages might be difficult to fix during the post-placement implementation flow and could be the result of non-optimal XDC constraints or non-optimal design architecture
Related violations: <none>

TIMING-16#81 Warning
Large setup violation  
There is a large setup violation of -1.122 ns between Inst_md_io/flags_in_reg[0]/C (clocked by clk50mhz_clk_wiz_1) and Inst_md_io/Inst_VGA/colaX_reg[30][5]/R (clocked by sys_clk_pin). Large setup violations at the end of those stages might be difficult to fix during the post-placement implementation flow and could be the result of non-optimal XDC constraints or non-optimal design architecture
Related violations: <none>

TIMING-16#82 Warning
Large setup violation  
There is a large setup violation of -1.123 ns between Inst_md_io/flags_in_reg[0]/C (clocked by clk50mhz_clk_wiz_1) and Inst_md_io/Inst_VGA/colaX_reg[33][1]/D (clocked by sys_clk_pin). Large setup violations at the end of those stages might be difficult to fix during the post-placement implementation flow and could be the result of non-optimal XDC constraints or non-optimal design architecture
Related violations: <none>

TIMING-16#83 Warning
Large setup violation  
There is a large setup violation of -1.124 ns between Inst_md_io/flags_in_reg[1]/C (clocked by clk50mhz_clk_wiz_1) and Inst_md_io/Inst_VGA/colaX_reg[43][3]/CE (clocked by sys_clk_pin). Large setup violations at the end of those stages might be difficult to fix during the post-placement implementation flow and could be the result of non-optimal XDC constraints or non-optimal design architecture
Related violations: <none>

TIMING-16#84 Warning
Large setup violation  
There is a large setup violation of -1.131 ns between Inst_md_io/flags_in_reg[1]/C (clocked by clk50mhz_clk_wiz_1) and Inst_md_io/Inst_VGA/colaX_reg[43][1]/CE (clocked by sys_clk_pin). Large setup violations at the end of those stages might be difficult to fix during the post-placement implementation flow and could be the result of non-optimal XDC constraints or non-optimal design architecture
Related violations: <none>

TIMING-16#85 Warning
Large setup violation  
There is a large setup violation of -1.131 ns between Inst_md_io/flags_in_reg[1]/C (clocked by clk50mhz_clk_wiz_1) and Inst_md_io/Inst_VGA/colaX_reg[43][5]/CE (clocked by sys_clk_pin). Large setup violations at the end of those stages might be difficult to fix during the post-placement implementation flow and could be the result of non-optimal XDC constraints or non-optimal design architecture
Related violations: <none>

TIMING-16#86 Warning
Large setup violation  
There is a large setup violation of -1.133 ns between Inst_md_io/flags_in_reg[0]/C (clocked by clk50mhz_clk_wiz_1) and Inst_md_io/Inst_VGA/colaX_reg[5][0]/R (clocked by sys_clk_pin). Large setup violations at the end of those stages might be difficult to fix during the post-placement implementation flow and could be the result of non-optimal XDC constraints or non-optimal design architecture
Related violations: <none>

TIMING-16#87 Warning
Large setup violation  
There is a large setup violation of -1.134 ns between Inst_md_io/flags_in_reg[0]/C (clocked by clk50mhz_clk_wiz_1) and Inst_md_io/Inst_VGA/colaY_reg[19][4]/R (clocked by sys_clk_pin). Large setup violations at the end of those stages might be difficult to fix during the post-placement implementation flow and could be the result of non-optimal XDC constraints or non-optimal design architecture
Related violations: <none>

TIMING-16#88 Warning
Large setup violation  
There is a large setup violation of -1.134 ns between Inst_md_io/flags_in_reg[0]/C (clocked by clk50mhz_clk_wiz_1) and Inst_md_io/Inst_VGA/colaY_reg[19][5]/R (clocked by sys_clk_pin). Large setup violations at the end of those stages might be difficult to fix during the post-placement implementation flow and could be the result of non-optimal XDC constraints or non-optimal design architecture
Related violations: <none>

TIMING-16#89 Warning
Large setup violation  
There is a large setup violation of -1.135 ns between Inst_md_io/flags_in_reg[0]/C (clocked by clk50mhz_clk_wiz_1) and Inst_md_io/Inst_VGA/colaY_reg[18][1]/CE (clocked by sys_clk_pin). Large setup violations at the end of those stages might be difficult to fix during the post-placement implementation flow and could be the result of non-optimal XDC constraints or non-optimal design architecture
Related violations: <none>

TIMING-16#90 Warning
Large setup violation  
There is a large setup violation of -1.135 ns between Inst_md_io/flags_in_reg[0]/C (clocked by clk50mhz_clk_wiz_1) and Inst_md_io/Inst_VGA/colaY_reg[18][2]/CE (clocked by sys_clk_pin). Large setup violations at the end of those stages might be difficult to fix during the post-placement implementation flow and could be the result of non-optimal XDC constraints or non-optimal design architecture
Related violations: <none>

TIMING-16#91 Warning
Large setup violation  
There is a large setup violation of -1.135 ns between Inst_md_io/flags_in_reg[0]/C (clocked by clk50mhz_clk_wiz_1) and Inst_md_io/Inst_VGA/colaY_reg[18][5]/CE (clocked by sys_clk_pin). Large setup violations at the end of those stages might be difficult to fix during the post-placement implementation flow and could be the result of non-optimal XDC constraints or non-optimal design architecture
Related violations: <none>

TIMING-16#92 Warning
Large setup violation  
There is a large setup violation of -1.136 ns between Inst_md_io/flags_in_reg[0]/C (clocked by clk50mhz_clk_wiz_1) and Inst_md_io/Inst_VGA/colaY_reg[1][3]/R (clocked by sys_clk_pin). Large setup violations at the end of those stages might be difficult to fix during the post-placement implementation flow and could be the result of non-optimal XDC constraints or non-optimal design architecture
Related violations: <none>

TIMING-16#93 Warning
Large setup violation  
There is a large setup violation of -1.136 ns between Inst_md_io/flags_in_reg[0]/C (clocked by clk50mhz_clk_wiz_1) and Inst_md_io/Inst_VGA/colaY_reg[1][4]/R (clocked by sys_clk_pin). Large setup violations at the end of those stages might be difficult to fix during the post-placement implementation flow and could be the result of non-optimal XDC constraints or non-optimal design architecture
Related violations: <none>

TIMING-16#94 Warning
Large setup violation  
There is a large setup violation of -1.138 ns between Inst_md_io/flags_in_reg[1]/C (clocked by clk50mhz_clk_wiz_1) and Inst_md_io/Inst_VGA/colaX_reg[20][3]/R (clocked by sys_clk_pin). Large setup violations at the end of those stages might be difficult to fix during the post-placement implementation flow and could be the result of non-optimal XDC constraints or non-optimal design architecture
Related violations: <none>

TIMING-16#95 Warning
Large setup violation  
There is a large setup violation of -1.140 ns between Inst_md_io/flags_in_reg[0]/C (clocked by clk50mhz_clk_wiz_1) and Inst_md_io/Inst_VGA/colaX_reg[9][1]/CE (clocked by sys_clk_pin). Large setup violations at the end of those stages might be difficult to fix during the post-placement implementation flow and could be the result of non-optimal XDC constraints or non-optimal design architecture
Related violations: <none>

TIMING-16#96 Warning
Large setup violation  
There is a large setup violation of -1.140 ns between Inst_md_io/flags_in_reg[0]/C (clocked by clk50mhz_clk_wiz_1) and Inst_md_io/Inst_VGA/colaX_reg[9][4]/CE (clocked by sys_clk_pin). Large setup violations at the end of those stages might be difficult to fix during the post-placement implementation flow and could be the result of non-optimal XDC constraints or non-optimal design architecture
Related violations: <none>

TIMING-16#97 Warning
Large setup violation  
There is a large setup violation of -1.140 ns between Inst_md_io/flags_in_reg[0]/C (clocked by clk50mhz_clk_wiz_1) and Inst_md_io/Inst_VGA/colaY_reg[9][1]/CE (clocked by sys_clk_pin). Large setup violations at the end of those stages might be difficult to fix during the post-placement implementation flow and could be the result of non-optimal XDC constraints or non-optimal design architecture
Related violations: <none>

TIMING-16#98 Warning
Large setup violation  
There is a large setup violation of -1.140 ns between Inst_md_io/flags_in_reg[0]/C (clocked by clk50mhz_clk_wiz_1) and Inst_md_io/Inst_VGA/colaY_reg[9][2]/CE (clocked by sys_clk_pin). Large setup violations at the end of those stages might be difficult to fix during the post-placement implementation flow and could be the result of non-optimal XDC constraints or non-optimal design architecture
Related violations: <none>

TIMING-16#99 Warning
Large setup violation  
There is a large setup violation of -1.141 ns between Inst_md_io/flags_in_reg[1]/C (clocked by clk50mhz_clk_wiz_1) and Inst_md_io/Inst_VGA/colaX_reg[43][0]/CE (clocked by sys_clk_pin). Large setup violations at the end of those stages might be difficult to fix during the post-placement implementation flow and could be the result of non-optimal XDC constraints or non-optimal design architecture
Related violations: <none>

TIMING-16#100 Warning
Large setup violation  
There is a large setup violation of -1.142 ns between Inst_md_io/flags_in_reg[0]/C (clocked by clk50mhz_clk_wiz_1) and Inst_md_io/Inst_VGA/colaX_reg[1][0]/R (clocked by sys_clk_pin). Large setup violations at the end of those stages might be difficult to fix during the post-placement implementation flow and could be the result of non-optimal XDC constraints or non-optimal design architecture
Related violations: <none>

TIMING-16#101 Warning
Large setup violation  
There is a large setup violation of -1.144 ns between Inst_md_io/flags_in_reg[0]/C (clocked by clk50mhz_clk_wiz_1) and Inst_md_io/Inst_VGA/colaY_reg[19][3]/R (clocked by sys_clk_pin). Large setup violations at the end of those stages might be difficult to fix during the post-placement implementation flow and could be the result of non-optimal XDC constraints or non-optimal design architecture
Related violations: <none>

TIMING-16#102 Warning
Large setup violation  
There is a large setup violation of -1.145 ns between Inst_md_io/flags_in_reg[1]/C (clocked by clk50mhz_clk_wiz_1) and Inst_md_io/Inst_VGA/colaY_reg[38][5]/R (clocked by sys_clk_pin). Large setup violations at the end of those stages might be difficult to fix during the post-placement implementation flow and could be the result of non-optimal XDC constraints or non-optimal design architecture
Related violations: <none>

TIMING-16#103 Warning
Large setup violation  
There is a large setup violation of -1.149 ns between Inst_md_io/flags_in_reg[0]/C (clocked by clk50mhz_clk_wiz_1) and Inst_md_io/Inst_VGA/colaX_reg[19][3]/R (clocked by sys_clk_pin). Large setup violations at the end of those stages might be difficult to fix during the post-placement implementation flow and could be the result of non-optimal XDC constraints or non-optimal design architecture
Related violations: <none>

TIMING-16#104 Warning
Large setup violation  
There is a large setup violation of -1.149 ns between Inst_md_io/flags_in_reg[0]/C (clocked by clk50mhz_clk_wiz_1) and Inst_md_io/Inst_VGA/colaX_reg[30][2]/R (clocked by sys_clk_pin). Large setup violations at the end of those stages might be difficult to fix during the post-placement implementation flow and could be the result of non-optimal XDC constraints or non-optimal design architecture
Related violations: <none>

TIMING-16#105 Warning
Large setup violation  
There is a large setup violation of -1.151 ns between Inst_md_io/flags_in_reg[0]/C (clocked by clk50mhz_clk_wiz_1) and Inst_md_io/Inst_VGA/colaX_reg[19][5]/R (clocked by sys_clk_pin). Large setup violations at the end of those stages might be difficult to fix during the post-placement implementation flow and could be the result of non-optimal XDC constraints or non-optimal design architecture
Related violations: <none>

TIMING-16#106 Warning
Large setup violation  
There is a large setup violation of -1.153 ns between Inst_md_io/flags_in_reg[0]/C (clocked by clk50mhz_clk_wiz_1) and Inst_md_io/Inst_VGA/colaY_reg[19][1]/R (clocked by sys_clk_pin). Large setup violations at the end of those stages might be difficult to fix during the post-placement implementation flow and could be the result of non-optimal XDC constraints or non-optimal design architecture
Related violations: <none>

TIMING-16#107 Warning
Large setup violation  
There is a large setup violation of -1.156 ns between Inst_md_io/flags_in_reg[0]/C (clocked by clk50mhz_clk_wiz_1) and Inst_md_io/Inst_VGA/colaY_reg[9][0]/CE (clocked by sys_clk_pin). Large setup violations at the end of those stages might be difficult to fix during the post-placement implementation flow and could be the result of non-optimal XDC constraints or non-optimal design architecture
Related violations: <none>

TIMING-16#108 Warning
Large setup violation  
There is a large setup violation of -1.158 ns between Inst_md_io/flags_in_reg[0]/C (clocked by clk50mhz_clk_wiz_1) and Inst_md_io/Inst_VGA/colaY_reg[0][4]/R (clocked by sys_clk_pin). Large setup violations at the end of those stages might be difficult to fix during the post-placement implementation flow and could be the result of non-optimal XDC constraints or non-optimal design architecture
Related violations: <none>

TIMING-16#109 Warning
Large setup violation  
There is a large setup violation of -1.159 ns between Inst_md_io/flags_in_reg[0]/C (clocked by clk50mhz_clk_wiz_1) and Inst_md_io/Inst_VGA/colaY_reg[19][0]/R (clocked by sys_clk_pin). Large setup violations at the end of those stages might be difficult to fix during the post-placement implementation flow and could be the result of non-optimal XDC constraints or non-optimal design architecture
Related violations: <none>

TIMING-16#110 Warning
Large setup violation  
There is a large setup violation of -1.159 ns between Inst_md_io/flags_in_reg[1]/C (clocked by clk50mhz_clk_wiz_1) and Inst_md_io/Inst_VGA/colaX_reg[43][4]/CE (clocked by sys_clk_pin). Large setup violations at the end of those stages might be difficult to fix during the post-placement implementation flow and could be the result of non-optimal XDC constraints or non-optimal design architecture
Related violations: <none>

TIMING-16#111 Warning
Large setup violation  
There is a large setup violation of -1.164 ns between Inst_md_io/flags_in_reg[1]/C (clocked by clk50mhz_clk_wiz_1) and Inst_md_io/Inst_VGA/colaY_reg[43][2]/R (clocked by sys_clk_pin). Large setup violations at the end of those stages might be difficult to fix during the post-placement implementation flow and could be the result of non-optimal XDC constraints or non-optimal design architecture
Related violations: <none>

TIMING-16#112 Warning
Large setup violation  
There is a large setup violation of -1.166 ns between Inst_md_io/flags_in_reg[1]/C (clocked by clk50mhz_clk_wiz_1) and Inst_md_io/Inst_VGA/colaY_reg[20][1]/R (clocked by sys_clk_pin). Large setup violations at the end of those stages might be difficult to fix during the post-placement implementation flow and could be the result of non-optimal XDC constraints or non-optimal design architecture
Related violations: <none>

TIMING-16#113 Warning
Large setup violation  
There is a large setup violation of -1.169 ns between Inst_md_io/flags_in_reg[0]/C (clocked by clk50mhz_clk_wiz_1) and Inst_md_io/Inst_VGA/colaX_reg[47][3]/R (clocked by sys_clk_pin). Large setup violations at the end of those stages might be difficult to fix during the post-placement implementation flow and could be the result of non-optimal XDC constraints or non-optimal design architecture
Related violations: <none>

TIMING-16#114 Warning
Large setup violation  
There is a large setup violation of -1.169 ns between Inst_md_io/flags_in_reg[1]/C (clocked by clk50mhz_clk_wiz_1) and Inst_md_io/Inst_VGA/colaY_reg[51][0]/CE (clocked by sys_clk_pin). Large setup violations at the end of those stages might be difficult to fix during the post-placement implementation flow and could be the result of non-optimal XDC constraints or non-optimal design architecture
Related violations: <none>

TIMING-16#115 Warning
Large setup violation  
There is a large setup violation of -1.169 ns between Inst_md_io/flags_in_reg[1]/C (clocked by clk50mhz_clk_wiz_1) and Inst_md_io/Inst_VGA/colaY_reg[51][4]/CE (clocked by sys_clk_pin). Large setup violations at the end of those stages might be difficult to fix during the post-placement implementation flow and could be the result of non-optimal XDC constraints or non-optimal design architecture
Related violations: <none>

TIMING-16#116 Warning
Large setup violation  
There is a large setup violation of -1.174 ns between Inst_md_io/flags_in_reg[0]/C (clocked by clk50mhz_clk_wiz_1) and Inst_md_io/Inst_VGA/colaX_reg[0][0]/R (clocked by sys_clk_pin). Large setup violations at the end of those stages might be difficult to fix during the post-placement implementation flow and could be the result of non-optimal XDC constraints or non-optimal design architecture
Related violations: <none>

TIMING-16#117 Warning
Large setup violation  
There is a large setup violation of -1.174 ns between Inst_md_io/flags_in_reg[0]/C (clocked by clk50mhz_clk_wiz_1) and Inst_md_io/Inst_VGA/colaX_reg[0][1]/R (clocked by sys_clk_pin). Large setup violations at the end of those stages might be difficult to fix during the post-placement implementation flow and could be the result of non-optimal XDC constraints or non-optimal design architecture
Related violations: <none>

TIMING-16#118 Warning
Large setup violation  
There is a large setup violation of -1.174 ns between Inst_md_io/flags_in_reg[0]/C (clocked by clk50mhz_clk_wiz_1) and Inst_md_io/Inst_VGA/colaX_reg[0][4]/R (clocked by sys_clk_pin). Large setup violations at the end of those stages might be difficult to fix during the post-placement implementation flow and could be the result of non-optimal XDC constraints or non-optimal design architecture
Related violations: <none>

TIMING-16#119 Warning
Large setup violation  
There is a large setup violation of -1.176 ns between Inst_md_io/flags_in_reg[0]/C (clocked by clk50mhz_clk_wiz_1) and Inst_md_io/Inst_VGA/colaX_reg[9][0]/CE (clocked by sys_clk_pin). Large setup violations at the end of those stages might be difficult to fix during the post-placement implementation flow and could be the result of non-optimal XDC constraints or non-optimal design architecture
Related violations: <none>

TIMING-16#120 Warning
Large setup violation  
There is a large setup violation of -1.176 ns between Inst_md_io/flags_in_reg[0]/C (clocked by clk50mhz_clk_wiz_1) and Inst_md_io/Inst_VGA/colaX_reg[9][2]/CE (clocked by sys_clk_pin). Large setup violations at the end of those stages might be difficult to fix during the post-placement implementation flow and could be the result of non-optimal XDC constraints or non-optimal design architecture
Related violations: <none>

TIMING-16#121 Warning
Large setup violation  
There is a large setup violation of -1.176 ns between Inst_md_io/flags_in_reg[0]/C (clocked by clk50mhz_clk_wiz_1) and Inst_md_io/Inst_VGA/colaX_reg[9][3]/CE (clocked by sys_clk_pin). Large setup violations at the end of those stages might be difficult to fix during the post-placement implementation flow and could be the result of non-optimal XDC constraints or non-optimal design architecture
Related violations: <none>

TIMING-16#122 Warning
Large setup violation  
There is a large setup violation of -1.186 ns between Inst_md_io/flags_in_reg[0]/C (clocked by clk50mhz_clk_wiz_1) and Inst_md_io/Inst_VGA/colaX_reg[1][5]/R (clocked by sys_clk_pin). Large setup violations at the end of those stages might be difficult to fix during the post-placement implementation flow and could be the result of non-optimal XDC constraints or non-optimal design architecture
Related violations: <none>

TIMING-16#123 Warning
Large setup violation  
There is a large setup violation of -1.186 ns between Inst_md_io/flags_in_reg[0]/C (clocked by clk50mhz_clk_wiz_1) and Inst_md_io/Inst_VGA/colaY_reg[1][5]/R (clocked by sys_clk_pin). Large setup violations at the end of those stages might be difficult to fix during the post-placement implementation flow and could be the result of non-optimal XDC constraints or non-optimal design architecture
Related violations: <none>

TIMING-16#124 Warning
Large setup violation  
There is a large setup violation of -1.188 ns between Inst_md_io/flags_in_reg[1]/C (clocked by clk50mhz_clk_wiz_1) and Inst_md_io/Inst_VGA/colaY_reg[43][1]/R (clocked by sys_clk_pin). Large setup violations at the end of those stages might be difficult to fix during the post-placement implementation flow and could be the result of non-optimal XDC constraints or non-optimal design architecture
Related violations: <none>

TIMING-16#125 Warning
Large setup violation  
There is a large setup violation of -1.191 ns between Inst_md_io/flags_in_reg[1]/C (clocked by clk50mhz_clk_wiz_1) and Inst_md_io/Inst_VGA/colaX_reg[51][0]/CE (clocked by sys_clk_pin). Large setup violations at the end of those stages might be difficult to fix during the post-placement implementation flow and could be the result of non-optimal XDC constraints or non-optimal design architecture
Related violations: <none>

TIMING-16#126 Warning
Large setup violation  
There is a large setup violation of -1.191 ns between Inst_md_io/flags_in_reg[1]/C (clocked by clk50mhz_clk_wiz_1) and Inst_md_io/Inst_VGA/colaX_reg[51][1]/CE (clocked by sys_clk_pin). Large setup violations at the end of those stages might be difficult to fix during the post-placement implementation flow and could be the result of non-optimal XDC constraints or non-optimal design architecture
Related violations: <none>

TIMING-16#127 Warning
Large setup violation  
There is a large setup violation of -1.192 ns between Inst_md_io/flags_in_reg[0]/C (clocked by clk50mhz_clk_wiz_1) and Inst_md_io/Inst_VGA/colaX_reg[18][0]/CE (clocked by sys_clk_pin). Large setup violations at the end of those stages might be difficult to fix during the post-placement implementation flow and could be the result of non-optimal XDC constraints or non-optimal design architecture
Related violations: <none>

TIMING-16#128 Warning
Large setup violation  
There is a large setup violation of -1.192 ns between Inst_md_io/flags_in_reg[0]/C (clocked by clk50mhz_clk_wiz_1) and Inst_md_io/Inst_VGA/colaX_reg[18][2]/CE (clocked by sys_clk_pin). Large setup violations at the end of those stages might be difficult to fix during the post-placement implementation flow and could be the result of non-optimal XDC constraints or non-optimal design architecture
Related violations: <none>

TIMING-16#129 Warning
Large setup violation  
There is a large setup violation of -1.192 ns between Inst_md_io/flags_in_reg[0]/C (clocked by clk50mhz_clk_wiz_1) and Inst_md_io/Inst_VGA/colaX_reg[18][3]/CE (clocked by sys_clk_pin). Large setup violations at the end of those stages might be difficult to fix during the post-placement implementation flow and could be the result of non-optimal XDC constraints or non-optimal design architecture
Related violations: <none>

TIMING-16#130 Warning
Large setup violation  
There is a large setup violation of -1.192 ns between Inst_md_io/flags_in_reg[0]/C (clocked by clk50mhz_clk_wiz_1) and Inst_md_io/Inst_VGA/colaX_reg[4][3]/R (clocked by sys_clk_pin). Large setup violations at the end of those stages might be difficult to fix during the post-placement implementation flow and could be the result of non-optimal XDC constraints or non-optimal design architecture
Related violations: <none>

TIMING-16#131 Warning
Large setup violation  
There is a large setup violation of -1.192 ns between Inst_md_io/flags_in_reg[0]/C (clocked by clk50mhz_clk_wiz_1) and Inst_md_io/Inst_VGA/colaX_reg[4][5]/R (clocked by sys_clk_pin). Large setup violations at the end of those stages might be difficult to fix during the post-placement implementation flow and could be the result of non-optimal XDC constraints or non-optimal design architecture
Related violations: <none>

TIMING-16#132 Warning
Large setup violation  
There is a large setup violation of -1.192 ns between Inst_md_io/flags_in_reg[0]/C (clocked by clk50mhz_clk_wiz_1) and Inst_md_io/Inst_VGA/colaY_reg[0][2]/R (clocked by sys_clk_pin). Large setup violations at the end of those stages might be difficult to fix during the post-placement implementation flow and could be the result of non-optimal XDC constraints or non-optimal design architecture
Related violations: <none>

TIMING-16#133 Warning
Large setup violation  
There is a large setup violation of -1.192 ns between Inst_md_io/flags_in_reg[0]/C (clocked by clk50mhz_clk_wiz_1) and Inst_md_io/Inst_VGA/colaY_reg[4][0]/R (clocked by sys_clk_pin). Large setup violations at the end of those stages might be difficult to fix during the post-placement implementation flow and could be the result of non-optimal XDC constraints or non-optimal design architecture
Related violations: <none>

TIMING-16#134 Warning
Large setup violation  
There is a large setup violation of -1.199 ns between Inst_md_io/flags_in_reg[0]/C (clocked by clk50mhz_clk_wiz_1) and Inst_md_io/Inst_VGA/colaX_reg[30][4]/R (clocked by sys_clk_pin). Large setup violations at the end of those stages might be difficult to fix during the post-placement implementation flow and could be the result of non-optimal XDC constraints or non-optimal design architecture
Related violations: <none>

TIMING-16#135 Warning
Large setup violation  
There is a large setup violation of -1.202 ns between Inst_md_io/flags_in_reg[0]/C (clocked by clk50mhz_clk_wiz_1) and Inst_md_io/Inst_VGA/colaY_reg[56][3]/R (clocked by sys_clk_pin). Large setup violations at the end of those stages might be difficult to fix during the post-placement implementation flow and could be the result of non-optimal XDC constraints or non-optimal design architecture
Related violations: <none>

TIMING-16#136 Warning
Large setup violation  
There is a large setup violation of -1.202 ns between Inst_md_io/flags_in_reg[0]/C (clocked by clk50mhz_clk_wiz_1) and Inst_md_io/Inst_VGA/colaY_reg[56][4]/R (clocked by sys_clk_pin). Large setup violations at the end of those stages might be difficult to fix during the post-placement implementation flow and could be the result of non-optimal XDC constraints or non-optimal design architecture
Related violations: <none>

TIMING-16#137 Warning
Large setup violation  
There is a large setup violation of -1.202 ns between Inst_md_io/flags_in_reg[0]/C (clocked by clk50mhz_clk_wiz_1) and Inst_md_io/Inst_VGA/colaY_reg[56][5]/R (clocked by sys_clk_pin). Large setup violations at the end of those stages might be difficult to fix during the post-placement implementation flow and could be the result of non-optimal XDC constraints or non-optimal design architecture
Related violations: <none>

TIMING-16#138 Warning
Large setup violation  
There is a large setup violation of -1.207 ns between Inst_md_io/flags_in_reg[0]/C (clocked by clk50mhz_clk_wiz_1) and Inst_md_io/Inst_VGA/colaY_reg[11][2]/R (clocked by sys_clk_pin). Large setup violations at the end of those stages might be difficult to fix during the post-placement implementation flow and could be the result of non-optimal XDC constraints or non-optimal design architecture
Related violations: <none>

TIMING-16#139 Warning
Large setup violation  
There is a large setup violation of -1.207 ns between Inst_md_io/flags_in_reg[0]/C (clocked by clk50mhz_clk_wiz_1) and Inst_md_io/Inst_VGA/colaY_reg[1][0]/R (clocked by sys_clk_pin). Large setup violations at the end of those stages might be difficult to fix during the post-placement implementation flow and could be the result of non-optimal XDC constraints or non-optimal design architecture
Related violations: <none>

TIMING-16#140 Warning
Large setup violation  
There is a large setup violation of -1.207 ns between Inst_md_io/flags_in_reg[0]/C (clocked by clk50mhz_clk_wiz_1) and Inst_md_io/Inst_VGA/colaY_reg[1][2]/R (clocked by sys_clk_pin). Large setup violations at the end of those stages might be difficult to fix during the post-placement implementation flow and could be the result of non-optimal XDC constraints or non-optimal design architecture
Related violations: <none>

TIMING-16#141 Warning
Large setup violation  
There is a large setup violation of -1.208 ns between Inst_md_io/flags_in_reg[1]/C (clocked by clk50mhz_clk_wiz_1) and Inst_md_io/Inst_VGA/colaY_reg[43][5]/CE (clocked by sys_clk_pin). Large setup violations at the end of those stages might be difficult to fix during the post-placement implementation flow and could be the result of non-optimal XDC constraints or non-optimal design architecture
Related violations: <none>

TIMING-16#142 Warning
Large setup violation  
There is a large setup violation of -1.209 ns between Inst_md_io/flags_in_reg[0]/C (clocked by clk50mhz_clk_wiz_1) and Inst_md_io/Inst_VGA/colaY_reg[16][4]/CE (clocked by sys_clk_pin). Large setup violations at the end of those stages might be difficult to fix during the post-placement implementation flow and could be the result of non-optimal XDC constraints or non-optimal design architecture
Related violations: <none>

TIMING-16#143 Warning
Large setup violation  
There is a large setup violation of -1.212 ns between Inst_md_io/flags_in_reg[1]/C (clocked by clk50mhz_clk_wiz_1) and Inst_md_io/Inst_VGA/colaX_reg[43][2]/CE (clocked by sys_clk_pin). Large setup violations at the end of those stages might be difficult to fix during the post-placement implementation flow and could be the result of non-optimal XDC constraints or non-optimal design architecture
Related violations: <none>

TIMING-16#144 Warning
Large setup violation  
There is a large setup violation of -1.215 ns between Inst_md_io/flags_in_reg[0]/C (clocked by clk50mhz_clk_wiz_1) and Inst_md_io/Inst_VGA/colaX_reg[12][0]/R (clocked by sys_clk_pin). Large setup violations at the end of those stages might be difficult to fix during the post-placement implementation flow and could be the result of non-optimal XDC constraints or non-optimal design architecture
Related violations: <none>

TIMING-16#145 Warning
Large setup violation  
There is a large setup violation of -1.215 ns between Inst_md_io/flags_in_reg[0]/C (clocked by clk50mhz_clk_wiz_1) and Inst_md_io/Inst_VGA/colaY_reg[12][2]/R (clocked by sys_clk_pin). Large setup violations at the end of those stages might be difficult to fix during the post-placement implementation flow and could be the result of non-optimal XDC constraints or non-optimal design architecture
Related violations: <none>

TIMING-16#146 Warning
Large setup violation  
There is a large setup violation of -1.218 ns between Inst_md_io/flags_in_reg[0]/C (clocked by clk50mhz_clk_wiz_1) and Inst_md_io/Inst_VGA/colaX_reg[4][0]/R (clocked by sys_clk_pin). Large setup violations at the end of those stages might be difficult to fix during the post-placement implementation flow and could be the result of non-optimal XDC constraints or non-optimal design architecture
Related violations: <none>

TIMING-16#147 Warning
Large setup violation  
There is a large setup violation of -1.218 ns between Inst_md_io/flags_in_reg[0]/C (clocked by clk50mhz_clk_wiz_1) and Inst_md_io/Inst_VGA/colaX_reg[4][4]/R (clocked by sys_clk_pin). Large setup violations at the end of those stages might be difficult to fix during the post-placement implementation flow and could be the result of non-optimal XDC constraints or non-optimal design architecture
Related violations: <none>

TIMING-16#148 Warning
Large setup violation  
There is a large setup violation of -1.218 ns between Inst_md_io/flags_in_reg[0]/C (clocked by clk50mhz_clk_wiz_1) and Inst_md_io/Inst_VGA/colaY_reg[4][2]/R (clocked by sys_clk_pin). Large setup violations at the end of those stages might be difficult to fix during the post-placement implementation flow and could be the result of non-optimal XDC constraints or non-optimal design architecture
Related violations: <none>

TIMING-16#149 Warning
Large setup violation  
There is a large setup violation of -1.220 ns between Inst_md_io/flags_in_reg[1]/C (clocked by clk50mhz_clk_wiz_1) and Inst_md_io/Inst_VGA/colaX_reg[51][2]/CE (clocked by sys_clk_pin). Large setup violations at the end of those stages might be difficult to fix during the post-placement implementation flow and could be the result of non-optimal XDC constraints or non-optimal design architecture
Related violations: <none>

TIMING-16#150 Warning
Large setup violation  
There is a large setup violation of -1.220 ns between Inst_md_io/flags_in_reg[1]/C (clocked by clk50mhz_clk_wiz_1) and Inst_md_io/Inst_VGA/colaX_reg[51][3]/CE (clocked by sys_clk_pin). Large setup violations at the end of those stages might be difficult to fix during the post-placement implementation flow and could be the result of non-optimal XDC constraints or non-optimal design architecture
Related violations: <none>

TIMING-16#151 Warning
Large setup violation  
There is a large setup violation of -1.220 ns between Inst_md_io/flags_in_reg[1]/C (clocked by clk50mhz_clk_wiz_1) and Inst_md_io/Inst_VGA/colaX_reg[51][4]/CE (clocked by sys_clk_pin). Large setup violations at the end of those stages might be difficult to fix during the post-placement implementation flow and could be the result of non-optimal XDC constraints or non-optimal design architecture
Related violations: <none>

TIMING-16#152 Warning
Large setup violation  
There is a large setup violation of -1.220 ns between Inst_md_io/flags_in_reg[1]/C (clocked by clk50mhz_clk_wiz_1) and Inst_md_io/Inst_VGA/colaX_reg[51][5]/CE (clocked by sys_clk_pin). Large setup violations at the end of those stages might be difficult to fix during the post-placement implementation flow and could be the result of non-optimal XDC constraints or non-optimal design architecture
Related violations: <none>

TIMING-16#153 Warning
Large setup violation  
There is a large setup violation of -1.228 ns between Inst_md_io/flags_in_reg[0]/C (clocked by clk50mhz_clk_wiz_1) and Inst_md_io/Inst_VGA/colaX_reg[5][5]/R (clocked by sys_clk_pin). Large setup violations at the end of those stages might be difficult to fix during the post-placement implementation flow and could be the result of non-optimal XDC constraints or non-optimal design architecture
Related violations: <none>

TIMING-16#154 Warning
Large setup violation  
There is a large setup violation of -1.228 ns between Inst_md_io/flags_in_reg[0]/C (clocked by clk50mhz_clk_wiz_1) and Inst_md_io/Inst_VGA/colaY_reg[5][0]/R (clocked by sys_clk_pin). Large setup violations at the end of those stages might be difficult to fix during the post-placement implementation flow and could be the result of non-optimal XDC constraints or non-optimal design architecture
Related violations: <none>

TIMING-16#155 Warning
Large setup violation  
There is a large setup violation of -1.228 ns between Inst_md_io/flags_in_reg[0]/C (clocked by clk50mhz_clk_wiz_1) and Inst_md_io/Inst_VGA/colaY_reg[5][1]/R (clocked by sys_clk_pin). Large setup violations at the end of those stages might be difficult to fix during the post-placement implementation flow and could be the result of non-optimal XDC constraints or non-optimal design architecture
Related violations: <none>

TIMING-16#156 Warning
Large setup violation  
There is a large setup violation of -1.237 ns between Inst_md_io/flags_in_reg[0]/C (clocked by clk50mhz_clk_wiz_1) and Inst_md_io/Inst_VGA/colaY_reg[18][0]/CE (clocked by sys_clk_pin). Large setup violations at the end of those stages might be difficult to fix during the post-placement implementation flow and could be the result of non-optimal XDC constraints or non-optimal design architecture
Related violations: <none>

TIMING-16#157 Warning
Large setup violation  
There is a large setup violation of -1.237 ns between Inst_md_io/flags_in_reg[0]/C (clocked by clk50mhz_clk_wiz_1) and Inst_md_io/Inst_VGA/colaY_reg[18][3]/CE (clocked by sys_clk_pin). Large setup violations at the end of those stages might be difficult to fix during the post-placement implementation flow and could be the result of non-optimal XDC constraints or non-optimal design architecture
Related violations: <none>

TIMING-16#158 Warning
Large setup violation  
There is a large setup violation of -1.237 ns between Inst_md_io/flags_in_reg[0]/C (clocked by clk50mhz_clk_wiz_1) and Inst_md_io/Inst_VGA/colaY_reg[18][4]/CE (clocked by sys_clk_pin). Large setup violations at the end of those stages might be difficult to fix during the post-placement implementation flow and could be the result of non-optimal XDC constraints or non-optimal design architecture
Related violations: <none>

TIMING-16#159 Warning
Large setup violation  
There is a large setup violation of -1.237 ns between Inst_md_io/flags_in_reg[0]/C (clocked by clk50mhz_clk_wiz_1) and Inst_md_io/Inst_VGA/colaY_reg[35][1]/D (clocked by sys_clk_pin). Large setup violations at the end of those stages might be difficult to fix during the post-placement implementation flow and could be the result of non-optimal XDC constraints or non-optimal design architecture
Related violations: <none>

TIMING-16#160 Warning
Large setup violation  
There is a large setup violation of -1.240 ns between Inst_md_io/flags_in_reg[0]/C (clocked by clk50mhz_clk_wiz_1) and Inst_md_io/Inst_VGA/colaX_reg[1][3]/R (clocked by sys_clk_pin). Large setup violations at the end of those stages might be difficult to fix during the post-placement implementation flow and could be the result of non-optimal XDC constraints or non-optimal design architecture
Related violations: <none>

TIMING-16#161 Warning
Large setup violation  
There is a large setup violation of -1.241 ns between Inst_md_io/flags_in_reg[0]/C (clocked by clk50mhz_clk_wiz_1) and Inst_md_io/Inst_VGA/colaX_reg[36][3]/R (clocked by sys_clk_pin). Large setup violations at the end of those stages might be difficult to fix during the post-placement implementation flow and could be the result of non-optimal XDC constraints or non-optimal design architecture
Related violations: <none>

TIMING-16#162 Warning
Large setup violation  
There is a large setup violation of -1.241 ns between Inst_md_io/flags_in_reg[0]/C (clocked by clk50mhz_clk_wiz_1) and Inst_md_io/Inst_VGA/colaX_reg[36][4]/R (clocked by sys_clk_pin). Large setup violations at the end of those stages might be difficult to fix during the post-placement implementation flow and could be the result of non-optimal XDC constraints or non-optimal design architecture
Related violations: <none>

TIMING-16#163 Warning
Large setup violation  
There is a large setup violation of -1.243 ns between Inst_md_io/flags_in_reg[1]/C (clocked by clk50mhz_clk_wiz_1) and Inst_md_io/Inst_VGA/colaY_reg[43][3]/R (clocked by sys_clk_pin). Large setup violations at the end of those stages might be difficult to fix during the post-placement implementation flow and could be the result of non-optimal XDC constraints or non-optimal design architecture
Related violations: <none>

TIMING-16#164 Warning
Large setup violation  
There is a large setup violation of -1.247 ns between Inst_md_io/flags_in_reg[1]/C (clocked by clk50mhz_clk_wiz_1) and Inst_md_io/Inst_VGA/colaY_reg[43][5]/R (clocked by sys_clk_pin). Large setup violations at the end of those stages might be difficult to fix during the post-placement implementation flow and could be the result of non-optimal XDC constraints or non-optimal design architecture
Related violations: <none>

TIMING-16#165 Warning
Large setup violation  
There is a large setup violation of -1.255 ns between Inst_md_io/flags_in_reg[0]/C (clocked by clk50mhz_clk_wiz_1) and Inst_md_io/Inst_VGA/colaX_reg[12][3]/R (clocked by sys_clk_pin). Large setup violations at the end of those stages might be difficult to fix during the post-placement implementation flow and could be the result of non-optimal XDC constraints or non-optimal design architecture
Related violations: <none>

TIMING-16#166 Warning
Large setup violation  
There is a large setup violation of -1.255 ns between Inst_md_io/flags_in_reg[0]/C (clocked by clk50mhz_clk_wiz_1) and Inst_md_io/Inst_VGA/colaX_reg[12][4]/R (clocked by sys_clk_pin). Large setup violations at the end of those stages might be difficult to fix during the post-placement implementation flow and could be the result of non-optimal XDC constraints or non-optimal design architecture
Related violations: <none>

TIMING-16#167 Warning
Large setup violation  
There is a large setup violation of -1.255 ns between Inst_md_io/flags_in_reg[0]/C (clocked by clk50mhz_clk_wiz_1) and Inst_md_io/Inst_VGA/colaX_reg[12][5]/R (clocked by sys_clk_pin). Large setup violations at the end of those stages might be difficult to fix during the post-placement implementation flow and could be the result of non-optimal XDC constraints or non-optimal design architecture
Related violations: <none>

TIMING-16#168 Warning
Large setup violation  
There is a large setup violation of -1.255 ns between Inst_md_io/flags_in_reg[0]/C (clocked by clk50mhz_clk_wiz_1) and Inst_md_io/Inst_VGA/colaY_reg[12][0]/R (clocked by sys_clk_pin). Large setup violations at the end of those stages might be difficult to fix during the post-placement implementation flow and could be the result of non-optimal XDC constraints or non-optimal design architecture
Related violations: <none>

TIMING-16#169 Warning
Large setup violation  
There is a large setup violation of -1.257 ns between Inst_md_io/flags_in_reg[0]/C (clocked by clk50mhz_clk_wiz_1) and Inst_md_io/Inst_VGA/colaX_reg[17][2]/R (clocked by sys_clk_pin). Large setup violations at the end of those stages might be difficult to fix during the post-placement implementation flow and could be the result of non-optimal XDC constraints or non-optimal design architecture
Related violations: <none>

TIMING-16#170 Warning
Large setup violation  
There is a large setup violation of -1.260 ns between Inst_md_io/flags_in_reg[0]/C (clocked by clk50mhz_clk_wiz_1) and Inst_md_io/Inst_VGA/colaY_reg[4][3]/R (clocked by sys_clk_pin). Large setup violations at the end of those stages might be difficult to fix during the post-placement implementation flow and could be the result of non-optimal XDC constraints or non-optimal design architecture
Related violations: <none>

TIMING-16#171 Warning
Large setup violation  
There is a large setup violation of -1.260 ns between Inst_md_io/flags_in_reg[0]/C (clocked by clk50mhz_clk_wiz_1) and Inst_md_io/Inst_VGA/colaY_reg[4][5]/R (clocked by sys_clk_pin). Large setup violations at the end of those stages might be difficult to fix during the post-placement implementation flow and could be the result of non-optimal XDC constraints or non-optimal design architecture
Related violations: <none>

TIMING-16#172 Warning
Large setup violation  
There is a large setup violation of -1.261 ns between Inst_md_io/flags_in_reg[1]/C (clocked by clk50mhz_clk_wiz_1) and Inst_md_io/Inst_VGA/colaY_reg[20][0]/R (clocked by sys_clk_pin). Large setup violations at the end of those stages might be difficult to fix during the post-placement implementation flow and could be the result of non-optimal XDC constraints or non-optimal design architecture
Related violations: <none>

TIMING-16#173 Warning
Large setup violation  
There is a large setup violation of -1.265 ns between Inst_md_io/flags_in_reg[0]/C (clocked by clk50mhz_clk_wiz_1) and Inst_md_io/Inst_VGA/colaX_reg[12][1]/R (clocked by sys_clk_pin). Large setup violations at the end of those stages might be difficult to fix during the post-placement implementation flow and could be the result of non-optimal XDC constraints or non-optimal design architecture
Related violations: <none>

TIMING-16#174 Warning
Large setup violation  
There is a large setup violation of -1.265 ns between Inst_md_io/flags_in_reg[0]/C (clocked by clk50mhz_clk_wiz_1) and Inst_md_io/Inst_VGA/colaX_reg[12][2]/R (clocked by sys_clk_pin). Large setup violations at the end of those stages might be difficult to fix during the post-placement implementation flow and could be the result of non-optimal XDC constraints or non-optimal design architecture
Related violations: <none>

TIMING-16#175 Warning
Large setup violation  
There is a large setup violation of -1.265 ns between Inst_md_io/flags_in_reg[0]/C (clocked by clk50mhz_clk_wiz_1) and Inst_md_io/Inst_VGA/colaX_reg[1][4]/R (clocked by sys_clk_pin). Large setup violations at the end of those stages might be difficult to fix during the post-placement implementation flow and could be the result of non-optimal XDC constraints or non-optimal design architecture
Related violations: <none>

TIMING-16#176 Warning
Large setup violation  
There is a large setup violation of -1.265 ns between Inst_md_io/flags_in_reg[0]/C (clocked by clk50mhz_clk_wiz_1) and Inst_md_io/Inst_VGA/colaY_reg[12][4]/R (clocked by sys_clk_pin). Large setup violations at the end of those stages might be difficult to fix during the post-placement implementation flow and could be the result of non-optimal XDC constraints or non-optimal design architecture
Related violations: <none>

TIMING-16#177 Warning
Large setup violation  
There is a large setup violation of -1.265 ns between Inst_md_io/flags_in_reg[0]/C (clocked by clk50mhz_clk_wiz_1) and Inst_md_io/Inst_VGA/colaY_reg[12][5]/R (clocked by sys_clk_pin). Large setup violations at the end of those stages might be difficult to fix during the post-placement implementation flow and could be the result of non-optimal XDC constraints or non-optimal design architecture
Related violations: <none>

TIMING-16#178 Warning
Large setup violation  
There is a large setup violation of -1.268 ns between Inst_md_io/flags_in_reg[1]/C (clocked by clk50mhz_clk_wiz_1) and Inst_md_io/Inst_VGA/colaX_reg[17][2]/CE (clocked by sys_clk_pin). Large setup violations at the end of those stages might be difficult to fix during the post-placement implementation flow and could be the result of non-optimal XDC constraints or non-optimal design architecture
Related violations: <none>

TIMING-16#179 Warning
Large setup violation  
There is a large setup violation of -1.270 ns between Inst_md_io/flags_in_reg[0]/C (clocked by clk50mhz_clk_wiz_1) and Inst_md_io/Inst_VGA/colaY_reg[12][1]/R (clocked by sys_clk_pin). Large setup violations at the end of those stages might be difficult to fix during the post-placement implementation flow and could be the result of non-optimal XDC constraints or non-optimal design architecture
Related violations: <none>

TIMING-16#180 Warning
Large setup violation  
There is a large setup violation of -1.270 ns between Inst_md_io/flags_in_reg[0]/C (clocked by clk50mhz_clk_wiz_1) and Inst_md_io/Inst_VGA/colaY_reg[12][3]/R (clocked by sys_clk_pin). Large setup violations at the end of those stages might be difficult to fix during the post-placement implementation flow and could be the result of non-optimal XDC constraints or non-optimal design architecture
Related violations: <none>

TIMING-16#181 Warning
Large setup violation  
There is a large setup violation of -1.272 ns between Inst_md_io/flags_in_reg[0]/C (clocked by clk50mhz_clk_wiz_1) and Inst_md_io/Inst_VGA/colaY_reg[17][1]/R (clocked by sys_clk_pin). Large setup violations at the end of those stages might be difficult to fix during the post-placement implementation flow and could be the result of non-optimal XDC constraints or non-optimal design architecture
Related violations: <none>

TIMING-16#182 Warning
Large setup violation  
There is a large setup violation of -1.272 ns between Inst_md_io/flags_in_reg[0]/C (clocked by clk50mhz_clk_wiz_1) and Inst_md_io/Inst_VGA/colaY_reg[17][4]/R (clocked by sys_clk_pin). Large setup violations at the end of those stages might be difficult to fix during the post-placement implementation flow and could be the result of non-optimal XDC constraints or non-optimal design architecture
Related violations: <none>

TIMING-16#183 Warning
Large setup violation  
There is a large setup violation of -1.275 ns between Inst_md_io/flags_in_reg[1]/C (clocked by clk50mhz_clk_wiz_1) and Inst_md_io/Inst_VGA/colaY_reg[3][4]/R (clocked by sys_clk_pin). Large setup violations at the end of those stages might be difficult to fix during the post-placement implementation flow and could be the result of non-optimal XDC constraints or non-optimal design architecture
Related violations: <none>

TIMING-16#184 Warning
Large setup violation  
There is a large setup violation of -1.281 ns between Inst_md_io/flags_in_reg[0]/C (clocked by clk50mhz_clk_wiz_1) and Inst_md_io/Inst_VGA/colaX_reg[19][2]/R (clocked by sys_clk_pin). Large setup violations at the end of those stages might be difficult to fix during the post-placement implementation flow and could be the result of non-optimal XDC constraints or non-optimal design architecture
Related violations: <none>

TIMING-16#185 Warning
Large setup violation  
There is a large setup violation of -1.281 ns between Inst_md_io/flags_in_reg[1]/C (clocked by clk50mhz_clk_wiz_1) and Inst_md_io/Inst_VGA/colaY_reg[43][3]/CE (clocked by sys_clk_pin). Large setup violations at the end of those stages might be difficult to fix during the post-placement implementation flow and could be the result of non-optimal XDC constraints or non-optimal design architecture
Related violations: <none>

TIMING-16#186 Warning
Large setup violation  
There is a large setup violation of -1.282 ns between Inst_md_io/flags_in_reg[1]/C (clocked by clk50mhz_clk_wiz_1) and Inst_md_io/Inst_VGA/colaY_reg[3][2]/R (clocked by sys_clk_pin). Large setup violations at the end of those stages might be difficult to fix during the post-placement implementation flow and could be the result of non-optimal XDC constraints or non-optimal design architecture
Related violations: <none>

TIMING-16#187 Warning
Large setup violation  
There is a large setup violation of -1.287 ns between Inst_md_io/flags_in_reg[0]/C (clocked by clk50mhz_clk_wiz_1) and Inst_md_io/Inst_VGA/colaX_reg[0][2]/R (clocked by sys_clk_pin). Large setup violations at the end of those stages might be difficult to fix during the post-placement implementation flow and could be the result of non-optimal XDC constraints or non-optimal design architecture
Related violations: <none>

TIMING-16#188 Warning
Large setup violation  
There is a large setup violation of -1.287 ns between Inst_md_io/flags_in_reg[0]/C (clocked by clk50mhz_clk_wiz_1) and Inst_md_io/Inst_VGA/colaX_reg[0][3]/R (clocked by sys_clk_pin). Large setup violations at the end of those stages might be difficult to fix during the post-placement implementation flow and could be the result of non-optimal XDC constraints or non-optimal design architecture
Related violations: <none>

TIMING-16#189 Warning
Large setup violation  
There is a large setup violation of -1.290 ns between Inst_md_io/flags_in_reg[0]/C (clocked by clk50mhz_clk_wiz_1) and Inst_md_io/Inst_VGA/colaX_reg[19][1]/CE (clocked by sys_clk_pin). Large setup violations at the end of those stages might be difficult to fix during the post-placement implementation flow and could be the result of non-optimal XDC constraints or non-optimal design architecture
Related violations: <none>

TIMING-16#190 Warning
Large setup violation  
There is a large setup violation of -1.294 ns between Inst_md_io/flags_in_reg[0]/C (clocked by clk50mhz_clk_wiz_1) and Inst_md_io/Inst_VGA/colaX_reg[30][1]/R (clocked by sys_clk_pin). Large setup violations at the end of those stages might be difficult to fix during the post-placement implementation flow and could be the result of non-optimal XDC constraints or non-optimal design architecture
Related violations: <none>

TIMING-16#191 Warning
Large setup violation  
There is a large setup violation of -1.296 ns between Inst_md_io/flags_in_reg[0]/C (clocked by clk50mhz_clk_wiz_1) and Inst_md_io/Inst_VGA/colaY_reg[19][2]/CE (clocked by sys_clk_pin). Large setup violations at the end of those stages might be difficult to fix during the post-placement implementation flow and could be the result of non-optimal XDC constraints or non-optimal design architecture
Related violations: <none>

TIMING-16#192 Warning
Large setup violation  
There is a large setup violation of -1.298 ns between Inst_md_io/flags_in_reg[0]/C (clocked by clk50mhz_clk_wiz_1) and Inst_md_io/Inst_VGA/colaX_reg[11][1]/R (clocked by sys_clk_pin). Large setup violations at the end of those stages might be difficult to fix during the post-placement implementation flow and could be the result of non-optimal XDC constraints or non-optimal design architecture
Related violations: <none>

TIMING-16#193 Warning
Large setup violation  
There is a large setup violation of -1.298 ns between Inst_md_io/flags_in_reg[0]/C (clocked by clk50mhz_clk_wiz_1) and Inst_md_io/Inst_VGA/colaX_reg[11][5]/R (clocked by sys_clk_pin). Large setup violations at the end of those stages might be difficult to fix during the post-placement implementation flow and could be the result of non-optimal XDC constraints or non-optimal design architecture
Related violations: <none>

TIMING-16#194 Warning
Large setup violation  
There is a large setup violation of -1.299 ns between Inst_md_io/flags_in_reg[1]/C (clocked by clk50mhz_clk_wiz_1) and Inst_md_io/Inst_VGA/colaY_reg[43][2]/CE (clocked by sys_clk_pin). Large setup violations at the end of those stages might be difficult to fix during the post-placement implementation flow and could be the result of non-optimal XDC constraints or non-optimal design architecture
Related violations: <none>

TIMING-16#195 Warning
Large setup violation  
There is a large setup violation of -1.300 ns between Inst_md_io/flags_in_reg[0]/C (clocked by clk50mhz_clk_wiz_1) and Inst_md_io/Inst_VGA/colaY_reg[0][0]/R (clocked by sys_clk_pin). Large setup violations at the end of those stages might be difficult to fix during the post-placement implementation flow and could be the result of non-optimal XDC constraints or non-optimal design architecture
Related violations: <none>

TIMING-16#196 Warning
Large setup violation  
There is a large setup violation of -1.300 ns between Inst_md_io/flags_in_reg[0]/C (clocked by clk50mhz_clk_wiz_1) and Inst_md_io/Inst_VGA/colaY_reg[0][1]/R (clocked by sys_clk_pin). Large setup violations at the end of those stages might be difficult to fix during the post-placement implementation flow and could be the result of non-optimal XDC constraints or non-optimal design architecture
Related violations: <none>

TIMING-16#197 Warning
Large setup violation  
There is a large setup violation of -1.300 ns between Inst_md_io/flags_in_reg[0]/C (clocked by clk50mhz_clk_wiz_1) and Inst_md_io/Inst_VGA/colaY_reg[0][3]/R (clocked by sys_clk_pin). Large setup violations at the end of those stages might be difficult to fix during the post-placement implementation flow and could be the result of non-optimal XDC constraints or non-optimal design architecture
Related violations: <none>

TIMING-16#198 Warning
Large setup violation  
There is a large setup violation of -1.302 ns between Inst_md_io/flags_in_reg[0]/C (clocked by clk50mhz_clk_wiz_1) and Inst_md_io/Inst_VGA/colaY_reg[33][0]/R (clocked by sys_clk_pin). Large setup violations at the end of those stages might be difficult to fix during the post-placement implementation flow and could be the result of non-optimal XDC constraints or non-optimal design architecture
Related violations: <none>

TIMING-16#199 Warning
Large setup violation  
There is a large setup violation of -1.306 ns between Inst_md_io/flags_in_reg[0]/C (clocked by clk50mhz_clk_wiz_1) and Inst_md_io/Inst_VGA/colaX_reg[34][5]/D (clocked by sys_clk_pin). Large setup violations at the end of those stages might be difficult to fix during the post-placement implementation flow and could be the result of non-optimal XDC constraints or non-optimal design architecture
Related violations: <none>

TIMING-16#200 Warning
Large setup violation  
There is a large setup violation of -1.319 ns between Inst_md_io/flags_in_reg[1]/C (clocked by clk50mhz_clk_wiz_1) and Inst_md_io/Inst_VGA/colaX_reg[17][5]/CE (clocked by sys_clk_pin). Large setup violations at the end of those stages might be difficult to fix during the post-placement implementation flow and could be the result of non-optimal XDC constraints or non-optimal design architecture
Related violations: <none>

TIMING-16#201 Warning
Large setup violation  
There is a large setup violation of -1.322 ns between Inst_md_io/flags_in_reg[1]/C (clocked by clk50mhz_clk_wiz_1) and Inst_md_io/Inst_VGA/colaY_reg[51][1]/CE (clocked by sys_clk_pin). Large setup violations at the end of those stages might be difficult to fix during the post-placement implementation flow and could be the result of non-optimal XDC constraints or non-optimal design architecture
Related violations: <none>

TIMING-16#202 Warning
Large setup violation  
There is a large setup violation of -1.322 ns between Inst_md_io/flags_in_reg[1]/C (clocked by clk50mhz_clk_wiz_1) and Inst_md_io/Inst_VGA/colaY_reg[51][2]/CE (clocked by sys_clk_pin). Large setup violations at the end of those stages might be difficult to fix during the post-placement implementation flow and could be the result of non-optimal XDC constraints or non-optimal design architecture
Related violations: <none>

TIMING-16#203 Warning
Large setup violation  
There is a large setup violation of -1.322 ns between Inst_md_io/flags_in_reg[1]/C (clocked by clk50mhz_clk_wiz_1) and Inst_md_io/Inst_VGA/colaY_reg[51][3]/CE (clocked by sys_clk_pin). Large setup violations at the end of those stages might be difficult to fix during the post-placement implementation flow and could be the result of non-optimal XDC constraints or non-optimal design architecture
Related violations: <none>

TIMING-16#204 Warning
Large setup violation  
There is a large setup violation of -1.322 ns between Inst_md_io/flags_in_reg[1]/C (clocked by clk50mhz_clk_wiz_1) and Inst_md_io/Inst_VGA/colaY_reg[51][5]/CE (clocked by sys_clk_pin). Large setup violations at the end of those stages might be difficult to fix during the post-placement implementation flow and could be the result of non-optimal XDC constraints or non-optimal design architecture
Related violations: <none>

TIMING-16#205 Warning
Large setup violation  
There is a large setup violation of -1.323 ns between Inst_md_io/flags_in_reg[0]/C (clocked by clk50mhz_clk_wiz_1) and Inst_md_io/Inst_VGA/colaX_reg[30][3]/R (clocked by sys_clk_pin). Large setup violations at the end of those stages might be difficult to fix during the post-placement implementation flow and could be the result of non-optimal XDC constraints or non-optimal design architecture
Related violations: <none>

TIMING-16#206 Warning
Large setup violation  
There is a large setup violation of -1.323 ns between Inst_md_io/flags_in_reg[0]/C (clocked by clk50mhz_clk_wiz_1) and Inst_md_io/Inst_VGA/colaX_reg[33][1]/R (clocked by sys_clk_pin). Large setup violations at the end of those stages might be difficult to fix during the post-placement implementation flow and could be the result of non-optimal XDC constraints or non-optimal design architecture
Related violations: <none>

TIMING-16#207 Warning
Large setup violation  
There is a large setup violation of -1.323 ns between Inst_md_io/flags_in_reg[0]/C (clocked by clk50mhz_clk_wiz_1) and Inst_md_io/Inst_VGA/colaX_reg[33][2]/R (clocked by sys_clk_pin). Large setup violations at the end of those stages might be difficult to fix during the post-placement implementation flow and could be the result of non-optimal XDC constraints or non-optimal design architecture
Related violations: <none>

TIMING-16#208 Warning
Large setup violation  
There is a large setup violation of -1.324 ns between Inst_md_io/flags_in_reg[0]/C (clocked by clk50mhz_clk_wiz_1) and Inst_md_io/Inst_VGA/colaX_reg[9][5]/CE (clocked by sys_clk_pin). Large setup violations at the end of those stages might be difficult to fix during the post-placement implementation flow and could be the result of non-optimal XDC constraints or non-optimal design architecture
Related violations: <none>

TIMING-16#209 Warning
Large setup violation  
There is a large setup violation of -1.324 ns between Inst_md_io/flags_in_reg[0]/C (clocked by clk50mhz_clk_wiz_1) and Inst_md_io/Inst_VGA/colaY_reg[9][3]/CE (clocked by sys_clk_pin). Large setup violations at the end of those stages might be difficult to fix during the post-placement implementation flow and could be the result of non-optimal XDC constraints or non-optimal design architecture
Related violations: <none>

TIMING-16#210 Warning
Large setup violation  
There is a large setup violation of -1.324 ns between Inst_md_io/flags_in_reg[0]/C (clocked by clk50mhz_clk_wiz_1) and Inst_md_io/Inst_VGA/colaY_reg[9][4]/CE (clocked by sys_clk_pin). Large setup violations at the end of those stages might be difficult to fix during the post-placement implementation flow and could be the result of non-optimal XDC constraints or non-optimal design architecture
Related violations: <none>

TIMING-16#211 Warning
Large setup violation  
There is a large setup violation of -1.324 ns between Inst_md_io/flags_in_reg[0]/C (clocked by clk50mhz_clk_wiz_1) and Inst_md_io/Inst_VGA/colaY_reg[9][5]/CE (clocked by sys_clk_pin). Large setup violations at the end of those stages might be difficult to fix during the post-placement implementation flow and could be the result of non-optimal XDC constraints or non-optimal design architecture
Related violations: <none>

TIMING-16#212 Warning
Large setup violation  
There is a large setup violation of -1.325 ns between Inst_md_io/flags_in_reg[1]/C (clocked by clk50mhz_clk_wiz_1) and Inst_md_io/Inst_VGA/colaY_reg[17][2]/CE (clocked by sys_clk_pin). Large setup violations at the end of those stages might be difficult to fix during the post-placement implementation flow and could be the result of non-optimal XDC constraints or non-optimal design architecture
Related violations: <none>

TIMING-16#213 Warning
Large setup violation  
There is a large setup violation of -1.331 ns between Inst_md_io/flags_in_reg[0]/C (clocked by clk50mhz_clk_wiz_1) and Inst_md_io/Inst_VGA/colaX_reg[18][1]/R (clocked by sys_clk_pin). Large setup violations at the end of those stages might be difficult to fix during the post-placement implementation flow and could be the result of non-optimal XDC constraints or non-optimal design architecture
Related violations: <none>

TIMING-16#214 Warning
Large setup violation  
There is a large setup violation of -1.331 ns between Inst_md_io/flags_in_reg[0]/C (clocked by clk50mhz_clk_wiz_1) and Inst_md_io/Inst_VGA/colaX_reg[18][5]/R (clocked by sys_clk_pin). Large setup violations at the end of those stages might be difficult to fix during the post-placement implementation flow and could be the result of non-optimal XDC constraints or non-optimal design architecture
Related violations: <none>

TIMING-16#215 Warning
Large setup violation  
There is a large setup violation of -1.333 ns between Inst_md_io/flags_in_reg[1]/C (clocked by clk50mhz_clk_wiz_1) and Inst_md_io/Inst_VGA/colaX_reg[43][3]/R (clocked by sys_clk_pin). Large setup violations at the end of those stages might be difficult to fix during the post-placement implementation flow and could be the result of non-optimal XDC constraints or non-optimal design architecture
Related violations: <none>

TIMING-16#216 Warning
Large setup violation  
There is a large setup violation of -1.344 ns between Inst_md_io/flags_in_reg[0]/C (clocked by clk50mhz_clk_wiz_1) and Inst_md_io/Inst_VGA/colaY_reg[36][1]/R (clocked by sys_clk_pin). Large setup violations at the end of those stages might be difficult to fix during the post-placement implementation flow and could be the result of non-optimal XDC constraints or non-optimal design architecture
Related violations: <none>

TIMING-16#217 Warning
Large setup violation  
There is a large setup violation of -1.344 ns between Inst_md_io/flags_in_reg[0]/C (clocked by clk50mhz_clk_wiz_1) and Inst_md_io/Inst_VGA/colaY_reg[36][2]/R (clocked by sys_clk_pin). Large setup violations at the end of those stages might be difficult to fix during the post-placement implementation flow and could be the result of non-optimal XDC constraints or non-optimal design architecture
Related violations: <none>

TIMING-16#218 Warning
Large setup violation  
There is a large setup violation of -1.345 ns between Inst_md_io/flags_in_reg[0]/C (clocked by clk50mhz_clk_wiz_1) and Inst_md_io/Inst_VGA/colaX_reg[19][0]/CE (clocked by sys_clk_pin). Large setup violations at the end of those stages might be difficult to fix during the post-placement implementation flow and could be the result of non-optimal XDC constraints or non-optimal design architecture
Related violations: <none>

TIMING-16#219 Warning
Large setup violation  
There is a large setup violation of -1.348 ns between Inst_md_io/flags_in_reg[0]/C (clocked by clk50mhz_clk_wiz_1) and Inst_md_io/Inst_VGA/colaY_reg[33][1]/R (clocked by sys_clk_pin). Large setup violations at the end of those stages might be difficult to fix during the post-placement implementation flow and could be the result of non-optimal XDC constraints or non-optimal design architecture
Related violations: <none>

TIMING-16#220 Warning
Large setup violation  
There is a large setup violation of -1.348 ns between Inst_md_io/flags_in_reg[0]/C (clocked by clk50mhz_clk_wiz_1) and Inst_md_io/Inst_VGA/colaY_reg[33][4]/R (clocked by sys_clk_pin). Large setup violations at the end of those stages might be difficult to fix during the post-placement implementation flow and could be the result of non-optimal XDC constraints or non-optimal design architecture
Related violations: <none>

TIMING-16#221 Warning
Large setup violation  
There is a large setup violation of -1.348 ns between Inst_md_io/flags_in_reg[0]/C (clocked by clk50mhz_clk_wiz_1) and Inst_md_io/Inst_VGA/colaY_reg[33][5]/R (clocked by sys_clk_pin). Large setup violations at the end of those stages might be difficult to fix during the post-placement implementation flow and could be the result of non-optimal XDC constraints or non-optimal design architecture
Related violations: <none>

TIMING-16#222 Warning
Large setup violation  
There is a large setup violation of -1.349 ns between Inst_md_io/flags_in_reg[0]/C (clocked by clk50mhz_clk_wiz_1) and Inst_md_io/Inst_VGA/colaX_reg[56][4]/R (clocked by sys_clk_pin). Large setup violations at the end of those stages might be difficult to fix during the post-placement implementation flow and could be the result of non-optimal XDC constraints or non-optimal design architecture
Related violations: <none>

TIMING-16#223 Warning
Large setup violation  
There is a large setup violation of -1.349 ns between Inst_md_io/flags_in_reg[0]/C (clocked by clk50mhz_clk_wiz_1) and Inst_md_io/Inst_VGA/colaY_reg[56][0]/R (clocked by sys_clk_pin). Large setup violations at the end of those stages might be difficult to fix during the post-placement implementation flow and could be the result of non-optimal XDC constraints or non-optimal design architecture
Related violations: <none>

TIMING-16#224 Warning
Large setup violation  
There is a large setup violation of -1.351 ns between Inst_md_io/flags_in_reg[1]/C (clocked by clk50mhz_clk_wiz_1) and Inst_md_io/Inst_VGA/colaX_reg[43][1]/R (clocked by sys_clk_pin). Large setup violations at the end of those stages might be difficult to fix during the post-placement implementation flow and could be the result of non-optimal XDC constraints or non-optimal design architecture
Related violations: <none>

TIMING-16#225 Warning
Large setup violation  
There is a large setup violation of -1.351 ns between Inst_md_io/flags_in_reg[1]/C (clocked by clk50mhz_clk_wiz_1) and Inst_md_io/Inst_VGA/colaX_reg[43][5]/R (clocked by sys_clk_pin). Large setup violations at the end of those stages might be difficult to fix during the post-placement implementation flow and could be the result of non-optimal XDC constraints or non-optimal design architecture
Related violations: <none>

TIMING-16#226 Warning
Large setup violation  
There is a large setup violation of -1.352 ns between Inst_md_io/flags_in_reg[0]/C (clocked by clk50mhz_clk_wiz_1) and Inst_md_io/Inst_VGA/colaX_reg[17][0]/R (clocked by sys_clk_pin). Large setup violations at the end of those stages might be difficult to fix during the post-placement implementation flow and could be the result of non-optimal XDC constraints or non-optimal design architecture
Related violations: <none>

TIMING-16#227 Warning
Large setup violation  
There is a large setup violation of -1.352 ns between Inst_md_io/flags_in_reg[0]/C (clocked by clk50mhz_clk_wiz_1) and Inst_md_io/Inst_VGA/colaY_reg[17][0]/R (clocked by sys_clk_pin). Large setup violations at the end of those stages might be difficult to fix during the post-placement implementation flow and could be the result of non-optimal XDC constraints or non-optimal design architecture
Related violations: <none>

TIMING-16#228 Warning
Large setup violation  
There is a large setup violation of -1.352 ns between Inst_md_io/flags_in_reg[0]/C (clocked by clk50mhz_clk_wiz_1) and Inst_md_io/Inst_VGA/colaY_reg[17][3]/R (clocked by sys_clk_pin). Large setup violations at the end of those stages might be difficult to fix during the post-placement implementation flow and could be the result of non-optimal XDC constraints or non-optimal design architecture
Related violations: <none>

TIMING-16#229 Warning
Large setup violation  
There is a large setup violation of -1.352 ns between Inst_md_io/flags_in_reg[0]/C (clocked by clk50mhz_clk_wiz_1) and Inst_md_io/Inst_VGA/colaY_reg[17][5]/R (clocked by sys_clk_pin). Large setup violations at the end of those stages might be difficult to fix during the post-placement implementation flow and could be the result of non-optimal XDC constraints or non-optimal design architecture
Related violations: <none>

TIMING-16#230 Warning
Large setup violation  
There is a large setup violation of -1.355 ns between Inst_md_io/flags_in_reg[1]/C (clocked by clk50mhz_clk_wiz_1) and Inst_md_io/Inst_VGA/colaX_reg[17][1]/CE (clocked by sys_clk_pin). Large setup violations at the end of those stages might be difficult to fix during the post-placement implementation flow and could be the result of non-optimal XDC constraints or non-optimal design architecture
Related violations: <none>

TIMING-16#231 Warning
Large setup violation  
There is a large setup violation of -1.355 ns between Inst_md_io/flags_in_reg[1]/C (clocked by clk50mhz_clk_wiz_1) and Inst_md_io/Inst_VGA/colaX_reg[17][3]/CE (clocked by sys_clk_pin). Large setup violations at the end of those stages might be difficult to fix during the post-placement implementation flow and could be the result of non-optimal XDC constraints or non-optimal design architecture
Related violations: <none>

TIMING-16#232 Warning
Large setup violation  
There is a large setup violation of -1.355 ns between Inst_md_io/flags_in_reg[1]/C (clocked by clk50mhz_clk_wiz_1) and Inst_md_io/Inst_VGA/colaX_reg[17][4]/CE (clocked by sys_clk_pin). Large setup violations at the end of those stages might be difficult to fix during the post-placement implementation flow and could be the result of non-optimal XDC constraints or non-optimal design architecture
Related violations: <none>

TIMING-16#233 Warning
Large setup violation  
There is a large setup violation of -1.359 ns between Inst_md_io/flags_in_reg[0]/C (clocked by clk50mhz_clk_wiz_1) and Inst_md_io/Inst_VGA/colaX_reg[19][3]/CE (clocked by sys_clk_pin). Large setup violations at the end of those stages might be difficult to fix during the post-placement implementation flow and could be the result of non-optimal XDC constraints or non-optimal design architecture
Related violations: <none>

TIMING-16#234 Warning
Large setup violation  
There is a large setup violation of -1.359 ns between Inst_md_io/flags_in_reg[0]/C (clocked by clk50mhz_clk_wiz_1) and Inst_md_io/Inst_VGA/colaY_reg[19][1]/CE (clocked by sys_clk_pin). Large setup violations at the end of those stages might be difficult to fix during the post-placement implementation flow and could be the result of non-optimal XDC constraints or non-optimal design architecture
Related violations: <none>

TIMING-16#235 Warning
Large setup violation  
There is a large setup violation of -1.361 ns between Inst_md_io/flags_in_reg[0]/C (clocked by clk50mhz_clk_wiz_1) and Inst_md_io/Inst_VGA/colaX_reg[13][1]/CE (clocked by sys_clk_pin). Large setup violations at the end of those stages might be difficult to fix during the post-placement implementation flow and could be the result of non-optimal XDC constraints or non-optimal design architecture
Related violations: <none>

TIMING-16#236 Warning
Large setup violation  
There is a large setup violation of -1.361 ns between Inst_md_io/flags_in_reg[0]/C (clocked by clk50mhz_clk_wiz_1) and Inst_md_io/Inst_VGA/colaX_reg[13][3]/CE (clocked by sys_clk_pin). Large setup violations at the end of those stages might be difficult to fix during the post-placement implementation flow and could be the result of non-optimal XDC constraints or non-optimal design architecture
Related violations: <none>

TIMING-16#237 Warning
Large setup violation  
There is a large setup violation of -1.361 ns between Inst_md_io/flags_in_reg[1]/C (clocked by clk50mhz_clk_wiz_1) and Inst_md_io/Inst_VGA/colaY_reg[17][1]/CE (clocked by sys_clk_pin). Large setup violations at the end of those stages might be difficult to fix during the post-placement implementation flow and could be the result of non-optimal XDC constraints or non-optimal design architecture
Related violations: <none>

TIMING-16#238 Warning
Large setup violation  
There is a large setup violation of -1.361 ns between Inst_md_io/flags_in_reg[1]/C (clocked by clk50mhz_clk_wiz_1) and Inst_md_io/Inst_VGA/colaY_reg[17][4]/CE (clocked by sys_clk_pin). Large setup violations at the end of those stages might be difficult to fix during the post-placement implementation flow and could be the result of non-optimal XDC constraints or non-optimal design architecture
Related violations: <none>

TIMING-16#239 Warning
Large setup violation  
There is a large setup violation of -1.364 ns between Inst_md_io/flags_in_reg[0]/C (clocked by clk50mhz_clk_wiz_1) and Inst_md_io/Inst_VGA/colaY_reg[19][0]/CE (clocked by sys_clk_pin). Large setup violations at the end of those stages might be difficult to fix during the post-placement implementation flow and could be the result of non-optimal XDC constraints or non-optimal design architecture
Related violations: <none>

TIMING-16#240 Warning
Large setup violation  
There is a large setup violation of -1.364 ns between Inst_md_io/flags_in_reg[1]/C (clocked by clk50mhz_clk_wiz_1) and Inst_md_io/Inst_VGA/colaX_reg[43][0]/R (clocked by sys_clk_pin). Large setup violations at the end of those stages might be difficult to fix during the post-placement implementation flow and could be the result of non-optimal XDC constraints or non-optimal design architecture
Related violations: <none>

TIMING-16#241 Warning
Large setup violation  
There is a large setup violation of -1.377 ns between Inst_md_io/flags_in_reg[0]/C (clocked by clk50mhz_clk_wiz_1) and Inst_md_io/Inst_VGA/colaX_reg[19][4]/CE (clocked by sys_clk_pin). Large setup violations at the end of those stages might be difficult to fix during the post-placement implementation flow and could be the result of non-optimal XDC constraints or non-optimal design architecture
Related violations: <none>

TIMING-16#242 Warning
Large setup violation  
There is a large setup violation of -1.378 ns between Inst_md_io/flags_in_reg[0]/C (clocked by clk50mhz_clk_wiz_1) and Inst_md_io/Inst_VGA/colaX_reg[19][5]/CE (clocked by sys_clk_pin). Large setup violations at the end of those stages might be difficult to fix during the post-placement implementation flow and could be the result of non-optimal XDC constraints or non-optimal design architecture
Related violations: <none>

TIMING-16#243 Warning
Large setup violation  
There is a large setup violation of -1.378 ns between Inst_md_io/flags_in_reg[0]/C (clocked by clk50mhz_clk_wiz_1) and Inst_md_io/Inst_VGA/colaX_reg[34][4]/D (clocked by sys_clk_pin). Large setup violations at the end of those stages might be difficult to fix during the post-placement implementation flow and could be the result of non-optimal XDC constraints or non-optimal design architecture
Related violations: <none>

TIMING-16#244 Warning
Large setup violation  
There is a large setup violation of -1.380 ns between Inst_md_io/flags_in_reg[1]/C (clocked by clk50mhz_clk_wiz_1) and Inst_md_io/Inst_VGA/colaY_reg[3][3]/R (clocked by sys_clk_pin). Large setup violations at the end of those stages might be difficult to fix during the post-placement implementation flow and could be the result of non-optimal XDC constraints or non-optimal design architecture
Related violations: <none>

TIMING-16#245 Warning
Large setup violation  
There is a large setup violation of -1.383 ns between Inst_md_io/flags_in_reg[1]/C (clocked by clk50mhz_clk_wiz_1) and Inst_md_io/Inst_VGA/colaX_reg[3][4]/R (clocked by sys_clk_pin). Large setup violations at the end of those stages might be difficult to fix during the post-placement implementation flow and could be the result of non-optimal XDC constraints or non-optimal design architecture
Related violations: <none>

TIMING-16#246 Warning
Large setup violation  
There is a large setup violation of -1.384 ns between Inst_md_io/flags_in_reg[1]/C (clocked by clk50mhz_clk_wiz_1) and Inst_md_io/Inst_VGA/colaX_reg[3][2]/R (clocked by sys_clk_pin). Large setup violations at the end of those stages might be difficult to fix during the post-placement implementation flow and could be the result of non-optimal XDC constraints or non-optimal design architecture
Related violations: <none>

TIMING-16#247 Warning
Large setup violation  
There is a large setup violation of -1.384 ns between Inst_md_io/flags_in_reg[1]/C (clocked by clk50mhz_clk_wiz_1) and Inst_md_io/Inst_VGA/colaX_reg[3][5]/R (clocked by sys_clk_pin). Large setup violations at the end of those stages might be difficult to fix during the post-placement implementation flow and could be the result of non-optimal XDC constraints or non-optimal design architecture
Related violations: <none>

TIMING-16#248 Warning
Large setup violation  
There is a large setup violation of -1.384 ns between Inst_md_io/flags_in_reg[1]/C (clocked by clk50mhz_clk_wiz_1) and Inst_md_io/Inst_VGA/colaY_reg[3][1]/R (clocked by sys_clk_pin). Large setup violations at the end of those stages might be difficult to fix during the post-placement implementation flow and could be the result of non-optimal XDC constraints or non-optimal design architecture
Related violations: <none>

TIMING-16#249 Warning
Large setup violation  
There is a large setup violation of -1.384 ns between Inst_md_io/flags_in_reg[1]/C (clocked by clk50mhz_clk_wiz_1) and Inst_md_io/Inst_VGA/colaY_reg[3][5]/R (clocked by sys_clk_pin). Large setup violations at the end of those stages might be difficult to fix during the post-placement implementation flow and could be the result of non-optimal XDC constraints or non-optimal design architecture
Related violations: <none>

TIMING-16#250 Warning
Large setup violation  
There is a large setup violation of -1.386 ns between Inst_md_io/flags_in_reg[1]/C (clocked by clk50mhz_clk_wiz_1) and Inst_md_io/Inst_VGA/colaX_reg[43][4]/R (clocked by sys_clk_pin). Large setup violations at the end of those stages might be difficult to fix during the post-placement implementation flow and could be the result of non-optimal XDC constraints or non-optimal design architecture
Related violations: <none>

TIMING-16#251 Warning
Large setup violation  
There is a large setup violation of -1.390 ns between Inst_md_io/flags_in_reg[0]/C (clocked by clk50mhz_clk_wiz_1) and Inst_md_io/Inst_VGA/colaY_reg[35][4]/D (clocked by sys_clk_pin). Large setup violations at the end of those stages might be difficult to fix during the post-placement implementation flow and could be the result of non-optimal XDC constraints or non-optimal design architecture
Related violations: <none>

TIMING-16#252 Warning
Large setup violation  
There is a large setup violation of -1.393 ns between Inst_md_io/flags_in_reg[0]/C (clocked by clk50mhz_clk_wiz_1) and Inst_md_io/Inst_VGA/colaY_reg[19][3]/CE (clocked by sys_clk_pin). Large setup violations at the end of those stages might be difficult to fix during the post-placement implementation flow and could be the result of non-optimal XDC constraints or non-optimal design architecture
Related violations: <none>

TIMING-16#253 Warning
Large setup violation  
There is a large setup violation of -1.393 ns between Inst_md_io/flags_in_reg[0]/C (clocked by clk50mhz_clk_wiz_1) and Inst_md_io/Inst_VGA/colaY_reg[19][4]/CE (clocked by sys_clk_pin). Large setup violations at the end of those stages might be difficult to fix during the post-placement implementation flow and could be the result of non-optimal XDC constraints or non-optimal design architecture
Related violations: <none>

TIMING-16#254 Warning
Large setup violation  
There is a large setup violation of -1.393 ns between Inst_md_io/flags_in_reg[0]/C (clocked by clk50mhz_clk_wiz_1) and Inst_md_io/Inst_VGA/colaY_reg[19][5]/CE (clocked by sys_clk_pin). Large setup violations at the end of those stages might be difficult to fix during the post-placement implementation flow and could be the result of non-optimal XDC constraints or non-optimal design architecture
Related violations: <none>

TIMING-16#255 Warning
Large setup violation  
There is a large setup violation of -1.395 ns between Inst_md_io/flags_in_reg[0]/C (clocked by clk50mhz_clk_wiz_1) and Inst_md_io/Inst_VGA/colaY_reg[36][3]/R (clocked by sys_clk_pin). Large setup violations at the end of those stages might be difficult to fix during the post-placement implementation flow and could be the result of non-optimal XDC constraints or non-optimal design architecture
Related violations: <none>

TIMING-16#256 Warning
Large setup violation  
There is a large setup violation of -1.401 ns between Inst_md_io/flags_in_reg[0]/C (clocked by clk50mhz_clk_wiz_1) and Inst_md_io/Inst_VGA/colaX_reg[19][2]/CE (clocked by sys_clk_pin). Large setup violations at the end of those stages might be difficult to fix during the post-placement implementation flow and could be the result of non-optimal XDC constraints or non-optimal design architecture
Related violations: <none>

TIMING-16#257 Warning
Large setup violation  
There is a large setup violation of -1.402 ns between Inst_md_io/flags_in_reg[1]/C (clocked by clk50mhz_clk_wiz_1) and Inst_md_io/Inst_VGA/colaY_reg[43][0]/R (clocked by sys_clk_pin). Large setup violations at the end of those stages might be difficult to fix during the post-placement implementation flow and could be the result of non-optimal XDC constraints or non-optimal design architecture
Related violations: <none>

TIMING-16#258 Warning
Large setup violation  
There is a large setup violation of -1.416 ns between Inst_md_io/flags_in_reg[0]/C (clocked by clk50mhz_clk_wiz_1) and Inst_md_io/Inst_VGA/colaX_reg[56][3]/R (clocked by sys_clk_pin). Large setup violations at the end of those stages might be difficult to fix during the post-placement implementation flow and could be the result of non-optimal XDC constraints or non-optimal design architecture
Related violations: <none>

TIMING-16#259 Warning
Large setup violation  
There is a large setup violation of -1.421 ns between Inst_md_io/flags_in_reg[0]/C (clocked by clk50mhz_clk_wiz_1) and Inst_md_io/Inst_VGA/colaY_reg[36][4]/R (clocked by sys_clk_pin). Large setup violations at the end of those stages might be difficult to fix during the post-placement implementation flow and could be the result of non-optimal XDC constraints or non-optimal design architecture
Related violations: <none>

TIMING-16#260 Warning
Large setup violation  
There is a large setup violation of -1.422 ns between Inst_md_io/head_y_reg[4]/C (clocked by clk50mhz_clk_wiz_1) and Inst_md_io/Inst_VGA/cola_len_int_reg[5]/R (clocked by sys_clk_pin). Large setup violations at the end of those stages might be difficult to fix during the post-placement implementation flow and could be the result of non-optimal XDC constraints or non-optimal design architecture
Related violations: <none>

TIMING-16#261 Warning
Large setup violation  
There is a large setup violation of -1.422 ns between Inst_md_io/head_y_reg[4]/C (clocked by clk50mhz_clk_wiz_1) and Inst_md_io/Inst_VGA/cola_len_int_reg[6]/R (clocked by sys_clk_pin). Large setup violations at the end of those stages might be difficult to fix during the post-placement implementation flow and could be the result of non-optimal XDC constraints or non-optimal design architecture
Related violations: <none>

TIMING-16#262 Warning
Large setup violation  
There is a large setup violation of -1.425 ns between Inst_md_io/flags_in_reg[0]/C (clocked by clk50mhz_clk_wiz_1) and Inst_md_io/Inst_VGA/colaX_reg[17][5]/R (clocked by sys_clk_pin). Large setup violations at the end of those stages might be difficult to fix during the post-placement implementation flow and could be the result of non-optimal XDC constraints or non-optimal design architecture
Related violations: <none>

TIMING-16#263 Warning
Large setup violation  
There is a large setup violation of -1.426 ns between Inst_md_io/flags_in_reg[0]/C (clocked by clk50mhz_clk_wiz_1) and Inst_md_io/Inst_VGA/colaX_reg[18][4]/R (clocked by sys_clk_pin). Large setup violations at the end of those stages might be difficult to fix during the post-placement implementation flow and could be the result of non-optimal XDC constraints or non-optimal design architecture
Related violations: <none>

TIMING-16#264 Warning
Large setup violation  
There is a large setup violation of -1.426 ns between Inst_md_io/flags_in_reg[0]/C (clocked by clk50mhz_clk_wiz_1) and Inst_md_io/Inst_VGA/colaX_reg[33][0]/D (clocked by sys_clk_pin). Large setup violations at the end of those stages might be difficult to fix during the post-placement implementation flow and could be the result of non-optimal XDC constraints or non-optimal design architecture
Related violations: <none>

TIMING-16#265 Warning
Large setup violation  
There is a large setup violation of -1.426 ns between Inst_md_io/head_y_reg[4]/C (clocked by clk50mhz_clk_wiz_1) and Inst_md_io/Inst_VGA/cola_len_int_reg[4]/R (clocked by sys_clk_pin). Large setup violations at the end of those stages might be difficult to fix during the post-placement implementation flow and could be the result of non-optimal XDC constraints or non-optimal design architecture
Related violations: <none>

TIMING-16#266 Warning
Large setup violation  
There is a large setup violation of -1.440 ns between Inst_md_io/flags_in_reg[0]/C (clocked by clk50mhz_clk_wiz_1) and Inst_md_io/Inst_VGA/colaX_reg[33][3]/D (clocked by sys_clk_pin). Large setup violations at the end of those stages might be difficult to fix during the post-placement implementation flow and could be the result of non-optimal XDC constraints or non-optimal design architecture
Related violations: <none>

TIMING-16#267 Warning
Large setup violation  
There is a large setup violation of -1.446 ns between Inst_md_io/flags_in_reg[1]/C (clocked by clk50mhz_clk_wiz_1) and Inst_md_io/Inst_VGA/colaY_reg[43][4]/R (clocked by sys_clk_pin). Large setup violations at the end of those stages might be difficult to fix during the post-placement implementation flow and could be the result of non-optimal XDC constraints or non-optimal design architecture
Related violations: <none>

TIMING-16#268 Warning
Large setup violation  
There is a large setup violation of -1.448 ns between Inst_md_io/flags_in_reg[0]/C (clocked by clk50mhz_clk_wiz_1) and Inst_md_io/Inst_VGA/colaX_reg[56][5]/R (clocked by sys_clk_pin). Large setup violations at the end of those stages might be difficult to fix during the post-placement implementation flow and could be the result of non-optimal XDC constraints or non-optimal design architecture
Related violations: <none>

TIMING-16#269 Warning
Large setup violation  
There is a large setup violation of -1.454 ns between Inst_md_io/flags_in_reg[0]/C (clocked by clk50mhz_clk_wiz_1) and Inst_md_io/Inst_VGA/colaX_reg[13][4]/CE (clocked by sys_clk_pin). Large setup violations at the end of those stages might be difficult to fix during the post-placement implementation flow and could be the result of non-optimal XDC constraints or non-optimal design architecture
Related violations: <none>

TIMING-16#270 Warning
Large setup violation  
There is a large setup violation of -1.457 ns between Inst_md_io/flags_in_reg[0]/C (clocked by clk50mhz_clk_wiz_1) and Inst_md_io/Inst_VGA/colaY_reg[18][1]/R (clocked by sys_clk_pin). Large setup violations at the end of those stages might be difficult to fix during the post-placement implementation flow and could be the result of non-optimal XDC constraints or non-optimal design architecture
Related violations: <none>

TIMING-16#271 Warning
Large setup violation  
There is a large setup violation of -1.457 ns between Inst_md_io/flags_in_reg[0]/C (clocked by clk50mhz_clk_wiz_1) and Inst_md_io/Inst_VGA/colaY_reg[18][2]/R (clocked by sys_clk_pin). Large setup violations at the end of those stages might be difficult to fix during the post-placement implementation flow and could be the result of non-optimal XDC constraints or non-optimal design architecture
Related violations: <none>

TIMING-16#272 Warning
Large setup violation  
There is a large setup violation of -1.457 ns between Inst_md_io/flags_in_reg[0]/C (clocked by clk50mhz_clk_wiz_1) and Inst_md_io/Inst_VGA/colaY_reg[18][5]/R (clocked by sys_clk_pin). Large setup violations at the end of those stages might be difficult to fix during the post-placement implementation flow and could be the result of non-optimal XDC constraints or non-optimal design architecture
Related violations: <none>

TIMING-16#273 Warning
Large setup violation  
There is a large setup violation of -1.458 ns between Inst_md_io/flags_in_reg[0]/C (clocked by clk50mhz_clk_wiz_1) and Inst_md_io/Inst_VGA/colaY_reg[11][4]/R (clocked by sys_clk_pin). Large setup violations at the end of those stages might be difficult to fix during the post-placement implementation flow and could be the result of non-optimal XDC constraints or non-optimal design architecture
Related violations: <none>

TIMING-16#274 Warning
Large setup violation  
There is a large setup violation of -1.460 ns between Inst_md_io/head_y_reg[3]/C (clocked by clk50mhz_clk_wiz_1) and Inst_md_io/Inst_VGA/sync_unit/rgb_reg_reg[11]/D (clocked by sys_clk_pin). Large setup violations at the end of those stages might be difficult to fix during the post-placement implementation flow and could be the result of non-optimal XDC constraints or non-optimal design architecture
Related violations: <none>

TIMING-16#275 Warning
Large setup violation  
There is a large setup violation of -1.469 ns between Inst_md_io/flags_in_reg[1]/C (clocked by clk50mhz_clk_wiz_1) and Inst_md_io/Inst_VGA/colaX_reg[17][0]/CE (clocked by sys_clk_pin). Large setup violations at the end of those stages might be difficult to fix during the post-placement implementation flow and could be the result of non-optimal XDC constraints or non-optimal design architecture
Related violations: <none>

TIMING-16#276 Warning
Large setup violation  
There is a large setup violation of -1.469 ns between Inst_md_io/flags_in_reg[1]/C (clocked by clk50mhz_clk_wiz_1) and Inst_md_io/Inst_VGA/colaY_reg[17][0]/CE (clocked by sys_clk_pin). Large setup violations at the end of those stages might be difficult to fix during the post-placement implementation flow and could be the result of non-optimal XDC constraints or non-optimal design architecture
Related violations: <none>

TIMING-16#277 Warning
Large setup violation  
There is a large setup violation of -1.469 ns between Inst_md_io/flags_in_reg[1]/C (clocked by clk50mhz_clk_wiz_1) and Inst_md_io/Inst_VGA/colaY_reg[17][3]/CE (clocked by sys_clk_pin). Large setup violations at the end of those stages might be difficult to fix during the post-placement implementation flow and could be the result of non-optimal XDC constraints or non-optimal design architecture
Related violations: <none>

TIMING-16#278 Warning
Large setup violation  
There is a large setup violation of -1.469 ns between Inst_md_io/flags_in_reg[1]/C (clocked by clk50mhz_clk_wiz_1) and Inst_md_io/Inst_VGA/colaY_reg[17][5]/CE (clocked by sys_clk_pin). Large setup violations at the end of those stages might be difficult to fix during the post-placement implementation flow and could be the result of non-optimal XDC constraints or non-optimal design architecture
Related violations: <none>

TIMING-16#279 Warning
Large setup violation  
There is a large setup violation of -1.475 ns between Inst_md_io/flags_in_reg[0]/C (clocked by clk50mhz_clk_wiz_1) and Inst_md_io/Inst_VGA/colaY_reg[33][2]/R (clocked by sys_clk_pin). Large setup violations at the end of those stages might be difficult to fix during the post-placement implementation flow and could be the result of non-optimal XDC constraints or non-optimal design architecture
Related violations: <none>

TIMING-16#280 Warning
Large setup violation  
There is a large setup violation of -1.475 ns between Inst_md_io/flags_in_reg[0]/C (clocked by clk50mhz_clk_wiz_1) and Inst_md_io/Inst_VGA/colaY_reg[33][3]/R (clocked by sys_clk_pin). Large setup violations at the end of those stages might be difficult to fix during the post-placement implementation flow and could be the result of non-optimal XDC constraints or non-optimal design architecture
Related violations: <none>

TIMING-16#281 Warning
Large setup violation  
There is a large setup violation of -1.476 ns between Inst_md_io/flags_in_reg[0]/C (clocked by clk50mhz_clk_wiz_1) and Inst_md_io/Inst_VGA/colaY_reg[56][2]/R (clocked by sys_clk_pin). Large setup violations at the end of those stages might be difficult to fix during the post-placement implementation flow and could be the result of non-optimal XDC constraints or non-optimal design architecture
Related violations: <none>

TIMING-16#282 Warning
Large setup violation  
There is a large setup violation of -1.483 ns between Inst_md_io/flags_in_reg[0]/C (clocked by clk50mhz_clk_wiz_1) and Inst_md_io/Inst_VGA/colaX_reg[10][2]/CE (clocked by sys_clk_pin). Large setup violations at the end of those stages might be difficult to fix during the post-placement implementation flow and could be the result of non-optimal XDC constraints or non-optimal design architecture
Related violations: <none>

TIMING-16#283 Warning
Large setup violation  
There is a large setup violation of -1.483 ns between Inst_md_io/flags_in_reg[0]/C (clocked by clk50mhz_clk_wiz_1) and Inst_md_io/Inst_VGA/colaY_reg[11][3]/R (clocked by sys_clk_pin). Large setup violations at the end of those stages might be difficult to fix during the post-placement implementation flow and could be the result of non-optimal XDC constraints or non-optimal design architecture
Related violations: <none>

TIMING-16#284 Warning
Large setup violation  
There is a large setup violation of -1.483 ns between Inst_md_io/flags_in_reg[0]/C (clocked by clk50mhz_clk_wiz_1) and Inst_md_io/Inst_VGA/colaY_reg[11][5]/R (clocked by sys_clk_pin). Large setup violations at the end of those stages might be difficult to fix during the post-placement implementation flow and could be the result of non-optimal XDC constraints or non-optimal design architecture
Related violations: <none>

TIMING-16#285 Warning
Large setup violation  
There is a large setup violation of -1.487 ns between Inst_md_io/flags_in_reg[0]/C (clocked by clk50mhz_clk_wiz_1) and Inst_md_io/Inst_VGA/colaY_reg[17][2]/R (clocked by sys_clk_pin). Large setup violations at the end of those stages might be difficult to fix during the post-placement implementation flow and could be the result of non-optimal XDC constraints or non-optimal design architecture
Related violations: <none>

TIMING-16#286 Warning
Large setup violation  
There is a large setup violation of -1.488 ns between Inst_md_io/flags_in_reg[0]/C (clocked by clk50mhz_clk_wiz_1) and Inst_md_io/Inst_VGA/colaX_reg[33][0]/R (clocked by sys_clk_pin). Large setup violations at the end of those stages might be difficult to fix during the post-placement implementation flow and could be the result of non-optimal XDC constraints or non-optimal design architecture
Related violations: <none>

TIMING-16#287 Warning
Large setup violation  
There is a large setup violation of -1.488 ns between Inst_md_io/flags_in_reg[0]/C (clocked by clk50mhz_clk_wiz_1) and Inst_md_io/Inst_VGA/colaX_reg[33][3]/R (clocked by sys_clk_pin). Large setup violations at the end of those stages might be difficult to fix during the post-placement implementation flow and could be the result of non-optimal XDC constraints or non-optimal design architecture
Related violations: <none>

TIMING-16#288 Warning
Large setup violation  
There is a large setup violation of -1.495 ns between Inst_md_io/flags_in_reg[1]/C (clocked by clk50mhz_clk_wiz_1) and Inst_md_io/Inst_VGA/colaX_reg[3][0]/R (clocked by sys_clk_pin). Large setup violations at the end of those stages might be difficult to fix during the post-placement implementation flow and could be the result of non-optimal XDC constraints or non-optimal design architecture
Related violations: <none>

TIMING-16#289 Warning
Large setup violation  
There is a large setup violation of -1.496 ns between Inst_md_io/flags_in_reg[0]/C (clocked by clk50mhz_clk_wiz_1) and Inst_md_io/Inst_VGA/colaX_reg[52][1]/CE (clocked by sys_clk_pin). Large setup violations at the end of those stages might be difficult to fix during the post-placement implementation flow and could be the result of non-optimal XDC constraints or non-optimal design architecture
Related violations: <none>

TIMING-16#290 Warning
Large setup violation  
There is a large setup violation of -1.496 ns between Inst_md_io/flags_in_reg[0]/C (clocked by clk50mhz_clk_wiz_1) and Inst_md_io/Inst_VGA/colaY_reg[52][1]/CE (clocked by sys_clk_pin). Large setup violations at the end of those stages might be difficult to fix during the post-placement implementation flow and could be the result of non-optimal XDC constraints or non-optimal design architecture
Related violations: <none>

TIMING-16#291 Warning
Large setup violation  
There is a large setup violation of -1.496 ns between Inst_md_io/flags_in_reg[0]/C (clocked by clk50mhz_clk_wiz_1) and Inst_md_io/Inst_VGA/colaY_reg[52][2]/CE (clocked by sys_clk_pin). Large setup violations at the end of those stages might be difficult to fix during the post-placement implementation flow and could be the result of non-optimal XDC constraints or non-optimal design architecture
Related violations: <none>

TIMING-16#292 Warning
Large setup violation  
There is a large setup violation of -1.505 ns between Inst_md_io/flags_in_reg[0]/C (clocked by clk50mhz_clk_wiz_1) and Inst_md_io/Inst_VGA/colaX_reg[13][2]/CE (clocked by sys_clk_pin). Large setup violations at the end of those stages might be difficult to fix during the post-placement implementation flow and could be the result of non-optimal XDC constraints or non-optimal design architecture
Related violations: <none>

TIMING-16#293 Warning
Large setup violation  
There is a large setup violation of -1.505 ns between Inst_md_io/flags_in_reg[0]/C (clocked by clk50mhz_clk_wiz_1) and Inst_md_io/Inst_VGA/colaX_reg[53][5]/CE (clocked by sys_clk_pin). Large setup violations at the end of those stages might be difficult to fix during the post-placement implementation flow and could be the result of non-optimal XDC constraints or non-optimal design architecture
Related violations: <none>

TIMING-16#294 Warning
Large setup violation  
There is a large setup violation of -1.505 ns between Inst_md_io/head_y_reg[4]/C (clocked by clk50mhz_clk_wiz_1) and Inst_md_io/Inst_VGA/cola_len_int_reg[0]/R (clocked by sys_clk_pin). Large setup violations at the end of those stages might be difficult to fix during the post-placement implementation flow and could be the result of non-optimal XDC constraints or non-optimal design architecture
Related violations: <none>

TIMING-16#295 Warning
Large setup violation  
There is a large setup violation of -1.505 ns between Inst_md_io/head_y_reg[4]/C (clocked by clk50mhz_clk_wiz_1) and Inst_md_io/Inst_VGA/cola_len_int_reg[1]/R (clocked by sys_clk_pin). Large setup violations at the end of those stages might be difficult to fix during the post-placement implementation flow and could be the result of non-optimal XDC constraints or non-optimal design architecture
Related violations: <none>

TIMING-16#296 Warning
Large setup violation  
There is a large setup violation of -1.505 ns between Inst_md_io/head_y_reg[4]/C (clocked by clk50mhz_clk_wiz_1) and Inst_md_io/Inst_VGA/cola_len_int_reg[3]/R (clocked by sys_clk_pin). Large setup violations at the end of those stages might be difficult to fix during the post-placement implementation flow and could be the result of non-optimal XDC constraints or non-optimal design architecture
Related violations: <none>

TIMING-16#297 Warning
Large setup violation  
There is a large setup violation of -1.505 ns between Inst_md_io/head_y_reg[4]/C (clocked by clk50mhz_clk_wiz_1) and Inst_md_io/Inst_VGA/colision_fruta_reg/D (clocked by sys_clk_pin). Large setup violations at the end of those stages might be difficult to fix during the post-placement implementation flow and could be the result of non-optimal XDC constraints or non-optimal design architecture
Related violations: <none>

TIMING-16#298 Warning
Large setup violation  
There is a large setup violation of -1.527 ns between Inst_md_io/flags_in_reg[1]/C (clocked by clk50mhz_clk_wiz_1) and Inst_md_io/Inst_VGA/colaX_reg[3][1]/R (clocked by sys_clk_pin). Large setup violations at the end of those stages might be difficult to fix during the post-placement implementation flow and could be the result of non-optimal XDC constraints or non-optimal design architecture
Related violations: <none>

TIMING-16#299 Warning
Large setup violation  
There is a large setup violation of -1.527 ns between Inst_md_io/flags_in_reg[1]/C (clocked by clk50mhz_clk_wiz_1) and Inst_md_io/Inst_VGA/colaX_reg[3][3]/R (clocked by sys_clk_pin). Large setup violations at the end of those stages might be difficult to fix during the post-placement implementation flow and could be the result of non-optimal XDC constraints or non-optimal design architecture
Related violations: <none>

TIMING-16#300 Warning
Large setup violation  
There is a large setup violation of -1.530 ns between Inst_md_io/flags_in_reg[0]/C (clocked by clk50mhz_clk_wiz_1) and Inst_md_io/Inst_VGA/colaX_reg[10][5]/CE (clocked by sys_clk_pin). Large setup violations at the end of those stages might be difficult to fix during the post-placement implementation flow and could be the result of non-optimal XDC constraints or non-optimal design architecture
Related violations: <none>

TIMING-16#301 Warning
Large setup violation  
There is a large setup violation of -1.531 ns between Inst_md_io/flags_in_reg[0]/C (clocked by clk50mhz_clk_wiz_1) and Inst_md_io/Inst_VGA/colaY_reg[52][3]/CE (clocked by sys_clk_pin). Large setup violations at the end of those stages might be difficult to fix during the post-placement implementation flow and could be the result of non-optimal XDC constraints or non-optimal design architecture
Related violations: <none>

TIMING-16#302 Warning
Large setup violation  
There is a large setup violation of -1.531 ns between Inst_md_io/head_y_reg[3]/C (clocked by clk50mhz_clk_wiz_1) and Inst_md_io/Inst_VGA/sync_unit/rgb_reg_reg[10]/D (clocked by sys_clk_pin). Large setup violations at the end of those stages might be difficult to fix during the post-placement implementation flow and could be the result of non-optimal XDC constraints or non-optimal design architecture
Related violations: <none>

TIMING-16#303 Warning
Large setup violation  
There is a large setup violation of -1.533 ns between Inst_md_io/head_y_reg[0]/C (clocked by clk50mhz_clk_wiz_1) and Inst_md_io/Inst_VGA/rand_y_unit/counter_reg[4]/D (clocked by sys_clk_pin). Large setup violations at the end of those stages might be difficult to fix during the post-placement implementation flow and could be the result of non-optimal XDC constraints or non-optimal design architecture
Related violations: <none>

TIMING-16#304 Warning
Large setup violation  
There is a large setup violation of -1.538 ns between Inst_md_io/flags_in_reg[0]/C (clocked by clk50mhz_clk_wiz_1) and Inst_md_io/Inst_VGA/colaY_reg[57][0]/R (clocked by sys_clk_pin). Large setup violations at the end of those stages might be difficult to fix during the post-placement implementation flow and could be the result of non-optimal XDC constraints or non-optimal design architecture
Related violations: <none>

TIMING-16#305 Warning
Large setup violation  
There is a large setup violation of -1.538 ns between Inst_md_io/flags_in_reg[0]/C (clocked by clk50mhz_clk_wiz_1) and Inst_md_io/Inst_VGA/colaY_reg[57][2]/R (clocked by sys_clk_pin). Large setup violations at the end of those stages might be difficult to fix during the post-placement implementation flow and could be the result of non-optimal XDC constraints or non-optimal design architecture
Related violations: <none>

TIMING-16#306 Warning
Large setup violation  
There is a large setup violation of -1.538 ns between Inst_md_io/flags_in_reg[0]/C (clocked by clk50mhz_clk_wiz_1) and Inst_md_io/Inst_VGA/colaY_reg[57][3]/R (clocked by sys_clk_pin). Large setup violations at the end of those stages might be difficult to fix during the post-placement implementation flow and could be the result of non-optimal XDC constraints or non-optimal design architecture
Related violations: <none>

TIMING-16#307 Warning
Large setup violation  
There is a large setup violation of -1.542 ns between Inst_md_io/flags_in_reg[0]/C (clocked by clk50mhz_clk_wiz_1) and Inst_md_io/Inst_VGA/colaY_reg[57][1]/R (clocked by sys_clk_pin). Large setup violations at the end of those stages might be difficult to fix during the post-placement implementation flow and could be the result of non-optimal XDC constraints or non-optimal design architecture
Related violations: <none>

TIMING-16#308 Warning
Large setup violation  
There is a large setup violation of -1.542 ns between Inst_md_io/flags_in_reg[0]/C (clocked by clk50mhz_clk_wiz_1) and Inst_md_io/Inst_VGA/colaY_reg[57][4]/R (clocked by sys_clk_pin). Large setup violations at the end of those stages might be difficult to fix during the post-placement implementation flow and could be the result of non-optimal XDC constraints or non-optimal design architecture
Related violations: <none>

TIMING-16#309 Warning
Large setup violation  
There is a large setup violation of -1.542 ns between Inst_md_io/flags_in_reg[0]/C (clocked by clk50mhz_clk_wiz_1) and Inst_md_io/Inst_VGA/colaY_reg[57][5]/R (clocked by sys_clk_pin). Large setup violations at the end of those stages might be difficult to fix during the post-placement implementation flow and could be the result of non-optimal XDC constraints or non-optimal design architecture
Related violations: <none>

TIMING-16#310 Warning
Large setup violation  
There is a large setup violation of -1.545 ns between Inst_md_io/flags_in_reg[0]/C (clocked by clk50mhz_clk_wiz_1) and Inst_md_io/Inst_VGA/colaY_reg[52][5]/CE (clocked by sys_clk_pin). Large setup violations at the end of those stages might be difficult to fix during the post-placement implementation flow and could be the result of non-optimal XDC constraints or non-optimal design architecture
Related violations: <none>

TIMING-16#311 Warning
Large setup violation  
There is a large setup violation of -1.549 ns between Inst_md_io/flags_in_reg[0]/C (clocked by clk50mhz_clk_wiz_1) and Inst_md_io/Inst_VGA/colaX_reg[56][0]/R (clocked by sys_clk_pin). Large setup violations at the end of those stages might be difficult to fix during the post-placement implementation flow and could be the result of non-optimal XDC constraints or non-optimal design architecture
Related violations: <none>

TIMING-16#312 Warning
Large setup violation  
There is a large setup violation of -1.549 ns between Inst_md_io/flags_in_reg[0]/C (clocked by clk50mhz_clk_wiz_1) and Inst_md_io/Inst_VGA/colaX_reg[56][1]/R (clocked by sys_clk_pin). Large setup violations at the end of those stages might be difficult to fix during the post-placement implementation flow and could be the result of non-optimal XDC constraints or non-optimal design architecture
Related violations: <none>

TIMING-16#313 Warning
Large setup violation  
There is a large setup violation of -1.549 ns between Inst_md_io/flags_in_reg[0]/C (clocked by clk50mhz_clk_wiz_1) and Inst_md_io/Inst_VGA/colaX_reg[56][2]/R (clocked by sys_clk_pin). Large setup violations at the end of those stages might be difficult to fix during the post-placement implementation flow and could be the result of non-optimal XDC constraints or non-optimal design architecture
Related violations: <none>

TIMING-16#314 Warning
Large setup violation  
There is a large setup violation of -1.552 ns between Inst_md_io/flags_in_reg[0]/C (clocked by clk50mhz_clk_wiz_1) and Inst_md_io/Inst_VGA/colaX_reg[57][1]/R (clocked by sys_clk_pin). Large setup violations at the end of those stages might be difficult to fix during the post-placement implementation flow and could be the result of non-optimal XDC constraints or non-optimal design architecture
Related violations: <none>

TIMING-16#315 Warning
Large setup violation  
There is a large setup violation of -1.561 ns between Inst_md_io/flags_in_reg[0]/C (clocked by clk50mhz_clk_wiz_1) and Inst_md_io/Inst_VGA/colaX_reg[18][0]/R (clocked by sys_clk_pin). Large setup violations at the end of those stages might be difficult to fix during the post-placement implementation flow and could be the result of non-optimal XDC constraints or non-optimal design architecture
Related violations: <none>

TIMING-16#316 Warning
Large setup violation  
There is a large setup violation of -1.561 ns between Inst_md_io/flags_in_reg[0]/C (clocked by clk50mhz_clk_wiz_1) and Inst_md_io/Inst_VGA/colaX_reg[18][2]/R (clocked by sys_clk_pin). Large setup violations at the end of those stages might be difficult to fix during the post-placement implementation flow and could be the result of non-optimal XDC constraints or non-optimal design architecture
Related violations: <none>

TIMING-16#317 Warning
Large setup violation  
There is a large setup violation of -1.561 ns between Inst_md_io/flags_in_reg[0]/C (clocked by clk50mhz_clk_wiz_1) and Inst_md_io/Inst_VGA/colaX_reg[18][3]/R (clocked by sys_clk_pin). Large setup violations at the end of those stages might be difficult to fix during the post-placement implementation flow and could be the result of non-optimal XDC constraints or non-optimal design architecture
Related violations: <none>

TIMING-16#318 Warning
Large setup violation  
There is a large setup violation of -1.574 ns between Inst_md_io/flags_in_reg[0]/C (clocked by clk50mhz_clk_wiz_1) and Inst_md_io/Inst_VGA/colaX_reg[57][4]/R (clocked by sys_clk_pin). Large setup violations at the end of those stages might be difficult to fix during the post-placement implementation flow and could be the result of non-optimal XDC constraints or non-optimal design architecture
Related violations: <none>

TIMING-16#319 Warning
Large setup violation  
There is a large setup violation of -1.574 ns between Inst_md_io/flags_in_reg[0]/C (clocked by clk50mhz_clk_wiz_1) and Inst_md_io/Inst_VGA/colaY_reg[53][2]/CE (clocked by sys_clk_pin). Large setup violations at the end of those stages might be difficult to fix during the post-placement implementation flow and could be the result of non-optimal XDC constraints or non-optimal design architecture
Related violations: <none>

TIMING-16#320 Warning
Large setup violation  
There is a large setup violation of -1.574 ns between Inst_md_io/flags_in_reg[0]/C (clocked by clk50mhz_clk_wiz_1) and Inst_md_io/Inst_VGA/colaY_reg[53][3]/CE (clocked by sys_clk_pin). Large setup violations at the end of those stages might be difficult to fix during the post-placement implementation flow and could be the result of non-optimal XDC constraints or non-optimal design architecture
Related violations: <none>

TIMING-16#321 Warning
Large setup violation  
There is a large setup violation of -1.574 ns between Inst_md_io/flags_in_reg[0]/C (clocked by clk50mhz_clk_wiz_1) and Inst_md_io/Inst_VGA/colaY_reg[53][4]/CE (clocked by sys_clk_pin). Large setup violations at the end of those stages might be difficult to fix during the post-placement implementation flow and could be the result of non-optimal XDC constraints or non-optimal design architecture
Related violations: <none>

TIMING-16#322 Warning
Large setup violation  
There is a large setup violation of -1.574 ns between Inst_md_io/flags_in_reg[0]/C (clocked by clk50mhz_clk_wiz_1) and Inst_md_io/Inst_VGA/colaY_reg[53][5]/CE (clocked by sys_clk_pin). Large setup violations at the end of those stages might be difficult to fix during the post-placement implementation flow and could be the result of non-optimal XDC constraints or non-optimal design architecture
Related violations: <none>

TIMING-16#323 Warning
Large setup violation  
There is a large setup violation of -1.581 ns between Inst_md_io/flags_in_reg[0]/C (clocked by clk50mhz_clk_wiz_1) and Inst_md_io/Inst_VGA/colaX_reg[56][0]/CE (clocked by sys_clk_pin). Large setup violations at the end of those stages might be difficult to fix during the post-placement implementation flow and could be the result of non-optimal XDC constraints or non-optimal design architecture
Related violations: <none>

TIMING-16#324 Warning
Large setup violation  
There is a large setup violation of -1.581 ns between Inst_md_io/flags_in_reg[0]/C (clocked by clk50mhz_clk_wiz_1) and Inst_md_io/Inst_VGA/colaX_reg[56][1]/CE (clocked by sys_clk_pin). Large setup violations at the end of those stages might be difficult to fix during the post-placement implementation flow and could be the result of non-optimal XDC constraints or non-optimal design architecture
Related violations: <none>

TIMING-16#325 Warning
Large setup violation  
There is a large setup violation of -1.581 ns between Inst_md_io/flags_in_reg[0]/C (clocked by clk50mhz_clk_wiz_1) and Inst_md_io/Inst_VGA/colaX_reg[56][2]/CE (clocked by sys_clk_pin). Large setup violations at the end of those stages might be difficult to fix during the post-placement implementation flow and could be the result of non-optimal XDC constraints or non-optimal design architecture
Related violations: <none>

TIMING-16#326 Warning
Large setup violation  
There is a large setup violation of -1.581 ns between Inst_md_io/flags_in_reg[0]/C (clocked by clk50mhz_clk_wiz_1) and Inst_md_io/Inst_VGA/colaX_reg[60][1]/CE (clocked by sys_clk_pin). Large setup violations at the end of those stages might be difficult to fix during the post-placement implementation flow and could be the result of non-optimal XDC constraints or non-optimal design architecture
Related violations: <none>

TIMING-16#327 Warning
Large setup violation  
There is a large setup violation of -1.581 ns between Inst_md_io/flags_in_reg[0]/C (clocked by clk50mhz_clk_wiz_1) and Inst_md_io/Inst_VGA/colaX_reg[60][2]/CE (clocked by sys_clk_pin). Large setup violations at the end of those stages might be difficult to fix during the post-placement implementation flow and could be the result of non-optimal XDC constraints or non-optimal design architecture
Related violations: <none>

TIMING-16#328 Warning
Large setup violation  
There is a large setup violation of -1.581 ns between Inst_md_io/flags_in_reg[0]/C (clocked by clk50mhz_clk_wiz_1) and Inst_md_io/Inst_VGA/colaY_reg[60][5]/CE (clocked by sys_clk_pin). Large setup violations at the end of those stages might be difficult to fix during the post-placement implementation flow and could be the result of non-optimal XDC constraints or non-optimal design architecture
Related violations: <none>

TIMING-16#329 Warning
Large setup violation  
There is a large setup violation of -1.583 ns between Inst_md_io/flags_in_reg[0]/C (clocked by clk50mhz_clk_wiz_1) and Inst_md_io/Inst_VGA/colaX_reg[57][2]/R (clocked by sys_clk_pin). Large setup violations at the end of those stages might be difficult to fix during the post-placement implementation flow and could be the result of non-optimal XDC constraints or non-optimal design architecture
Related violations: <none>

TIMING-16#330 Warning
Large setup violation  
There is a large setup violation of -1.583 ns between Inst_md_io/flags_in_reg[0]/C (clocked by clk50mhz_clk_wiz_1) and Inst_md_io/Inst_VGA/colaX_reg[57][5]/R (clocked by sys_clk_pin). Large setup violations at the end of those stages might be difficult to fix during the post-placement implementation flow and could be the result of non-optimal XDC constraints or non-optimal design architecture
Related violations: <none>

TIMING-16#331 Warning
Large setup violation  
There is a large setup violation of -1.588 ns between Inst_md_io/flags_in_reg[0]/C (clocked by clk50mhz_clk_wiz_1) and Inst_md_io/Inst_VGA/colaX_reg[57][0]/R (clocked by sys_clk_pin). Large setup violations at the end of those stages might be difficult to fix during the post-placement implementation flow and could be the result of non-optimal XDC constraints or non-optimal design architecture
Related violations: <none>

TIMING-16#332 Warning
Large setup violation  
There is a large setup violation of -1.588 ns between Inst_md_io/flags_in_reg[0]/C (clocked by clk50mhz_clk_wiz_1) and Inst_md_io/Inst_VGA/colaX_reg[57][3]/R (clocked by sys_clk_pin). Large setup violations at the end of those stages might be difficult to fix during the post-placement implementation flow and could be the result of non-optimal XDC constraints or non-optimal design architecture
Related violations: <none>

TIMING-16#333 Warning
Large setup violation  
There is a large setup violation of -1.589 ns between Inst_md_io/flags_in_reg[0]/C (clocked by clk50mhz_clk_wiz_1) and Inst_md_io/Inst_VGA/colaY_reg[57][0]/CE (clocked by sys_clk_pin). Large setup violations at the end of those stages might be difficult to fix during the post-placement implementation flow and could be the result of non-optimal XDC constraints or non-optimal design architecture
Related violations: <none>

TIMING-16#334 Warning
Large setup violation  
There is a large setup violation of -1.589 ns between Inst_md_io/flags_in_reg[0]/C (clocked by clk50mhz_clk_wiz_1) and Inst_md_io/Inst_VGA/colaY_reg[57][2]/CE (clocked by sys_clk_pin). Large setup violations at the end of those stages might be difficult to fix during the post-placement implementation flow and could be the result of non-optimal XDC constraints or non-optimal design architecture
Related violations: <none>

TIMING-16#335 Warning
Large setup violation  
There is a large setup violation of -1.589 ns between Inst_md_io/flags_in_reg[0]/C (clocked by clk50mhz_clk_wiz_1) and Inst_md_io/Inst_VGA/colaY_reg[57][3]/CE (clocked by sys_clk_pin). Large setup violations at the end of those stages might be difficult to fix during the post-placement implementation flow and could be the result of non-optimal XDC constraints or non-optimal design architecture
Related violations: <none>

TIMING-16#336 Warning
Large setup violation  
There is a large setup violation of -1.592 ns between Inst_md_io/flags_in_reg[0]/C (clocked by clk50mhz_clk_wiz_1) and Inst_md_io/Inst_VGA/colaX_reg[33][5]/R (clocked by sys_clk_pin). Large setup violations at the end of those stages might be difficult to fix during the post-placement implementation flow and could be the result of non-optimal XDC constraints or non-optimal design architecture
Related violations: <none>

TIMING-16#337 Warning
Large setup violation  
There is a large setup violation of -1.594 ns between Inst_md_io/flags_in_reg[0]/C (clocked by clk50mhz_clk_wiz_1) and Inst_md_io/Inst_VGA/colaX_reg[10][0]/CE (clocked by sys_clk_pin). Large setup violations at the end of those stages might be difficult to fix during the post-placement implementation flow and could be the result of non-optimal XDC constraints or non-optimal design architecture
Related violations: <none>

TIMING-16#338 Warning
Large setup violation  
There is a large setup violation of -1.597 ns between Inst_md_io/flags_in_reg[0]/C (clocked by clk50mhz_clk_wiz_1) and Inst_md_io/Inst_VGA/colaY_reg[52][0]/CE (clocked by sys_clk_pin). Large setup violations at the end of those stages might be difficult to fix during the post-placement implementation flow and could be the result of non-optimal XDC constraints or non-optimal design architecture
Related violations: <none>

TIMING-16#339 Warning
Large setup violation  
There is a large setup violation of -1.599 ns between Inst_md_io/flags_in_reg[0]/C (clocked by clk50mhz_clk_wiz_1) and Inst_md_io/Inst_VGA/colaX_reg[53][0]/CE (clocked by sys_clk_pin). Large setup violations at the end of those stages might be difficult to fix during the post-placement implementation flow and could be the result of non-optimal XDC constraints or non-optimal design architecture
Related violations: <none>

TIMING-16#340 Warning
Large setup violation  
There is a large setup violation of -1.601 ns between Inst_md_io/flags_in_reg[0]/C (clocked by clk50mhz_clk_wiz_1) and Inst_md_io/Inst_VGA/colaX_reg[52][2]/CE (clocked by sys_clk_pin). Large setup violations at the end of those stages might be difficult to fix during the post-placement implementation flow and could be the result of non-optimal XDC constraints or non-optimal design architecture
Related violations: <none>

TIMING-16#341 Warning
Large setup violation  
There is a large setup violation of -1.601 ns between Inst_md_io/flags_in_reg[0]/C (clocked by clk50mhz_clk_wiz_1) and Inst_md_io/Inst_VGA/colaX_reg[52][3]/CE (clocked by sys_clk_pin). Large setup violations at the end of those stages might be difficult to fix during the post-placement implementation flow and could be the result of non-optimal XDC constraints or non-optimal design architecture
Related violations: <none>

TIMING-16#342 Warning
Large setup violation  
There is a large setup violation of -1.601 ns between Inst_md_io/flags_in_reg[0]/C (clocked by clk50mhz_clk_wiz_1) and Inst_md_io/Inst_VGA/colaX_reg[52][4]/CE (clocked by sys_clk_pin). Large setup violations at the end of those stages might be difficult to fix during the post-placement implementation flow and could be the result of non-optimal XDC constraints or non-optimal design architecture
Related violations: <none>

TIMING-16#343 Warning
Large setup violation  
There is a large setup violation of -1.601 ns between Inst_md_io/flags_in_reg[0]/C (clocked by clk50mhz_clk_wiz_1) and Inst_md_io/Inst_VGA/colaX_reg[52][5]/CE (clocked by sys_clk_pin). Large setup violations at the end of those stages might be difficult to fix during the post-placement implementation flow and could be the result of non-optimal XDC constraints or non-optimal design architecture
Related violations: <none>

TIMING-16#344 Warning
Large setup violation  
There is a large setup violation of -1.606 ns between Inst_md_io/flags_in_reg[0]/C (clocked by clk50mhz_clk_wiz_1) and Inst_md_io/Inst_VGA/colaY_reg[58][1]/CE (clocked by sys_clk_pin). Large setup violations at the end of those stages might be difficult to fix during the post-placement implementation flow and could be the result of non-optimal XDC constraints or non-optimal design architecture
Related violations: <none>

TIMING-16#345 Warning
Large setup violation  
There is a large setup violation of -1.608 ns between Inst_md_io/flags_in_reg[1]/C (clocked by clk50mhz_clk_wiz_1) and Inst_md_io/Inst_VGA/colaX_reg[43][2]/R (clocked by sys_clk_pin). Large setup violations at the end of those stages might be difficult to fix during the post-placement implementation flow and could be the result of non-optimal XDC constraints or non-optimal design architecture
Related violations: <none>

TIMING-16#346 Warning
Large setup violation  
There is a large setup violation of -1.609 ns between Inst_md_io/flags_in_reg[0]/C (clocked by clk50mhz_clk_wiz_1) and Inst_md_io/Inst_VGA/colaX_reg[57][2]/CE (clocked by sys_clk_pin). Large setup violations at the end of those stages might be difficult to fix during the post-placement implementation flow and could be the result of non-optimal XDC constraints or non-optimal design architecture
Related violations: <none>

TIMING-16#347 Warning
Large setup violation  
There is a large setup violation of -1.609 ns between Inst_md_io/flags_in_reg[0]/C (clocked by clk50mhz_clk_wiz_1) and Inst_md_io/Inst_VGA/colaX_reg[57][5]/CE (clocked by sys_clk_pin). Large setup violations at the end of those stages might be difficult to fix during the post-placement implementation flow and could be the result of non-optimal XDC constraints or non-optimal design architecture
Related violations: <none>

TIMING-16#348 Warning
Large setup violation  
There is a large setup violation of -1.610 ns between Inst_md_io/flags_in_reg[1]/C (clocked by clk50mhz_clk_wiz_1) and Inst_md_io/Inst_VGA/colaY_reg[44][4]/R (clocked by sys_clk_pin). Large setup violations at the end of those stages might be difficult to fix during the post-placement implementation flow and could be the result of non-optimal XDC constraints or non-optimal design architecture
Related violations: <none>

TIMING-16#349 Warning
Large setup violation  
There is a large setup violation of -1.612 ns between Inst_md_io/flags_in_reg[0]/C (clocked by clk50mhz_clk_wiz_1) and Inst_md_io/Inst_VGA/colaX_reg[13][0]/CE (clocked by sys_clk_pin). Large setup violations at the end of those stages might be difficult to fix during the post-placement implementation flow and could be the result of non-optimal XDC constraints or non-optimal design architecture
Related violations: <none>

TIMING-16#350 Warning
Large setup violation  
There is a large setup violation of -1.612 ns between Inst_md_io/flags_in_reg[0]/C (clocked by clk50mhz_clk_wiz_1) and Inst_md_io/Inst_VGA/colaX_reg[13][5]/CE (clocked by sys_clk_pin). Large setup violations at the end of those stages might be difficult to fix during the post-placement implementation flow and could be the result of non-optimal XDC constraints or non-optimal design architecture
Related violations: <none>

TIMING-16#351 Warning
Large setup violation  
There is a large setup violation of -1.612 ns between Inst_md_io/flags_in_reg[0]/C (clocked by clk50mhz_clk_wiz_1) and Inst_md_io/Inst_VGA/colaX_reg[16][1]/R (clocked by sys_clk_pin). Large setup violations at the end of those stages might be difficult to fix during the post-placement implementation flow and could be the result of non-optimal XDC constraints or non-optimal design architecture
Related violations: <none>

TIMING-16#352 Warning
Large setup violation  
There is a large setup violation of -1.612 ns between Inst_md_io/flags_in_reg[0]/C (clocked by clk50mhz_clk_wiz_1) and Inst_md_io/Inst_VGA/colaY_reg[13][0]/CE (clocked by sys_clk_pin). Large setup violations at the end of those stages might be difficult to fix during the post-placement implementation flow and could be the result of non-optimal XDC constraints or non-optimal design architecture
Related violations: <none>

TIMING-16#353 Warning
Large setup violation  
There is a large setup violation of -1.612 ns between Inst_md_io/flags_in_reg[0]/C (clocked by clk50mhz_clk_wiz_1) and Inst_md_io/Inst_VGA/colaY_reg[13][2]/CE (clocked by sys_clk_pin). Large setup violations at the end of those stages might be difficult to fix during the post-placement implementation flow and could be the result of non-optimal XDC constraints or non-optimal design architecture
Related violations: <none>

TIMING-16#354 Warning
Large setup violation  
There is a large setup violation of -1.612 ns between Inst_md_io/flags_in_reg[0]/C (clocked by clk50mhz_clk_wiz_1) and Inst_md_io/Inst_VGA/colaY_reg[13][4]/CE (clocked by sys_clk_pin). Large setup violations at the end of those stages might be difficult to fix during the post-placement implementation flow and could be the result of non-optimal XDC constraints or non-optimal design architecture
Related violations: <none>

TIMING-16#355 Warning
Large setup violation  
There is a large setup violation of -1.612 ns between Inst_md_io/flags_in_reg[0]/C (clocked by clk50mhz_clk_wiz_1) and Inst_md_io/Inst_VGA/colaY_reg[16][2]/R (clocked by sys_clk_pin). Large setup violations at the end of those stages might be difficult to fix during the post-placement implementation flow and could be the result of non-optimal XDC constraints or non-optimal design architecture
Related violations: <none>

TIMING-16#356 Warning
Large setup violation  
There is a large setup violation of -1.613 ns between Inst_md_io/flags_in_reg[0]/C (clocked by clk50mhz_clk_wiz_1) and Inst_md_io/Inst_VGA/colaY_reg[13][1]/CE (clocked by sys_clk_pin). Large setup violations at the end of those stages might be difficult to fix during the post-placement implementation flow and could be the result of non-optimal XDC constraints or non-optimal design architecture
Related violations: <none>

TIMING-16#357 Warning
Large setup violation  
There is a large setup violation of -1.616 ns between Inst_md_io/flags_in_reg[0]/C (clocked by clk50mhz_clk_wiz_1) and Inst_md_io/Inst_VGA/colaY_reg[52][4]/CE (clocked by sys_clk_pin). Large setup violations at the end of those stages might be difficult to fix during the post-placement implementation flow and could be the result of non-optimal XDC constraints or non-optimal design architecture
Related violations: <none>

TIMING-16#358 Warning
Large setup violation  
There is a large setup violation of -1.621 ns between Inst_md_io/flags_in_reg[0]/C (clocked by clk50mhz_clk_wiz_1) and Inst_md_io/Inst_VGA/colaX_reg[57][0]/CE (clocked by sys_clk_pin). Large setup violations at the end of those stages might be difficult to fix during the post-placement implementation flow and could be the result of non-optimal XDC constraints or non-optimal design architecture
Related violations: <none>

TIMING-16#359 Warning
Large setup violation  
There is a large setup violation of -1.621 ns between Inst_md_io/flags_in_reg[0]/C (clocked by clk50mhz_clk_wiz_1) and Inst_md_io/Inst_VGA/colaX_reg[57][3]/CE (clocked by sys_clk_pin). Large setup violations at the end of those stages might be difficult to fix during the post-placement implementation flow and could be the result of non-optimal XDC constraints or non-optimal design architecture
Related violations: <none>

TIMING-16#360 Warning
Large setup violation  
There is a large setup violation of -1.621 ns between Inst_md_io/flags_in_reg[1]/C (clocked by clk50mhz_clk_wiz_1) and Inst_md_io/Inst_VGA/colaY_reg[44][2]/R (clocked by sys_clk_pin). Large setup violations at the end of those stages might be difficult to fix during the post-placement implementation flow and could be the result of non-optimal XDC constraints or non-optimal design architecture
Related violations: <none>

TIMING-16#361 Warning
Large setup violation  
There is a large setup violation of -1.621 ns between Inst_md_io/flags_in_reg[1]/C (clocked by clk50mhz_clk_wiz_1) and Inst_md_io/Inst_VGA/colaY_reg[44][3]/R (clocked by sys_clk_pin). Large setup violations at the end of those stages might be difficult to fix during the post-placement implementation flow and could be the result of non-optimal XDC constraints or non-optimal design architecture
Related violations: <none>

TIMING-16#362 Warning
Large setup violation  
There is a large setup violation of -1.622 ns between Inst_md_io/flags_in_reg[0]/C (clocked by clk50mhz_clk_wiz_1) and Inst_md_io/Inst_VGA/colaX_reg[57][1]/CE (clocked by sys_clk_pin). Large setup violations at the end of those stages might be difficult to fix during the post-placement implementation flow and could be the result of non-optimal XDC constraints or non-optimal design architecture
Related violations: <none>

TIMING-16#363 Warning
Large setup violation  
There is a large setup violation of -1.622 ns between Inst_md_io/flags_in_reg[1]/C (clocked by clk50mhz_clk_wiz_1) and Inst_md_io/Inst_VGA/colaX_reg[44][5]/R (clocked by sys_clk_pin). Large setup violations at the end of those stages might be difficult to fix during the post-placement implementation flow and could be the result of non-optimal XDC constraints or non-optimal design architecture
Related violations: <none>

TIMING-16#364 Warning
Large setup violation  
There is a large setup violation of -1.622 ns between Inst_md_io/flags_in_reg[1]/C (clocked by clk50mhz_clk_wiz_1) and Inst_md_io/Inst_VGA/colaY_reg[44][1]/R (clocked by sys_clk_pin). Large setup violations at the end of those stages might be difficult to fix during the post-placement implementation flow and could be the result of non-optimal XDC constraints or non-optimal design architecture
Related violations: <none>

TIMING-16#365 Warning
Large setup violation  
There is a large setup violation of -1.622 ns between Inst_md_io/flags_in_reg[1]/C (clocked by clk50mhz_clk_wiz_1) and Inst_md_io/Inst_VGA/colaY_reg[44][5]/R (clocked by sys_clk_pin). Large setup violations at the end of those stages might be difficult to fix during the post-placement implementation flow and could be the result of non-optimal XDC constraints or non-optimal design architecture
Related violations: <none>

TIMING-16#366 Warning
Large setup violation  
There is a large setup violation of -1.624 ns between Inst_md_io/flags_in_reg[0]/C (clocked by clk50mhz_clk_wiz_1) and Inst_md_io/Inst_VGA/colaX_reg[34][3]/D (clocked by sys_clk_pin). Large setup violations at the end of those stages might be difficult to fix during the post-placement implementation flow and could be the result of non-optimal XDC constraints or non-optimal design architecture
Related violations: <none>

TIMING-16#367 Warning
Large setup violation  
There is a large setup violation of -1.624 ns between Inst_md_io/flags_in_reg[1]/C (clocked by clk50mhz_clk_wiz_1) and Inst_md_io/Inst_VGA/colaX_reg[44][4]/R (clocked by sys_clk_pin). Large setup violations at the end of those stages might be difficult to fix during the post-placement implementation flow and could be the result of non-optimal XDC constraints or non-optimal design architecture
Related violations: <none>

TIMING-16#368 Warning
Large setup violation  
There is a large setup violation of -1.627 ns between Inst_md_io/flags_in_reg[0]/C (clocked by clk50mhz_clk_wiz_1) and Inst_md_io/Inst_VGA/colaX_reg[53][1]/CE (clocked by sys_clk_pin). Large setup violations at the end of those stages might be difficult to fix during the post-placement implementation flow and could be the result of non-optimal XDC constraints or non-optimal design architecture
Related violations: <none>

TIMING-16#369 Warning
Large setup violation  
There is a large setup violation of -1.627 ns between Inst_md_io/flags_in_reg[0]/C (clocked by clk50mhz_clk_wiz_1) and Inst_md_io/Inst_VGA/colaX_reg[53][3]/CE (clocked by sys_clk_pin). Large setup violations at the end of those stages might be difficult to fix during the post-placement implementation flow and could be the result of non-optimal XDC constraints or non-optimal design architecture
Related violations: <none>

TIMING-16#370 Warning
Large setup violation  
There is a large setup violation of -1.627 ns between Inst_md_io/flags_in_reg[0]/C (clocked by clk50mhz_clk_wiz_1) and Inst_md_io/Inst_VGA/colaX_reg[53][4]/CE (clocked by sys_clk_pin). Large setup violations at the end of those stages might be difficult to fix during the post-placement implementation flow and could be the result of non-optimal XDC constraints or non-optimal design architecture
Related violations: <none>

TIMING-16#371 Warning
Large setup violation  
There is a large setup violation of -1.637 ns between Inst_md_io/Inst_VGA/fruit_x_s_reg[3]_replica/C (clocked by sys_clk_pin) and Inst_reg/reg_reg_r2_0_31_6_11/RAMC_D1/I (clocked by clk50mhz_clk_wiz_1). Large setup violations at the end of those stages might be difficult to fix during the post-placement implementation flow and could be the result of non-optimal XDC constraints or non-optimal design architecture
Related violations: <none>

TIMING-16#372 Warning
Large setup violation  
There is a large setup violation of -1.642 ns between Inst_md_io/flags_in_reg[1]/C (clocked by clk50mhz_clk_wiz_1) and Inst_md_io/Inst_VGA/colaY_reg[3][0]/R (clocked by sys_clk_pin). Large setup violations at the end of those stages might be difficult to fix during the post-placement implementation flow and could be the result of non-optimal XDC constraints or non-optimal design architecture
Related violations: <none>

TIMING-16#373 Warning
Large setup violation  
There is a large setup violation of -1.646 ns between Inst_md_io/flags_in_reg[0]/C (clocked by clk50mhz_clk_wiz_1) and Inst_md_io/Inst_VGA/colaX_reg[52][0]/CE (clocked by sys_clk_pin). Large setup violations at the end of those stages might be difficult to fix during the post-placement implementation flow and could be the result of non-optimal XDC constraints or non-optimal design architecture
Related violations: <none>

TIMING-16#374 Warning
Large setup violation  
There is a large setup violation of -1.647 ns between Inst_md_io/flags_in_reg[0]/C (clocked by clk50mhz_clk_wiz_1) and Inst_md_io/Inst_VGA/colaX_reg[58][0]/R (clocked by sys_clk_pin). Large setup violations at the end of those stages might be difficult to fix during the post-placement implementation flow and could be the result of non-optimal XDC constraints or non-optimal design architecture
Related violations: <none>

TIMING-16#375 Warning
Large setup violation  
There is a large setup violation of -1.647 ns between Inst_md_io/flags_in_reg[0]/C (clocked by clk50mhz_clk_wiz_1) and Inst_md_io/Inst_VGA/colaX_reg[58][1]/R (clocked by sys_clk_pin). Large setup violations at the end of those stages might be difficult to fix during the post-placement implementation flow and could be the result of non-optimal XDC constraints or non-optimal design architecture
Related violations: <none>

TIMING-16#376 Warning
Large setup violation  
There is a large setup violation of -1.647 ns between Inst_md_io/flags_in_reg[0]/C (clocked by clk50mhz_clk_wiz_1) and Inst_md_io/Inst_VGA/colaX_reg[58][2]/R (clocked by sys_clk_pin). Large setup violations at the end of those stages might be difficult to fix during the post-placement implementation flow and could be the result of non-optimal XDC constraints or non-optimal design architecture
Related violations: <none>

TIMING-16#377 Warning
Large setup violation  
There is a large setup violation of -1.647 ns between Inst_md_io/flags_in_reg[0]/C (clocked by clk50mhz_clk_wiz_1) and Inst_md_io/Inst_VGA/colaY_reg[58][4]/R (clocked by sys_clk_pin). Large setup violations at the end of those stages might be difficult to fix during the post-placement implementation flow and could be the result of non-optimal XDC constraints or non-optimal design architecture
Related violations: <none>

TIMING-16#378 Warning
Large setup violation  
There is a large setup violation of -1.648 ns between Inst_md_io/flags_in_reg[0]/C (clocked by clk50mhz_clk_wiz_1) and Inst_md_io/Inst_VGA/colaX_reg[6][0]/CE (clocked by sys_clk_pin). Large setup violations at the end of those stages might be difficult to fix during the post-placement implementation flow and could be the result of non-optimal XDC constraints or non-optimal design architecture
Related violations: <none>

TIMING-16#379 Warning
Large setup violation  
There is a large setup violation of -1.648 ns between Inst_md_io/flags_in_reg[0]/C (clocked by clk50mhz_clk_wiz_1) and Inst_md_io/Inst_VGA/colaX_reg[6][1]/CE (clocked by sys_clk_pin). Large setup violations at the end of those stages might be difficult to fix during the post-placement implementation flow and could be the result of non-optimal XDC constraints or non-optimal design architecture
Related violations: <none>

TIMING-16#380 Warning
Large setup violation  
There is a large setup violation of -1.648 ns between Inst_md_io/flags_in_reg[0]/C (clocked by clk50mhz_clk_wiz_1) and Inst_md_io/Inst_VGA/colaX_reg[6][4]/CE (clocked by sys_clk_pin). Large setup violations at the end of those stages might be difficult to fix during the post-placement implementation flow and could be the result of non-optimal XDC constraints or non-optimal design architecture
Related violations: <none>

TIMING-16#381 Warning
Large setup violation  
There is a large setup violation of -1.648 ns between Inst_md_io/flags_in_reg[0]/C (clocked by clk50mhz_clk_wiz_1) and Inst_md_io/Inst_VGA/colaX_reg[6][5]/CE (clocked by sys_clk_pin). Large setup violations at the end of those stages might be difficult to fix during the post-placement implementation flow and could be the result of non-optimal XDC constraints or non-optimal design architecture
Related violations: <none>

TIMING-16#382 Warning
Large setup violation  
There is a large setup violation of -1.656 ns between Inst_md_io/flags_in_reg[0]/C (clocked by clk50mhz_clk_wiz_1) and Inst_md_io/Inst_VGA/colaX_reg[53][2]/CE (clocked by sys_clk_pin). Large setup violations at the end of those stages might be difficult to fix during the post-placement implementation flow and could be the result of non-optimal XDC constraints or non-optimal design architecture
Related violations: <none>

TIMING-16#383 Warning
Large setup violation  
There is a large setup violation of -1.660 ns between Inst_md_io/flags_in_reg[0]/C (clocked by clk50mhz_clk_wiz_1) and Inst_md_io/Inst_VGA/colaY_reg[16][4]/R (clocked by sys_clk_pin). Large setup violations at the end of those stages might be difficult to fix during the post-placement implementation flow and could be the result of non-optimal XDC constraints or non-optimal design architecture
Related violations: <none>

TIMING-16#384 Warning
Large setup violation  
There is a large setup violation of -1.662 ns between Inst_md_io/flags_in_reg[0]/C (clocked by clk50mhz_clk_wiz_1) and Inst_md_io/Inst_VGA/colaX_reg[16][2]/R (clocked by sys_clk_pin). Large setup violations at the end of those stages might be difficult to fix during the post-placement implementation flow and could be the result of non-optimal XDC constraints or non-optimal design architecture
Related violations: <none>

TIMING-16#385 Warning
Large setup violation  
There is a large setup violation of -1.666 ns between Inst_md_io/flags_in_reg[0]/C (clocked by clk50mhz_clk_wiz_1) and Inst_md_io/Inst_VGA/colaX_reg[58][3]/CE (clocked by sys_clk_pin). Large setup violations at the end of those stages might be difficult to fix during the post-placement implementation flow and could be the result of non-optimal XDC constraints or non-optimal design architecture
Related violations: <none>

TIMING-16#386 Warning
Large setup violation  
There is a large setup violation of -1.666 ns between Inst_md_io/flags_in_reg[0]/C (clocked by clk50mhz_clk_wiz_1) and Inst_md_io/Inst_VGA/colaX_reg[58][4]/CE (clocked by sys_clk_pin). Large setup violations at the end of those stages might be difficult to fix during the post-placement implementation flow and could be the result of non-optimal XDC constraints or non-optimal design architecture
Related violations: <none>

TIMING-16#387 Warning
Large setup violation  
There is a large setup violation of -1.666 ns between Inst_md_io/flags_in_reg[0]/C (clocked by clk50mhz_clk_wiz_1) and Inst_md_io/Inst_VGA/colaY_reg[58][3]/CE (clocked by sys_clk_pin). Large setup violations at the end of those stages might be difficult to fix during the post-placement implementation flow and could be the result of non-optimal XDC constraints or non-optimal design architecture
Related violations: <none>

TIMING-16#388 Warning
Large setup violation  
There is a large setup violation of -1.666 ns between Inst_md_io/flags_in_reg[1]/C (clocked by clk50mhz_clk_wiz_1) and Inst_md_io/Inst_VGA/colaX_reg[44][1]/R (clocked by sys_clk_pin). Large setup violations at the end of those stages might be difficult to fix during the post-placement implementation flow and could be the result of non-optimal XDC constraints or non-optimal design architecture
Related violations: <none>

TIMING-16#389 Warning
Large setup violation  
There is a large setup violation of -1.668 ns between Inst_md_io/flags_in_reg[0]/C (clocked by clk50mhz_clk_wiz_1) and Inst_md_io/Inst_VGA/colaX_reg[16][3]/R (clocked by sys_clk_pin). Large setup violations at the end of those stages might be difficult to fix during the post-placement implementation flow and could be the result of non-optimal XDC constraints or non-optimal design architecture
Related violations: <none>

TIMING-16#390 Warning
Large setup violation  
There is a large setup violation of -1.668 ns between Inst_md_io/flags_in_reg[0]/C (clocked by clk50mhz_clk_wiz_1) and Inst_md_io/Inst_VGA/colaX_reg[16][4]/R (clocked by sys_clk_pin). Large setup violations at the end of those stages might be difficult to fix during the post-placement implementation flow and could be the result of non-optimal XDC constraints or non-optimal design architecture
Related violations: <none>

TIMING-16#391 Warning
Large setup violation  
There is a large setup violation of -1.668 ns between Inst_md_io/flags_in_reg[0]/C (clocked by clk50mhz_clk_wiz_1) and Inst_md_io/Inst_VGA/colaX_reg[16][5]/R (clocked by sys_clk_pin). Large setup violations at the end of those stages might be difficult to fix during the post-placement implementation flow and could be the result of non-optimal XDC constraints or non-optimal design architecture
Related violations: <none>

TIMING-16#392 Warning
Large setup violation  
There is a large setup violation of -1.669 ns between Inst_md_io/flags_in_reg[0]/C (clocked by clk50mhz_clk_wiz_1) and Inst_md_io/Inst_VGA/colaX_reg[10][4]/CE (clocked by sys_clk_pin). Large setup violations at the end of those stages might be difficult to fix during the post-placement implementation flow and could be the result of non-optimal XDC constraints or non-optimal design architecture
Related violations: <none>

TIMING-16#393 Warning
Large setup violation  
There is a large setup violation of -1.675 ns between Inst_md_io/flags_in_reg[0]/C (clocked by clk50mhz_clk_wiz_1) and Inst_md_io/Inst_VGA/colaX_reg[58][5]/CE (clocked by sys_clk_pin). Large setup violations at the end of those stages might be difficult to fix during the post-placement implementation flow and could be the result of non-optimal XDC constraints or non-optimal design architecture
Related violations: <none>

TIMING-16#394 Warning
Large setup violation  
There is a large setup violation of -1.675 ns between Inst_md_io/flags_in_reg[0]/C (clocked by clk50mhz_clk_wiz_1) and Inst_md_io/Inst_VGA/colaY_reg[58][0]/CE (clocked by sys_clk_pin). Large setup violations at the end of those stages might be difficult to fix during the post-placement implementation flow and could be the result of non-optimal XDC constraints or non-optimal design architecture
Related violations: <none>

TIMING-16#395 Warning
Large setup violation  
There is a large setup violation of -1.675 ns between Inst_md_io/flags_in_reg[0]/C (clocked by clk50mhz_clk_wiz_1) and Inst_md_io/Inst_VGA/colaY_reg[58][5]/CE (clocked by sys_clk_pin). Large setup violations at the end of those stages might be difficult to fix during the post-placement implementation flow and could be the result of non-optimal XDC constraints or non-optimal design architecture
Related violations: <none>

TIMING-16#396 Warning
Large setup violation  
There is a large setup violation of -1.676 ns between Inst_md_io/flags_in_reg[0]/C (clocked by clk50mhz_clk_wiz_1) and Inst_md_io/Inst_VGA/colaX_reg[60][0]/CE (clocked by sys_clk_pin). Large setup violations at the end of those stages might be difficult to fix during the post-placement implementation flow and could be the result of non-optimal XDC constraints or non-optimal design architecture
Related violations: <none>

TIMING-16#397 Warning
Large setup violation  
There is a large setup violation of -1.678 ns between Inst_md_io/flags_in_reg[0]/C (clocked by clk50mhz_clk_wiz_1) and Inst_md_io/Inst_VGA/colaY_reg[10][0]/CE (clocked by sys_clk_pin). Large setup violations at the end of those stages might be difficult to fix during the post-placement implementation flow and could be the result of non-optimal XDC constraints or non-optimal design architecture
Related violations: <none>

TIMING-16#398 Warning
Large setup violation  
There is a large setup violation of -1.678 ns between Inst_md_io/flags_in_reg[0]/C (clocked by clk50mhz_clk_wiz_1) and Inst_md_io/Inst_VGA/colaY_reg[10][1]/CE (clocked by sys_clk_pin). Large setup violations at the end of those stages might be difficult to fix during the post-placement implementation flow and could be the result of non-optimal XDC constraints or non-optimal design architecture
Related violations: <none>

TIMING-16#399 Warning
Large setup violation  
There is a large setup violation of -1.678 ns between Inst_md_io/flags_in_reg[0]/C (clocked by clk50mhz_clk_wiz_1) and Inst_md_io/Inst_VGA/colaY_reg[10][2]/CE (clocked by sys_clk_pin). Large setup violations at the end of those stages might be difficult to fix during the post-placement implementation flow and could be the result of non-optimal XDC constraints or non-optimal design architecture
Related violations: <none>

TIMING-16#400 Warning
Large setup violation  
There is a large setup violation of -1.678 ns between Inst_md_io/flags_in_reg[0]/C (clocked by clk50mhz_clk_wiz_1) and Inst_md_io/Inst_VGA/colaY_reg[10][5]/CE (clocked by sys_clk_pin). Large setup violations at the end of those stages might be difficult to fix during the post-placement implementation flow and could be the result of non-optimal XDC constraints or non-optimal design architecture
Related violations: <none>

TIMING-16#401 Warning
Large setup violation  
There is a large setup violation of -1.681 ns between Inst_md_io/flags_in_reg[0]/C (clocked by clk50mhz_clk_wiz_1) and Inst_md_io/Inst_VGA/colaX_reg[10][1]/CE (clocked by sys_clk_pin). Large setup violations at the end of those stages might be difficult to fix during the post-placement implementation flow and could be the result of non-optimal XDC constraints or non-optimal design architecture
Related violations: <none>

TIMING-16#402 Warning
Large setup violation  
There is a large setup violation of -1.681 ns between Inst_md_io/flags_in_reg[0]/C (clocked by clk50mhz_clk_wiz_1) and Inst_md_io/Inst_VGA/colaY_reg[10][3]/CE (clocked by sys_clk_pin). Large setup violations at the end of those stages might be difficult to fix during the post-placement implementation flow and could be the result of non-optimal XDC constraints or non-optimal design architecture
Related violations: <none>

TIMING-16#403 Warning
Large setup violation  
There is a large setup violation of -1.681 ns between Inst_md_io/flags_in_reg[0]/C (clocked by clk50mhz_clk_wiz_1) and Inst_md_io/Inst_VGA/colaY_reg[10][4]/CE (clocked by sys_clk_pin). Large setup violations at the end of those stages might be difficult to fix during the post-placement implementation flow and could be the result of non-optimal XDC constraints or non-optimal design architecture
Related violations: <none>

TIMING-16#404 Warning
Large setup violation  
There is a large setup violation of -1.685 ns between Inst_md_io/flags_in_reg[0]/C (clocked by clk50mhz_clk_wiz_1) and Inst_md_io/Inst_VGA/colaY_reg[57][1]/CE (clocked by sys_clk_pin). Large setup violations at the end of those stages might be difficult to fix during the post-placement implementation flow and could be the result of non-optimal XDC constraints or non-optimal design architecture
Related violations: <none>

TIMING-16#405 Warning
Large setup violation  
There is a large setup violation of -1.685 ns between Inst_md_io/flags_in_reg[0]/C (clocked by clk50mhz_clk_wiz_1) and Inst_md_io/Inst_VGA/colaY_reg[57][4]/CE (clocked by sys_clk_pin). Large setup violations at the end of those stages might be difficult to fix during the post-placement implementation flow and could be the result of non-optimal XDC constraints or non-optimal design architecture
Related violations: <none>

TIMING-16#406 Warning
Large setup violation  
There is a large setup violation of -1.685 ns between Inst_md_io/flags_in_reg[0]/C (clocked by clk50mhz_clk_wiz_1) and Inst_md_io/Inst_VGA/colaY_reg[57][5]/CE (clocked by sys_clk_pin). Large setup violations at the end of those stages might be difficult to fix during the post-placement implementation flow and could be the result of non-optimal XDC constraints or non-optimal design architecture
Related violations: <none>

TIMING-16#407 Warning
Large setup violation  
There is a large setup violation of -1.686 ns between Inst_md_io/flags_in_reg[0]/C (clocked by clk50mhz_clk_wiz_1) and Inst_md_io/Inst_VGA/colaY_reg[58][2]/R (clocked by sys_clk_pin). Large setup violations at the end of those stages might be difficult to fix during the post-placement implementation flow and could be the result of non-optimal XDC constraints or non-optimal design architecture
Related violations: <none>

TIMING-16#408 Warning
Large setup violation  
There is a large setup violation of -1.688 ns between Inst_md_io/flags_in_reg[0]/C (clocked by clk50mhz_clk_wiz_1) and Inst_md_io/Inst_VGA/colaY_reg[16][0]/R (clocked by sys_clk_pin). Large setup violations at the end of those stages might be difficult to fix during the post-placement implementation flow and could be the result of non-optimal XDC constraints or non-optimal design architecture
Related violations: <none>

TIMING-16#409 Warning
Large setup violation  
There is a large setup violation of -1.688 ns between Inst_md_io/flags_in_reg[0]/C (clocked by clk50mhz_clk_wiz_1) and Inst_md_io/Inst_VGA/colaY_reg[16][3]/R (clocked by sys_clk_pin). Large setup violations at the end of those stages might be difficult to fix during the post-placement implementation flow and could be the result of non-optimal XDC constraints or non-optimal design architecture
Related violations: <none>

TIMING-16#410 Warning
Large setup violation  
There is a large setup violation of -1.688 ns between Inst_md_io/flags_in_reg[0]/C (clocked by clk50mhz_clk_wiz_1) and Inst_md_io/Inst_VGA/colaY_reg[16][5]/R (clocked by sys_clk_pin). Large setup violations at the end of those stages might be difficult to fix during the post-placement implementation flow and could be the result of non-optimal XDC constraints or non-optimal design architecture
Related violations: <none>

TIMING-16#411 Warning
Large setup violation  
There is a large setup violation of -1.692 ns between Inst_md_io/flags_in_reg[0]/C (clocked by clk50mhz_clk_wiz_1) and Inst_md_io/Inst_VGA/colaX_reg[58][0]/CE (clocked by sys_clk_pin). Large setup violations at the end of those stages might be difficult to fix during the post-placement implementation flow and could be the result of non-optimal XDC constraints or non-optimal design architecture
Related violations: <none>

TIMING-16#412 Warning
Large setup violation  
There is a large setup violation of -1.692 ns between Inst_md_io/flags_in_reg[0]/C (clocked by clk50mhz_clk_wiz_1) and Inst_md_io/Inst_VGA/colaX_reg[58][1]/CE (clocked by sys_clk_pin). Large setup violations at the end of those stages might be difficult to fix during the post-placement implementation flow and could be the result of non-optimal XDC constraints or non-optimal design architecture
Related violations: <none>

TIMING-16#413 Warning
Large setup violation  
There is a large setup violation of -1.692 ns between Inst_md_io/flags_in_reg[0]/C (clocked by clk50mhz_clk_wiz_1) and Inst_md_io/Inst_VGA/colaX_reg[58][2]/CE (clocked by sys_clk_pin). Large setup violations at the end of those stages might be difficult to fix during the post-placement implementation flow and could be the result of non-optimal XDC constraints or non-optimal design architecture
Related violations: <none>

TIMING-16#414 Warning
Large setup violation  
There is a large setup violation of -1.692 ns between Inst_md_io/flags_in_reg[0]/C (clocked by clk50mhz_clk_wiz_1) and Inst_md_io/Inst_VGA/colaY_reg[58][4]/CE (clocked by sys_clk_pin). Large setup violations at the end of those stages might be difficult to fix during the post-placement implementation flow and could be the result of non-optimal XDC constraints or non-optimal design architecture
Related violations: <none>

TIMING-16#415 Warning
Large setup violation  
There is a large setup violation of -1.693 ns between Inst_md_io/flags_in_reg[0]/C (clocked by clk50mhz_clk_wiz_1) and Inst_md_io/Inst_VGA/colaX_reg[10][3]/CE (clocked by sys_clk_pin). Large setup violations at the end of those stages might be difficult to fix during the post-placement implementation flow and could be the result of non-optimal XDC constraints or non-optimal design architecture
Related violations: <none>

TIMING-16#416 Warning
Large setup violation  
There is a large setup violation of -1.695 ns between Inst_md_io/flags_in_reg[0]/C (clocked by clk50mhz_clk_wiz_1) and Inst_md_io/Inst_VGA/colaX_reg[57][4]/CE (clocked by sys_clk_pin). Large setup violations at the end of those stages might be difficult to fix during the post-placement implementation flow and could be the result of non-optimal XDC constraints or non-optimal design architecture
Related violations: <none>

TIMING-16#417 Warning
Large setup violation  
There is a large setup violation of -1.701 ns between Inst_md_io/flags_in_reg[0]/C (clocked by clk50mhz_clk_wiz_1) and Inst_md_io/Inst_VGA/colaX_reg[60][3]/CE (clocked by sys_clk_pin). Large setup violations at the end of those stages might be difficult to fix during the post-placement implementation flow and could be the result of non-optimal XDC constraints or non-optimal design architecture
Related violations: <none>

TIMING-16#418 Warning
Large setup violation  
There is a large setup violation of -1.701 ns between Inst_md_io/flags_in_reg[0]/C (clocked by clk50mhz_clk_wiz_1) and Inst_md_io/Inst_VGA/colaX_reg[60][5]/CE (clocked by sys_clk_pin). Large setup violations at the end of those stages might be difficult to fix during the post-placement implementation flow and could be the result of non-optimal XDC constraints or non-optimal design architecture
Related violations: <none>

TIMING-16#419 Warning
Large setup violation  
There is a large setup violation of -1.703 ns between Inst_md_io/flags_in_reg[0]/C (clocked by clk50mhz_clk_wiz_1) and Inst_md_io/Inst_VGA/colaY_reg[56][1]/R (clocked by sys_clk_pin). Large setup violations at the end of those stages might be difficult to fix during the post-placement implementation flow and could be the result of non-optimal XDC constraints or non-optimal design architecture
Related violations: <none>

TIMING-16#420 Warning
Large setup violation  
There is a large setup violation of -1.705 ns between Inst_md_io/flags_in_reg[0]/C (clocked by clk50mhz_clk_wiz_1) and Inst_md_io/Inst_VGA/colaY_reg[16][1]/R (clocked by sys_clk_pin). Large setup violations at the end of those stages might be difficult to fix during the post-placement implementation flow and could be the result of non-optimal XDC constraints or non-optimal design architecture
Related violations: <none>

TIMING-16#421 Warning
Large setup violation  
There is a large setup violation of -1.707 ns between Inst_md_io/flags_in_reg[0]/C (clocked by clk50mhz_clk_wiz_1) and Inst_md_io/Inst_VGA/colaY_reg[58][2]/CE (clocked by sys_clk_pin). Large setup violations at the end of those stages might be difficult to fix during the post-placement implementation flow and could be the result of non-optimal XDC constraints or non-optimal design architecture
Related violations: <none>

TIMING-16#422 Warning
Large setup violation  
There is a large setup violation of -1.713 ns between Inst_md_io/flags_in_reg[0]/C (clocked by clk50mhz_clk_wiz_1) and Inst_md_io/Inst_VGA/colaY_reg[58][1]/R (clocked by sys_clk_pin). Large setup violations at the end of those stages might be difficult to fix during the post-placement implementation flow and could be the result of non-optimal XDC constraints or non-optimal design architecture
Related violations: <none>

TIMING-16#423 Warning
Large setup violation  
There is a large setup violation of -1.715 ns between Inst_md_io/flags_in_reg[0]/C (clocked by clk50mhz_clk_wiz_1) and Inst_md_io/Inst_VGA/colaY_reg[6][3]/CE (clocked by sys_clk_pin). Large setup violations at the end of those stages might be difficult to fix during the post-placement implementation flow and could be the result of non-optimal XDC constraints or non-optimal design architecture
Related violations: <none>

TIMING-16#424 Warning
Large setup violation  
There is a large setup violation of -1.715 ns between Inst_md_io/flags_in_reg[0]/C (clocked by clk50mhz_clk_wiz_1) and Inst_md_io/Inst_VGA/colaY_reg[6][4]/CE (clocked by sys_clk_pin). Large setup violations at the end of those stages might be difficult to fix during the post-placement implementation flow and could be the result of non-optimal XDC constraints or non-optimal design architecture
Related violations: <none>

TIMING-16#425 Warning
Large setup violation  
There is a large setup violation of -1.715 ns between Inst_md_io/flags_in_reg[0]/C (clocked by clk50mhz_clk_wiz_1) and Inst_md_io/Inst_VGA/colaY_reg[6][5]/CE (clocked by sys_clk_pin). Large setup violations at the end of those stages might be difficult to fix during the post-placement implementation flow and could be the result of non-optimal XDC constraints or non-optimal design architecture
Related violations: <none>

TIMING-16#426 Warning
Large setup violation  
There is a large setup violation of -1.717 ns between Inst_md_io/flags_in_reg[0]/C (clocked by clk50mhz_clk_wiz_1) and Inst_md_io/Inst_VGA/colaX_reg[44][3]/CE (clocked by sys_clk_pin). Large setup violations at the end of those stages might be difficult to fix during the post-placement implementation flow and could be the result of non-optimal XDC constraints or non-optimal design architecture
Related violations: <none>

TIMING-16#427 Warning
Large setup violation  
There is a large setup violation of -1.717 ns between Inst_md_io/flags_in_reg[0]/C (clocked by clk50mhz_clk_wiz_1) and Inst_md_io/Inst_VGA/colaX_reg[55][1]/CE (clocked by sys_clk_pin). Large setup violations at the end of those stages might be difficult to fix during the post-placement implementation flow and could be the result of non-optimal XDC constraints or non-optimal design architecture
Related violations: <none>

TIMING-16#428 Warning
Large setup violation  
There is a large setup violation of -1.717 ns between Inst_md_io/flags_in_reg[0]/C (clocked by clk50mhz_clk_wiz_1) and Inst_md_io/Inst_VGA/colaX_reg[55][2]/CE (clocked by sys_clk_pin). Large setup violations at the end of those stages might be difficult to fix during the post-placement implementation flow and could be the result of non-optimal XDC constraints or non-optimal design architecture
Related violations: <none>

TIMING-16#429 Warning
Large setup violation  
There is a large setup violation of -1.717 ns between Inst_md_io/flags_in_reg[0]/C (clocked by clk50mhz_clk_wiz_1) and Inst_md_io/Inst_VGA/colaX_reg[55][3]/CE (clocked by sys_clk_pin). Large setup violations at the end of those stages might be difficult to fix during the post-placement implementation flow and could be the result of non-optimal XDC constraints or non-optimal design architecture
Related violations: <none>

TIMING-16#430 Warning
Large setup violation  
There is a large setup violation of -1.717 ns between Inst_md_io/flags_in_reg[0]/C (clocked by clk50mhz_clk_wiz_1) and Inst_md_io/Inst_VGA/colaX_reg[55][4]/CE (clocked by sys_clk_pin). Large setup violations at the end of those stages might be difficult to fix during the post-placement implementation flow and could be the result of non-optimal XDC constraints or non-optimal design architecture
Related violations: <none>

TIMING-16#431 Warning
Large setup violation  
There is a large setup violation of -1.719 ns between Inst_md_io/flags_in_reg[0]/C (clocked by clk50mhz_clk_wiz_1) and Inst_md_io/Inst_VGA/colaX_reg[5][2]/CE (clocked by sys_clk_pin). Large setup violations at the end of those stages might be difficult to fix during the post-placement implementation flow and could be the result of non-optimal XDC constraints or non-optimal design architecture
Related violations: <none>

TIMING-16#432 Warning
Large setup violation  
There is a large setup violation of -1.719 ns between Inst_md_io/flags_in_reg[0]/C (clocked by clk50mhz_clk_wiz_1) and Inst_md_io/Inst_VGA/colaX_reg[5][3]/CE (clocked by sys_clk_pin). Large setup violations at the end of those stages might be difficult to fix during the post-placement implementation flow and could be the result of non-optimal XDC constraints or non-optimal design architecture
Related violations: <none>

TIMING-16#433 Warning
Large setup violation  
There is a large setup violation of -1.719 ns between Inst_md_io/flags_in_reg[0]/C (clocked by clk50mhz_clk_wiz_1) and Inst_md_io/Inst_VGA/colaY_reg[5][4]/CE (clocked by sys_clk_pin). Large setup violations at the end of those stages might be difficult to fix during the post-placement implementation flow and could be the result of non-optimal XDC constraints or non-optimal design architecture
Related violations: <none>

TIMING-16#434 Warning
Large setup violation  
There is a large setup violation of -1.719 ns between Inst_md_io/flags_in_reg[0]/C (clocked by clk50mhz_clk_wiz_1) and Inst_md_io/Inst_VGA/colaY_reg[5][5]/CE (clocked by sys_clk_pin). Large setup violations at the end of those stages might be difficult to fix during the post-placement implementation flow and could be the result of non-optimal XDC constraints or non-optimal design architecture
Related violations: <none>

TIMING-16#435 Warning
Large setup violation  
There is a large setup violation of -1.720 ns between Inst_md_io/flags_in_reg[0]/C (clocked by clk50mhz_clk_wiz_1) and Inst_md_io/Inst_VGA/colaY_reg[60][0]/CE (clocked by sys_clk_pin). Large setup violations at the end of those stages might be difficult to fix during the post-placement implementation flow and could be the result of non-optimal XDC constraints or non-optimal design architecture
Related violations: <none>

TIMING-16#436 Warning
Large setup violation  
There is a large setup violation of -1.720 ns between Inst_md_io/flags_in_reg[0]/C (clocked by clk50mhz_clk_wiz_1) and Inst_md_io/Inst_VGA/colaY_reg[60][2]/CE (clocked by sys_clk_pin). Large setup violations at the end of those stages might be difficult to fix during the post-placement implementation flow and could be the result of non-optimal XDC constraints or non-optimal design architecture
Related violations: <none>

TIMING-16#437 Warning
Large setup violation  
There is a large setup violation of -1.726 ns between Inst_md_io/flags_in_reg[0]/C (clocked by clk50mhz_clk_wiz_1) and Inst_md_io/Inst_VGA/colaX_reg[5][0]/CE (clocked by sys_clk_pin). Large setup violations at the end of those stages might be difficult to fix during the post-placement implementation flow and could be the result of non-optimal XDC constraints or non-optimal design architecture
Related violations: <none>

TIMING-16#438 Warning
Large setup violation  
There is a large setup violation of -1.730 ns between Inst_md_io/flags_in_reg[1]/C (clocked by clk50mhz_clk_wiz_1) and Inst_md_io/Inst_VGA/colaX_reg[44][3]/R (clocked by sys_clk_pin). Large setup violations at the end of those stages might be difficult to fix during the post-placement implementation flow and could be the result of non-optimal XDC constraints or non-optimal design architecture
Related violations: <none>

TIMING-16#439 Warning
Large setup violation  
There is a large setup violation of -1.737 ns between Inst_md_io/flags_in_reg[0]/C (clocked by clk50mhz_clk_wiz_1) and Inst_md_io/Inst_VGA/colaY_reg[44][0]/CE (clocked by sys_clk_pin). Large setup violations at the end of those stages might be difficult to fix during the post-placement implementation flow and could be the result of non-optimal XDC constraints or non-optimal design architecture
Related violations: <none>

TIMING-16#440 Warning
Large setup violation  
There is a large setup violation of -1.741 ns between Inst_md_io/flags_in_reg[0]/C (clocked by clk50mhz_clk_wiz_1) and Inst_md_io/Inst_VGA/colaY_reg[6][0]/CE (clocked by sys_clk_pin). Large setup violations at the end of those stages might be difficult to fix during the post-placement implementation flow and could be the result of non-optimal XDC constraints or non-optimal design architecture
Related violations: <none>

TIMING-16#441 Warning
Large setup violation  
There is a large setup violation of -1.744 ns between Inst_md_io/flags_in_reg[0]/C (clocked by clk50mhz_clk_wiz_1) and Inst_md_io/Inst_VGA/colaX_reg[44][4]/CE (clocked by sys_clk_pin). Large setup violations at the end of those stages might be difficult to fix during the post-placement implementation flow and could be the result of non-optimal XDC constraints or non-optimal design architecture
Related violations: <none>

TIMING-16#442 Warning
Large setup violation  
There is a large setup violation of -1.749 ns between Inst_md_io/flags_in_reg[0]/C (clocked by clk50mhz_clk_wiz_1) and Inst_md_io/Inst_VGA/colaY_reg[60][0]/R (clocked by sys_clk_pin). Large setup violations at the end of those stages might be difficult to fix during the post-placement implementation flow and could be the result of non-optimal XDC constraints or non-optimal design architecture
Related violations: <none>

TIMING-16#443 Warning
Large setup violation  
There is a large setup violation of -1.749 ns between Inst_md_io/flags_in_reg[0]/C (clocked by clk50mhz_clk_wiz_1) and Inst_md_io/Inst_VGA/colaY_reg[60][2]/R (clocked by sys_clk_pin). Large setup violations at the end of those stages might be difficult to fix during the post-placement implementation flow and could be the result of non-optimal XDC constraints or non-optimal design architecture
Related violations: <none>

TIMING-16#444 Warning
Large setup violation  
There is a large setup violation of -1.752 ns between Inst_md_io/flags_in_reg[0]/C (clocked by clk50mhz_clk_wiz_1) and Inst_md_io/Inst_VGA/colaX_reg[53][0]/R (clocked by sys_clk_pin). Large setup violations at the end of those stages might be difficult to fix during the post-placement implementation flow and could be the result of non-optimal XDC constraints or non-optimal design architecture
Related violations: <none>

TIMING-16#445 Warning
Large setup violation  
There is a large setup violation of -1.754 ns between Inst_md_io/flags_in_reg[0]/C (clocked by clk50mhz_clk_wiz_1) and Inst_md_io/Inst_VGA/colaY_reg[13][3]/CE (clocked by sys_clk_pin). Large setup violations at the end of those stages might be difficult to fix during the post-placement implementation flow and could be the result of non-optimal XDC constraints or non-optimal design architecture
Related violations: <none>

TIMING-16#446 Warning
Large setup violation  
There is a large setup violation of -1.754 ns between Inst_md_io/flags_in_reg[0]/C (clocked by clk50mhz_clk_wiz_1) and Inst_md_io/Inst_VGA/colaY_reg[13][5]/CE (clocked by sys_clk_pin). Large setup violations at the end of those stages might be difficult to fix during the post-placement implementation flow and could be the result of non-optimal XDC constraints or non-optimal design architecture
Related violations: <none>

TIMING-16#447 Warning
Large setup violation  
There is a large setup violation of -1.755 ns between Inst_md_io/flags_in_reg[0]/C (clocked by clk50mhz_clk_wiz_1) and Inst_md_io/Inst_VGA/colaX_reg[5][1]/CE (clocked by sys_clk_pin). Large setup violations at the end of those stages might be difficult to fix during the post-placement implementation flow and could be the result of non-optimal XDC constraints or non-optimal design architecture
Related violations: <none>

TIMING-16#448 Warning
Large setup violation  
There is a large setup violation of -1.755 ns between Inst_md_io/flags_in_reg[0]/C (clocked by clk50mhz_clk_wiz_1) and Inst_md_io/Inst_VGA/colaX_reg[5][4]/CE (clocked by sys_clk_pin). Large setup violations at the end of those stages might be difficult to fix during the post-placement implementation flow and could be the result of non-optimal XDC constraints or non-optimal design architecture
Related violations: <none>

TIMING-16#449 Warning
Large setup violation  
There is a large setup violation of -1.755 ns between Inst_md_io/flags_in_reg[0]/C (clocked by clk50mhz_clk_wiz_1) and Inst_md_io/Inst_VGA/colaY_reg[44][4]/CE (clocked by sys_clk_pin). Large setup violations at the end of those stages might be difficult to fix during the post-placement implementation flow and could be the result of non-optimal XDC constraints or non-optimal design architecture
Related violations: <none>

TIMING-16#450 Warning
Large setup violation  
There is a large setup violation of -1.755 ns between Inst_md_io/flags_in_reg[0]/C (clocked by clk50mhz_clk_wiz_1) and Inst_md_io/Inst_VGA/colaY_reg[5][2]/CE (clocked by sys_clk_pin). Large setup violations at the end of those stages might be difficult to fix during the post-placement implementation flow and could be the result of non-optimal XDC constraints or non-optimal design architecture
Related violations: <none>

TIMING-16#451 Warning
Large setup violation  
There is a large setup violation of -1.755 ns between Inst_md_io/flags_in_reg[0]/C (clocked by clk50mhz_clk_wiz_1) and Inst_md_io/Inst_VGA/colaY_reg[5][3]/CE (clocked by sys_clk_pin). Large setup violations at the end of those stages might be difficult to fix during the post-placement implementation flow and could be the result of non-optimal XDC constraints or non-optimal design architecture
Related violations: <none>

TIMING-16#452 Warning
Large setup violation  
There is a large setup violation of -1.757 ns between Inst_md_io/flags_in_reg[0]/C (clocked by clk50mhz_clk_wiz_1) and Inst_md_io/Inst_VGA/colaY_reg[56][3]/CE (clocked by sys_clk_pin). Large setup violations at the end of those stages might be difficult to fix during the post-placement implementation flow and could be the result of non-optimal XDC constraints or non-optimal design architecture
Related violations: <none>

TIMING-16#453 Warning
Large setup violation  
There is a large setup violation of -1.757 ns between Inst_md_io/flags_in_reg[0]/C (clocked by clk50mhz_clk_wiz_1) and Inst_md_io/Inst_VGA/colaY_reg[56][4]/CE (clocked by sys_clk_pin). Large setup violations at the end of those stages might be difficult to fix during the post-placement implementation flow and could be the result of non-optimal XDC constraints or non-optimal design architecture
Related violations: <none>

TIMING-16#454 Warning
Large setup violation  
There is a large setup violation of -1.757 ns between Inst_md_io/flags_in_reg[0]/C (clocked by clk50mhz_clk_wiz_1) and Inst_md_io/Inst_VGA/colaY_reg[56][5]/CE (clocked by sys_clk_pin). Large setup violations at the end of those stages might be difficult to fix during the post-placement implementation flow and could be the result of non-optimal XDC constraints or non-optimal design architecture
Related violations: <none>

TIMING-16#455 Warning
Large setup violation  
There is a large setup violation of -1.759 ns between Inst_md_io/flags_in_reg[1]/C (clocked by clk50mhz_clk_wiz_1) and Inst_md_io/Inst_VGA/colaY_reg[44][0]/R (clocked by sys_clk_pin). Large setup violations at the end of those stages might be difficult to fix during the post-placement implementation flow and could be the result of non-optimal XDC constraints or non-optimal design architecture
Related violations: <none>

TIMING-16#456 Warning
Large setup violation  
There is a large setup violation of -1.762 ns between Inst_md_io/flags_in_reg[0]/C (clocked by clk50mhz_clk_wiz_1) and Inst_md_io/Inst_VGA/colaX_reg[60][1]/R (clocked by sys_clk_pin). Large setup violations at the end of those stages might be difficult to fix during the post-placement implementation flow and could be the result of non-optimal XDC constraints or non-optimal design architecture
Related violations: <none>

TIMING-16#457 Warning
Large setup violation  
There is a large setup violation of -1.762 ns between Inst_md_io/flags_in_reg[0]/C (clocked by clk50mhz_clk_wiz_1) and Inst_md_io/Inst_VGA/colaX_reg[60][2]/R (clocked by sys_clk_pin). Large setup violations at the end of those stages might be difficult to fix during the post-placement implementation flow and could be the result of non-optimal XDC constraints or non-optimal design architecture
Related violations: <none>

TIMING-16#458 Warning
Large setup violation  
There is a large setup violation of -1.762 ns between Inst_md_io/flags_in_reg[0]/C (clocked by clk50mhz_clk_wiz_1) and Inst_md_io/Inst_VGA/colaY_reg[60][5]/R (clocked by sys_clk_pin). Large setup violations at the end of those stages might be difficult to fix during the post-placement implementation flow and could be the result of non-optimal XDC constraints or non-optimal design architecture
Related violations: <none>

TIMING-16#459 Warning
Large setup violation  
There is a large setup violation of -1.763 ns between Inst_md_io/flags_in_reg[0]/C (clocked by clk50mhz_clk_wiz_1) and Inst_md_io/Inst_VGA/colaY_reg[53][0]/CE (clocked by sys_clk_pin). Large setup violations at the end of those stages might be difficult to fix during the post-placement implementation flow and could be the result of non-optimal XDC constraints or non-optimal design architecture
Related violations: <none>

TIMING-16#460 Warning
Large setup violation  
There is a large setup violation of -1.763 ns between Inst_md_io/flags_in_reg[0]/C (clocked by clk50mhz_clk_wiz_1) and Inst_md_io/Inst_VGA/colaY_reg[53][1]/CE (clocked by sys_clk_pin). Large setup violations at the end of those stages might be difficult to fix during the post-placement implementation flow and could be the result of non-optimal XDC constraints or non-optimal design architecture
Related violations: <none>

TIMING-16#461 Warning
Large setup violation  
There is a large setup violation of -1.772 ns between Inst_md_io/flags_in_reg[0]/C (clocked by clk50mhz_clk_wiz_1) and Inst_md_io/Inst_VGA/colaX_reg[16][0]/R (clocked by sys_clk_pin). Large setup violations at the end of those stages might be difficult to fix during the post-placement implementation flow and could be the result of non-optimal XDC constraints or non-optimal design architecture
Related violations: <none>

TIMING-16#462 Warning
Large setup violation  
There is a large setup violation of -1.775 ns between Inst_md_io/flags_in_reg[0]/C (clocked by clk50mhz_clk_wiz_1) and Inst_md_io/Inst_VGA/colaY_reg[56][2]/CE (clocked by sys_clk_pin). Large setup violations at the end of those stages might be difficult to fix during the post-placement implementation flow and could be the result of non-optimal XDC constraints or non-optimal design architecture
Related violations: <none>

TIMING-16#463 Warning
Large setup violation  
There is a large setup violation of -1.786 ns between Inst_md_io/flags_in_reg[0]/C (clocked by clk50mhz_clk_wiz_1) and Inst_md_io/Inst_VGA/colaY_reg[6][1]/CE (clocked by sys_clk_pin). Large setup violations at the end of those stages might be difficult to fix during the post-placement implementation flow and could be the result of non-optimal XDC constraints or non-optimal design architecture
Related violations: <none>

TIMING-16#464 Warning
Large setup violation  
There is a large setup violation of -1.786 ns between Inst_md_io/flags_in_reg[0]/C (clocked by clk50mhz_clk_wiz_1) and Inst_md_io/Inst_VGA/colaY_reg[6][2]/CE (clocked by sys_clk_pin). Large setup violations at the end of those stages might be difficult to fix during the post-placement implementation flow and could be the result of non-optimal XDC constraints or non-optimal design architecture
Related violations: <none>

TIMING-16#465 Warning
Large setup violation  
There is a large setup violation of -1.788 ns between Inst_md_io/flags_in_reg[0]/C (clocked by clk50mhz_clk_wiz_1) and Inst_md_io/Inst_VGA/colaX_reg[6][2]/CE (clocked by sys_clk_pin). Large setup violations at the end of those stages might be difficult to fix during the post-placement implementation flow and could be the result of non-optimal XDC constraints or non-optimal design architecture
Related violations: <none>

TIMING-16#466 Warning
Large setup violation  
There is a large setup violation of -1.794 ns between Inst_md_io/flags_in_reg[0]/C (clocked by clk50mhz_clk_wiz_1) and Inst_md_io/Inst_VGA/colaX_reg[53][5]/R (clocked by sys_clk_pin). Large setup violations at the end of those stages might be difficult to fix during the post-placement implementation flow and could be the result of non-optimal XDC constraints or non-optimal design architecture
Related violations: <none>

TIMING-16#467 Warning
Large setup violation  
There is a large setup violation of -1.799 ns between Inst_md_io/flags_in_reg[0]/C (clocked by clk50mhz_clk_wiz_1) and Inst_md_io/Inst_VGA/colaX_reg[58][5]/R (clocked by sys_clk_pin). Large setup violations at the end of those stages might be difficult to fix during the post-placement implementation flow and could be the result of non-optimal XDC constraints or non-optimal design architecture
Related violations: <none>

TIMING-16#468 Warning
Large setup violation  
There is a large setup violation of -1.799 ns between Inst_md_io/flags_in_reg[0]/C (clocked by clk50mhz_clk_wiz_1) and Inst_md_io/Inst_VGA/colaY_reg[58][0]/R (clocked by sys_clk_pin). Large setup violations at the end of those stages might be difficult to fix during the post-placement implementation flow and could be the result of non-optimal XDC constraints or non-optimal design architecture
Related violations: <none>

TIMING-16#469 Warning
Large setup violation  
There is a large setup violation of -1.799 ns between Inst_md_io/flags_in_reg[0]/C (clocked by clk50mhz_clk_wiz_1) and Inst_md_io/Inst_VGA/colaY_reg[58][5]/R (clocked by sys_clk_pin). Large setup violations at the end of those stages might be difficult to fix during the post-placement implementation flow and could be the result of non-optimal XDC constraints or non-optimal design architecture
Related violations: <none>

TIMING-16#470 Warning
Large setup violation  
There is a large setup violation of -1.805 ns between Inst_md_io/flags_in_reg[0]/C (clocked by clk50mhz_clk_wiz_1) and Inst_md_io/Inst_VGA/colaX_reg[56][4]/CE (clocked by sys_clk_pin). Large setup violations at the end of those stages might be difficult to fix during the post-placement implementation flow and could be the result of non-optimal XDC constraints or non-optimal design architecture
Related violations: <none>

TIMING-16#471 Warning
Large setup violation  
There is a large setup violation of -1.805 ns between Inst_md_io/flags_in_reg[0]/C (clocked by clk50mhz_clk_wiz_1) and Inst_md_io/Inst_VGA/colaY_reg[56][0]/CE (clocked by sys_clk_pin). Large setup violations at the end of those stages might be difficult to fix during the post-placement implementation flow and could be the result of non-optimal XDC constraints or non-optimal design architecture
Related violations: <none>

TIMING-16#472 Warning
Large setup violation  
There is a large setup violation of -1.806 ns between Inst_md_io/Inst_VGA/fruit_x_s_reg[3]_replica/C (clocked by sys_clk_pin) and Inst_reg/reg_reg_r1_0_31_6_11/RAMC_D1/I (clocked by clk50mhz_clk_wiz_1). Large setup violations at the end of those stages might be difficult to fix during the post-placement implementation flow and could be the result of non-optimal XDC constraints or non-optimal design architecture
Related violations: <none>

TIMING-16#473 Warning
Large setup violation  
There is a large setup violation of -1.807 ns between Inst_md_io/flags_in_reg[0]/C (clocked by clk50mhz_clk_wiz_1) and Inst_md_io/Inst_VGA/colaX_reg[6][3]/CE (clocked by sys_clk_pin). Large setup violations at the end of those stages might be difficult to fix during the post-placement implementation flow and could be the result of non-optimal XDC constraints or non-optimal design architecture
Related violations: <none>

TIMING-16#474 Warning
Large setup violation  
There is a large setup violation of -1.809 ns between Inst_md_io/flags_in_reg[0]/C (clocked by clk50mhz_clk_wiz_1) and Inst_md_io/Inst_VGA/colaX_reg[44][2]/CE (clocked by sys_clk_pin). Large setup violations at the end of those stages might be difficult to fix during the post-placement implementation flow and could be the result of non-optimal XDC constraints or non-optimal design architecture
Related violations: <none>

TIMING-16#475 Warning
Large setup violation  
There is a large setup violation of -1.811 ns between Inst_md_io/flags_in_reg[0]/C (clocked by clk50mhz_clk_wiz_1) and Inst_md_io/Inst_VGA/colaX_reg[60][4]/CE (clocked by sys_clk_pin). Large setup violations at the end of those stages might be difficult to fix during the post-placement implementation flow and could be the result of non-optimal XDC constraints or non-optimal design architecture
Related violations: <none>

TIMING-16#476 Warning
Large setup violation  
There is a large setup violation of -1.811 ns between Inst_md_io/flags_in_reg[0]/C (clocked by clk50mhz_clk_wiz_1) and Inst_md_io/Inst_VGA/colaY_reg[60][1]/CE (clocked by sys_clk_pin). Large setup violations at the end of those stages might be difficult to fix during the post-placement implementation flow and could be the result of non-optimal XDC constraints or non-optimal design architecture
Related violations: <none>

TIMING-16#477 Warning
Large setup violation  
There is a large setup violation of -1.811 ns between Inst_md_io/flags_in_reg[0]/C (clocked by clk50mhz_clk_wiz_1) and Inst_md_io/Inst_VGA/colaY_reg[60][3]/CE (clocked by sys_clk_pin). Large setup violations at the end of those stages might be difficult to fix during the post-placement implementation flow and could be the result of non-optimal XDC constraints or non-optimal design architecture
Related violations: <none>

TIMING-16#478 Warning
Large setup violation  
There is a large setup violation of -1.811 ns between Inst_md_io/flags_in_reg[0]/C (clocked by clk50mhz_clk_wiz_1) and Inst_md_io/Inst_VGA/colaY_reg[60][4]/CE (clocked by sys_clk_pin). Large setup violations at the end of those stages might be difficult to fix during the post-placement implementation flow and could be the result of non-optimal XDC constraints or non-optimal design architecture
Related violations: <none>

TIMING-16#479 Warning
Large setup violation  
There is a large setup violation of -1.823 ns between Inst_md_io/flags_in_reg[0]/C (clocked by clk50mhz_clk_wiz_1) and Inst_md_io/Inst_VGA/colaY_reg[55][0]/CE (clocked by sys_clk_pin). Large setup violations at the end of those stages might be difficult to fix during the post-placement implementation flow and could be the result of non-optimal XDC constraints or non-optimal design architecture
Related violations: <none>

TIMING-16#480 Warning
Large setup violation  
There is a large setup violation of -1.823 ns between Inst_md_io/flags_in_reg[1]/C (clocked by clk50mhz_clk_wiz_1) and Inst_md_io/Inst_VGA/colaX_reg[44][0]/R (clocked by sys_clk_pin). Large setup violations at the end of those stages might be difficult to fix during the post-placement implementation flow and could be the result of non-optimal XDC constraints or non-optimal design architecture
Related violations: <none>

TIMING-16#481 Warning
Large setup violation  
There is a large setup violation of -1.824 ns between Inst_md_io/flags_in_reg[0]/C (clocked by clk50mhz_clk_wiz_1) and Inst_md_io/Inst_VGA/colaX_reg[53][1]/R (clocked by sys_clk_pin). Large setup violations at the end of those stages might be difficult to fix during the post-placement implementation flow and could be the result of non-optimal XDC constraints or non-optimal design architecture
Related violations: <none>

TIMING-16#482 Warning
Large setup violation  
There is a large setup violation of -1.824 ns between Inst_md_io/flags_in_reg[0]/C (clocked by clk50mhz_clk_wiz_1) and Inst_md_io/Inst_VGA/colaX_reg[53][3]/R (clocked by sys_clk_pin). Large setup violations at the end of those stages might be difficult to fix during the post-placement implementation flow and could be the result of non-optimal XDC constraints or non-optimal design architecture
Related violations: <none>

TIMING-16#483 Warning
Large setup violation  
There is a large setup violation of -1.824 ns between Inst_md_io/flags_in_reg[0]/C (clocked by clk50mhz_clk_wiz_1) and Inst_md_io/Inst_VGA/colaX_reg[53][4]/R (clocked by sys_clk_pin). Large setup violations at the end of those stages might be difficult to fix during the post-placement implementation flow and could be the result of non-optimal XDC constraints or non-optimal design architecture
Related violations: <none>

TIMING-16#484 Warning
Large setup violation  
There is a large setup violation of -1.824 ns between Inst_md_io/flags_in_reg[0]/C (clocked by clk50mhz_clk_wiz_1) and Inst_md_io/Inst_VGA/colaY_reg[44][2]/CE (clocked by sys_clk_pin). Large setup violations at the end of those stages might be difficult to fix during the post-placement implementation flow and could be the result of non-optimal XDC constraints or non-optimal design architecture
Related violations: <none>

TIMING-16#485 Warning
Large setup violation  
There is a large setup violation of -1.824 ns between Inst_md_io/flags_in_reg[0]/C (clocked by clk50mhz_clk_wiz_1) and Inst_md_io/Inst_VGA/colaY_reg[44][3]/CE (clocked by sys_clk_pin). Large setup violations at the end of those stages might be difficult to fix during the post-placement implementation flow and could be the result of non-optimal XDC constraints or non-optimal design architecture
Related violations: <none>

TIMING-16#486 Warning
Large setup violation  
There is a large setup violation of -1.825 ns between Inst_md_io/flags_in_reg[0]/C (clocked by clk50mhz_clk_wiz_1) and Inst_md_io/Inst_VGA/colaX_reg[44][0]/CE (clocked by sys_clk_pin). Large setup violations at the end of those stages might be difficult to fix during the post-placement implementation flow and could be the result of non-optimal XDC constraints or non-optimal design architecture
Related violations: <none>

TIMING-16#487 Warning
Large setup violation  
There is a large setup violation of -1.825 ns between Inst_md_io/flags_in_reg[1]/C (clocked by clk50mhz_clk_wiz_1) and Inst_md_io/Inst_VGA/colaX_reg[44][2]/R (clocked by sys_clk_pin). Large setup violations at the end of those stages might be difficult to fix during the post-placement implementation flow and could be the result of non-optimal XDC constraints or non-optimal design architecture
Related violations: <none>

TIMING-16#488 Warning
Large setup violation  
There is a large setup violation of -1.832 ns between Inst_md_io/flags_in_reg[0]/C (clocked by clk50mhz_clk_wiz_1) and Inst_md_io/Inst_VGA/colaY_reg[56][1]/CE (clocked by sys_clk_pin). Large setup violations at the end of those stages might be difficult to fix during the post-placement implementation flow and could be the result of non-optimal XDC constraints or non-optimal design architecture
Related violations: <none>

TIMING-16#489 Warning
Large setup violation  
There is a large setup violation of -1.833 ns between Inst_md_io/Inst_VGA/fruit_x_s_reg[5]/C (clocked by sys_clk_pin) and Inst_reg/reg_reg_r1_0_31_12_17/RAMA_D1/I (clocked by clk50mhz_clk_wiz_1). Large setup violations at the end of those stages might be difficult to fix during the post-placement implementation flow and could be the result of non-optimal XDC constraints or non-optimal design architecture
Related violations: <none>

TIMING-16#490 Warning
Large setup violation  
There is a large setup violation of -1.833 ns between Inst_md_io/flags_in_reg[0]/C (clocked by clk50mhz_clk_wiz_1) and Inst_md_io/Inst_VGA/colaX_reg[60][3]/R (clocked by sys_clk_pin). Large setup violations at the end of those stages might be difficult to fix during the post-placement implementation flow and could be the result of non-optimal XDC constraints or non-optimal design architecture
Related violations: <none>

TIMING-16#491 Warning
Large setup violation  
There is a large setup violation of -1.833 ns between Inst_md_io/flags_in_reg[0]/C (clocked by clk50mhz_clk_wiz_1) and Inst_md_io/Inst_VGA/colaX_reg[60][5]/R (clocked by sys_clk_pin). Large setup violations at the end of those stages might be difficult to fix during the post-placement implementation flow and could be the result of non-optimal XDC constraints or non-optimal design architecture
Related violations: <none>

TIMING-16#492 Warning
Large setup violation  
There is a large setup violation of -1.833 ns between Inst_md_io/flags_in_reg[0]/C (clocked by clk50mhz_clk_wiz_1) and Inst_md_io/Inst_VGA/colaY_reg[55][3]/CE (clocked by sys_clk_pin). Large setup violations at the end of those stages might be difficult to fix during the post-placement implementation flow and could be the result of non-optimal XDC constraints or non-optimal design architecture
Related violations: <none>

TIMING-16#493 Warning
Large setup violation  
There is a large setup violation of -1.834 ns between Inst_md_io/Inst_VGA/fruit_y_s_reg[3]_replica/C (clocked by sys_clk_pin) and Inst_reg/reg_reg_r1_0_31_0_5/RAMB_D1/I (clocked by clk50mhz_clk_wiz_1). Large setup violations at the end of those stages might be difficult to fix during the post-placement implementation flow and could be the result of non-optimal XDC constraints or non-optimal design architecture
Related violations: <none>

TIMING-16#494 Warning
Large setup violation  
There is a large setup violation of -1.841 ns between Inst_md_io/flags_in_reg[0]/C (clocked by clk50mhz_clk_wiz_1) and Inst_md_io/Inst_VGA/colaX_reg[58][3]/R (clocked by sys_clk_pin). Large setup violations at the end of those stages might be difficult to fix during the post-placement implementation flow and could be the result of non-optimal XDC constraints or non-optimal design architecture
Related violations: <none>

TIMING-16#495 Warning
Large setup violation  
There is a large setup violation of -1.841 ns between Inst_md_io/flags_in_reg[0]/C (clocked by clk50mhz_clk_wiz_1) and Inst_md_io/Inst_VGA/colaX_reg[58][4]/R (clocked by sys_clk_pin). Large setup violations at the end of those stages might be difficult to fix during the post-placement implementation flow and could be the result of non-optimal XDC constraints or non-optimal design architecture
Related violations: <none>

TIMING-16#496 Warning
Large setup violation  
There is a large setup violation of -1.841 ns between Inst_md_io/flags_in_reg[0]/C (clocked by clk50mhz_clk_wiz_1) and Inst_md_io/Inst_VGA/colaY_reg[58][3]/R (clocked by sys_clk_pin). Large setup violations at the end of those stages might be difficult to fix during the post-placement implementation flow and could be the result of non-optimal XDC constraints or non-optimal design architecture
Related violations: <none>

TIMING-16#497 Warning
Large setup violation  
There is a large setup violation of -1.844 ns between Inst_md_io/Inst_VGA/fruit_y_s_reg[5]_replica/C (clocked by sys_clk_pin) and Inst_reg/reg_reg_r2_0_31_0_5/RAMC_D1/I (clocked by clk50mhz_clk_wiz_1). Large setup violations at the end of those stages might be difficult to fix during the post-placement implementation flow and could be the result of non-optimal XDC constraints or non-optimal design architecture
Related violations: <none>

TIMING-16#498 Warning
Large setup violation  
There is a large setup violation of -1.853 ns between Inst_md_io/flags_in_reg[0]/C (clocked by clk50mhz_clk_wiz_1) and Inst_md_io/Inst_VGA/colaX_reg[56][5]/CE (clocked by sys_clk_pin). Large setup violations at the end of those stages might be difficult to fix during the post-placement implementation flow and could be the result of non-optimal XDC constraints or non-optimal design architecture
Related violations: <none>

TIMING-16#499 Warning
Large setup violation  
There is a large setup violation of -1.857 ns between Inst_md_io/flags_in_reg[0]/C (clocked by clk50mhz_clk_wiz_1) and Inst_md_io/Inst_VGA/colaX_reg[60][0]/R (clocked by sys_clk_pin). Large setup violations at the end of those stages might be difficult to fix during the post-placement implementation flow and could be the result of non-optimal XDC constraints or non-optimal design architecture
Related violations: <none>

TIMING-16#500 Warning
Large setup violation  
There is a large setup violation of -1.864 ns between Inst_md_io/Inst_VGA/fruit_x_s_reg[1]/C (clocked by sys_clk_pin) and Inst_reg/reg_reg_r2_0_31_6_11/RAMB_D1/I (clocked by clk50mhz_clk_wiz_1). Large setup violations at the end of those stages might be difficult to fix during the post-placement implementation flow and could be the result of non-optimal XDC constraints or non-optimal design architecture
Related violations: <none>

TIMING-16#501 Warning
Large setup violation  
There is a large setup violation of -1.868 ns between Inst_md_io/flags_in_reg[0]/C (clocked by clk50mhz_clk_wiz_1) and Inst_md_io/Inst_VGA/colaX_reg[5][5]/CE (clocked by sys_clk_pin). Large setup violations at the end of those stages might be difficult to fix during the post-placement implementation flow and could be the result of non-optimal XDC constraints or non-optimal design architecture
Related violations: <none>

TIMING-16#502 Warning
Large setup violation  
There is a large setup violation of -1.868 ns between Inst_md_io/flags_in_reg[0]/C (clocked by clk50mhz_clk_wiz_1) and Inst_md_io/Inst_VGA/colaY_reg[5][0]/CE (clocked by sys_clk_pin). Large setup violations at the end of those stages might be difficult to fix during the post-placement implementation flow and could be the result of non-optimal XDC constraints or non-optimal design architecture
Related violations: <none>

TIMING-16#503 Warning
Large setup violation  
There is a large setup violation of -1.868 ns between Inst_md_io/flags_in_reg[0]/C (clocked by clk50mhz_clk_wiz_1) and Inst_md_io/Inst_VGA/colaY_reg[5][1]/CE (clocked by sys_clk_pin). Large setup violations at the end of those stages might be difficult to fix during the post-placement implementation flow and could be the result of non-optimal XDC constraints or non-optimal design architecture
Related violations: <none>

TIMING-16#504 Warning
Large setup violation  
There is a large setup violation of -1.870 ns between Inst_md_io/flags_in_reg[0]/C (clocked by clk50mhz_clk_wiz_1) and Inst_md_io/Inst_VGA/colaX_reg[44][1]/CE (clocked by sys_clk_pin). Large setup violations at the end of those stages might be difficult to fix during the post-placement implementation flow and could be the result of non-optimal XDC constraints or non-optimal design architecture
Related violations: <none>

TIMING-16#505 Warning
Large setup violation  
There is a large setup violation of -1.879 ns between Inst_md_io/flags_in_reg[0]/C (clocked by clk50mhz_clk_wiz_1) and Inst_md_io/Inst_VGA/colaY_reg[55][1]/CE (clocked by sys_clk_pin). Large setup violations at the end of those stages might be difficult to fix during the post-placement implementation flow and could be the result of non-optimal XDC constraints or non-optimal design architecture
Related violations: <none>

TIMING-16#506 Warning
Large setup violation  
There is a large setup violation of -1.879 ns between Inst_md_io/flags_in_reg[0]/C (clocked by clk50mhz_clk_wiz_1) and Inst_md_io/Inst_VGA/colaY_reg[55][4]/CE (clocked by sys_clk_pin). Large setup violations at the end of those stages might be difficult to fix during the post-placement implementation flow and could be the result of non-optimal XDC constraints or non-optimal design architecture
Related violations: <none>

TIMING-16#507 Warning
Large setup violation  
There is a large setup violation of -1.881 ns between Inst_md_io/flags_in_reg[0]/C (clocked by clk50mhz_clk_wiz_1) and Inst_md_io/Inst_VGA/colaX_reg[44][5]/CE (clocked by sys_clk_pin). Large setup violations at the end of those stages might be difficult to fix during the post-placement implementation flow and could be the result of non-optimal XDC constraints or non-optimal design architecture
Related violations: <none>

TIMING-16#508 Warning
Large setup violation  
There is a large setup violation of -1.881 ns between Inst_md_io/flags_in_reg[0]/C (clocked by clk50mhz_clk_wiz_1) and Inst_md_io/Inst_VGA/colaY_reg[44][1]/CE (clocked by sys_clk_pin). Large setup violations at the end of those stages might be difficult to fix during the post-placement implementation flow and could be the result of non-optimal XDC constraints or non-optimal design architecture
Related violations: <none>

TIMING-16#509 Warning
Large setup violation  
There is a large setup violation of -1.881 ns between Inst_md_io/flags_in_reg[0]/C (clocked by clk50mhz_clk_wiz_1) and Inst_md_io/Inst_VGA/colaY_reg[44][5]/CE (clocked by sys_clk_pin). Large setup violations at the end of those stages might be difficult to fix during the post-placement implementation flow and could be the result of non-optimal XDC constraints or non-optimal design architecture
Related violations: <none>

TIMING-16#510 Warning
Large setup violation  
There is a large setup violation of -1.890 ns between Inst_md_io/flags_in_reg[0]/C (clocked by clk50mhz_clk_wiz_1) and Inst_md_io/Inst_VGA/colaY_reg[53][0]/R (clocked by sys_clk_pin). Large setup violations at the end of those stages might be difficult to fix during the post-placement implementation flow and could be the result of non-optimal XDC constraints or non-optimal design architecture
Related violations: <none>

TIMING-16#511 Warning
Large setup violation  
There is a large setup violation of -1.890 ns between Inst_md_io/flags_in_reg[0]/C (clocked by clk50mhz_clk_wiz_1) and Inst_md_io/Inst_VGA/colaY_reg[53][1]/R (clocked by sys_clk_pin). Large setup violations at the end of those stages might be difficult to fix during the post-placement implementation flow and could be the result of non-optimal XDC constraints or non-optimal design architecture
Related violations: <none>

TIMING-16#512 Warning
Large setup violation  
There is a large setup violation of -1.892 ns between Inst_md_io/flags_in_reg[0]/C (clocked by clk50mhz_clk_wiz_1) and Inst_md_io/Inst_VGA/colaX_reg[55][5]/CE (clocked by sys_clk_pin). Large setup violations at the end of those stages might be difficult to fix during the post-placement implementation flow and could be the result of non-optimal XDC constraints or non-optimal design architecture
Related violations: <none>

TIMING-16#513 Warning
Large setup violation  
There is a large setup violation of -1.895 ns between Inst_md_io/flags_in_reg[0]/C (clocked by clk50mhz_clk_wiz_1) and Inst_md_io/Inst_VGA/colaY_reg[53][2]/R (clocked by sys_clk_pin). Large setup violations at the end of those stages might be difficult to fix during the post-placement implementation flow and could be the result of non-optimal XDC constraints or non-optimal design architecture
Related violations: <none>

TIMING-16#514 Warning
Large setup violation  
There is a large setup violation of -1.895 ns between Inst_md_io/flags_in_reg[0]/C (clocked by clk50mhz_clk_wiz_1) and Inst_md_io/Inst_VGA/colaY_reg[53][3]/R (clocked by sys_clk_pin). Large setup violations at the end of those stages might be difficult to fix during the post-placement implementation flow and could be the result of non-optimal XDC constraints or non-optimal design architecture
Related violations: <none>

TIMING-16#515 Warning
Large setup violation  
There is a large setup violation of -1.895 ns between Inst_md_io/flags_in_reg[0]/C (clocked by clk50mhz_clk_wiz_1) and Inst_md_io/Inst_VGA/colaY_reg[53][4]/R (clocked by sys_clk_pin). Large setup violations at the end of those stages might be difficult to fix during the post-placement implementation flow and could be the result of non-optimal XDC constraints or non-optimal design architecture
Related violations: <none>

TIMING-16#516 Warning
Large setup violation  
There is a large setup violation of -1.895 ns between Inst_md_io/flags_in_reg[0]/C (clocked by clk50mhz_clk_wiz_1) and Inst_md_io/Inst_VGA/colaY_reg[53][5]/R (clocked by sys_clk_pin). Large setup violations at the end of those stages might be difficult to fix during the post-placement implementation flow and could be the result of non-optimal XDC constraints or non-optimal design architecture
Related violations: <none>

TIMING-16#517 Warning
Large setup violation  
There is a large setup violation of -1.925 ns between Inst_md_io/Inst_VGA/fruit_y_s_reg[2]_replica/C (clocked by sys_clk_pin) and Inst_reg/reg_reg_r2_0_31_0_5/RAMB/I (clocked by clk50mhz_clk_wiz_1). Large setup violations at the end of those stages might be difficult to fix during the post-placement implementation flow and could be the result of non-optimal XDC constraints or non-optimal design architecture
Related violations: <none>

TIMING-16#518 Warning
Large setup violation  
There is a large setup violation of -1.939 ns between Inst_md_io/Inst_VGA/fruit_x_s_reg[4]_replica/C (clocked by sys_clk_pin) and Inst_reg/reg_reg_r1_0_31_12_17/RAMA/I (clocked by clk50mhz_clk_wiz_1). Large setup violations at the end of those stages might be difficult to fix during the post-placement implementation flow and could be the result of non-optimal XDC constraints or non-optimal design architecture
Related violations: <none>

TIMING-16#519 Warning
Large setup violation  
There is a large setup violation of -1.942 ns between Inst_md_io/Inst_VGA/fruit_x_s_reg[2]_replica/C (clocked by sys_clk_pin) and Inst_reg/reg_reg_r2_0_31_6_11/RAMC/I (clocked by clk50mhz_clk_wiz_1). Large setup violations at the end of those stages might be difficult to fix during the post-placement implementation flow and could be the result of non-optimal XDC constraints or non-optimal design architecture
Related violations: <none>

TIMING-16#520 Warning
Large setup violation  
There is a large setup violation of -1.945 ns between Inst_md_io/flags_in_reg[0]/C (clocked by clk50mhz_clk_wiz_1) and Inst_md_io/Inst_VGA/colaX_reg[60][4]/R (clocked by sys_clk_pin). Large setup violations at the end of those stages might be difficult to fix during the post-placement implementation flow and could be the result of non-optimal XDC constraints or non-optimal design architecture
Related violations: <none>

TIMING-16#521 Warning
Large setup violation  
There is a large setup violation of -1.945 ns between Inst_md_io/flags_in_reg[0]/C (clocked by clk50mhz_clk_wiz_1) and Inst_md_io/Inst_VGA/colaY_reg[60][1]/R (clocked by sys_clk_pin). Large setup violations at the end of those stages might be difficult to fix during the post-placement implementation flow and could be the result of non-optimal XDC constraints or non-optimal design architecture
Related violations: <none>

TIMING-16#522 Warning
Large setup violation  
There is a large setup violation of -1.945 ns between Inst_md_io/flags_in_reg[0]/C (clocked by clk50mhz_clk_wiz_1) and Inst_md_io/Inst_VGA/colaY_reg[60][3]/R (clocked by sys_clk_pin). Large setup violations at the end of those stages might be difficult to fix during the post-placement implementation flow and could be the result of non-optimal XDC constraints or non-optimal design architecture
Related violations: <none>

TIMING-16#523 Warning
Large setup violation  
There is a large setup violation of -1.945 ns between Inst_md_io/flags_in_reg[0]/C (clocked by clk50mhz_clk_wiz_1) and Inst_md_io/Inst_VGA/colaY_reg[60][4]/R (clocked by sys_clk_pin). Large setup violations at the end of those stages might be difficult to fix during the post-placement implementation flow and could be the result of non-optimal XDC constraints or non-optimal design architecture
Related violations: <none>

TIMING-16#524 Warning
Large setup violation  
There is a large setup violation of -1.948 ns between Inst_md_io/flags_in_reg[0]/C (clocked by clk50mhz_clk_wiz_1) and Inst_md_io/Inst_VGA/colaX_reg[55][0]/CE (clocked by sys_clk_pin). Large setup violations at the end of those stages might be difficult to fix during the post-placement implementation flow and could be the result of non-optimal XDC constraints or non-optimal design architecture
Related violations: <none>

TIMING-16#525 Warning
Large setup violation  
There is a large setup violation of -1.948 ns between Inst_md_io/flags_in_reg[0]/C (clocked by clk50mhz_clk_wiz_1) and Inst_md_io/Inst_VGA/colaY_reg[55][2]/CE (clocked by sys_clk_pin). Large setup violations at the end of those stages might be difficult to fix during the post-placement implementation flow and could be the result of non-optimal XDC constraints or non-optimal design architecture
Related violations: <none>

TIMING-16#526 Warning
Large setup violation  
There is a large setup violation of -1.948 ns between Inst_md_io/flags_in_reg[0]/C (clocked by clk50mhz_clk_wiz_1) and Inst_md_io/Inst_VGA/colaY_reg[55][5]/CE (clocked by sys_clk_pin). Large setup violations at the end of those stages might be difficult to fix during the post-placement implementation flow and could be the result of non-optimal XDC constraints or non-optimal design architecture
Related violations: <none>

TIMING-16#527 Warning
Large setup violation  
There is a large setup violation of -1.953 ns between Inst_md_io/Inst_VGA/fruit_y_s_reg[4]_replica/C (clocked by sys_clk_pin) and Inst_reg/reg_reg_r1_0_31_0_5/RAMC/I (clocked by clk50mhz_clk_wiz_1). Large setup violations at the end of those stages might be difficult to fix during the post-placement implementation flow and could be the result of non-optimal XDC constraints or non-optimal design architecture
Related violations: <none>

TIMING-16#528 Warning
Large setup violation  
There is a large setup violation of -1.963 ns between Inst_md_io/flags_in_reg[0]/C (clocked by clk50mhz_clk_wiz_1) and Inst_md_io/Inst_VGA/colaX_reg[53][2]/R (clocked by sys_clk_pin). Large setup violations at the end of those stages might be difficult to fix during the post-placement implementation flow and could be the result of non-optimal XDC constraints or non-optimal design architecture
Related violations: <none>

TIMING-16#529 Warning
Large setup violation  
There is a large setup violation of -1.981 ns between Inst_md_io/Inst_VGA/fruit_y_s_reg[1]_replica/C (clocked by sys_clk_pin) and Inst_reg/reg_reg_r2_0_31_0_5/RAMA_D1/I (clocked by clk50mhz_clk_wiz_1). Large setup violations at the end of those stages might be difficult to fix during the post-placement implementation flow and could be the result of non-optimal XDC constraints or non-optimal design architecture
Related violations: <none>

TIMING-16#530 Warning
Large setup violation  
There is a large setup violation of -1.987 ns between Inst_md_io/Inst_VGA/fruit_y_s_reg[3]_replica/C (clocked by sys_clk_pin) and Inst_reg/reg_reg_r2_0_31_0_5/RAMB_D1/I (clocked by clk50mhz_clk_wiz_1). Large setup violations at the end of those stages might be difficult to fix during the post-placement implementation flow and could be the result of non-optimal XDC constraints or non-optimal design architecture
Related violations: <none>

TIMING-16#531 Warning
Large setup violation  
There is a large setup violation of -1.990 ns between Inst_md_io/Inst_VGA/fruit_y_s_reg[5]_replica/C (clocked by sys_clk_pin) and Inst_reg/reg_reg_r1_0_31_0_5/RAMC_D1/I (clocked by clk50mhz_clk_wiz_1). Large setup violations at the end of those stages might be difficult to fix during the post-placement implementation flow and could be the result of non-optimal XDC constraints or non-optimal design architecture
Related violations: <none>

TIMING-16#532 Warning
Large setup violation  
There is a large setup violation of -1.998 ns between Inst_md_io/Inst_VGA/fruit_x_s_reg[1]/C (clocked by sys_clk_pin) and Inst_reg/reg_reg_r1_0_31_6_11/RAMB_D1/I (clocked by clk50mhz_clk_wiz_1). Large setup violations at the end of those stages might be difficult to fix during the post-placement implementation flow and could be the result of non-optimal XDC constraints or non-optimal design architecture
Related violations: <none>

TIMING-16#533 Warning
Large setup violation  
There is a large setup violation of -2.019 ns between Inst_md_io/head_y_reg[4]/C (clocked by clk50mhz_clk_wiz_1) and Inst_md_io/Inst_VGA/cola_len_int_reg[5]/CE (clocked by sys_clk_pin). Large setup violations at the end of those stages might be difficult to fix during the post-placement implementation flow and could be the result of non-optimal XDC constraints or non-optimal design architecture
Related violations: <none>

TIMING-16#534 Warning
Large setup violation  
There is a large setup violation of -2.019 ns between Inst_md_io/head_y_reg[4]/C (clocked by clk50mhz_clk_wiz_1) and Inst_md_io/Inst_VGA/cola_len_int_reg[6]/CE (clocked by sys_clk_pin). Large setup violations at the end of those stages might be difficult to fix during the post-placement implementation flow and could be the result of non-optimal XDC constraints or non-optimal design architecture
Related violations: <none>

TIMING-16#535 Warning
Large setup violation  
There is a large setup violation of -2.022 ns between Inst_md_io/Inst_VGA/fruit_x_s_reg[5]/C (clocked by sys_clk_pin) and Inst_reg/reg_reg_r2_0_31_12_17/RAMA_D1/I (clocked by clk50mhz_clk_wiz_1). Large setup violations at the end of those stages might be difficult to fix during the post-placement implementation flow and could be the result of non-optimal XDC constraints or non-optimal design architecture
Related violations: <none>

TIMING-16#536 Warning
Large setup violation  
There is a large setup violation of -2.023 ns between Inst_md_io/head_y_reg[4]/C (clocked by clk50mhz_clk_wiz_1) and Inst_md_io/Inst_VGA/cola_len_int_reg[4]/CE (clocked by sys_clk_pin). Large setup violations at the end of those stages might be difficult to fix during the post-placement implementation flow and could be the result of non-optimal XDC constraints or non-optimal design architecture
Related violations: <none>

TIMING-16#537 Warning
Large setup violation  
There is a large setup violation of -2.029 ns between Inst_md_io/head_y_reg[4]/C (clocked by clk50mhz_clk_wiz_1) and Inst_md_io/Inst_VGA/cola_len_int_reg[2]/D (clocked by sys_clk_pin). Large setup violations at the end of those stages might be difficult to fix during the post-placement implementation flow and could be the result of non-optimal XDC constraints or non-optimal design architecture
Related violations: <none>

TIMING-16#538 Warning
Large setup violation  
There is a large setup violation of -2.032 ns between Inst_md_io/head_y_reg[4]/C (clocked by clk50mhz_clk_wiz_1) and Inst_md_io/Inst_VGA/cola_len_int_reg[0]/CE (clocked by sys_clk_pin). Large setup violations at the end of those stages might be difficult to fix during the post-placement implementation flow and could be the result of non-optimal XDC constraints or non-optimal design architecture
Related violations: <none>

TIMING-16#539 Warning
Large setup violation  
There is a large setup violation of -2.032 ns between Inst_md_io/head_y_reg[4]/C (clocked by clk50mhz_clk_wiz_1) and Inst_md_io/Inst_VGA/cola_len_int_reg[1]/CE (clocked by sys_clk_pin). Large setup violations at the end of those stages might be difficult to fix during the post-placement implementation flow and could be the result of non-optimal XDC constraints or non-optimal design architecture
Related violations: <none>

TIMING-16#540 Warning
Large setup violation  
There is a large setup violation of -2.032 ns between Inst_md_io/head_y_reg[4]/C (clocked by clk50mhz_clk_wiz_1) and Inst_md_io/Inst_VGA/cola_len_int_reg[3]/CE (clocked by sys_clk_pin). Large setup violations at the end of those stages might be difficult to fix during the post-placement implementation flow and could be the result of non-optimal XDC constraints or non-optimal design architecture
Related violations: <none>

TIMING-16#541 Warning
Large setup violation  
There is a large setup violation of -2.039 ns between Inst_md_io/flags_in_reg[0]/C (clocked by clk50mhz_clk_wiz_1) and Inst_md_io/Inst_VGA/colaX_reg[56][3]/CE (clocked by sys_clk_pin). Large setup violations at the end of those stages might be difficult to fix during the post-placement implementation flow and could be the result of non-optimal XDC constraints or non-optimal design architecture
Related violations: <none>

TIMING-16#542 Warning
Large setup violation  
There is a large setup violation of -2.047 ns between Inst_md_io/Inst_VGA/fruit_y_s_reg[4]_replica/C (clocked by sys_clk_pin) and Inst_reg/reg_reg_r2_0_31_0_5/RAMC/I (clocked by clk50mhz_clk_wiz_1). Large setup violations at the end of those stages might be difficult to fix during the post-placement implementation flow and could be the result of non-optimal XDC constraints or non-optimal design architecture
Related violations: <none>

TIMING-16#543 Warning
Large setup violation  
There is a large setup violation of -2.055 ns between Inst_md_io/Inst_VGA/colision_detectada_reg/C (clocked by sys_clk_pin) and Inst_reg/reg_reg_r1_0_31_0_5/RAMA/I (clocked by clk50mhz_clk_wiz_1). Large setup violations at the end of those stages might be difficult to fix during the post-placement implementation flow and could be the result of non-optimal XDC constraints or non-optimal design architecture
Related violations: <none>

TIMING-16#544 Warning
Large setup violation  
There is a large setup violation of -2.061 ns between Inst_md_io/Inst_VGA/fruit_x_s_reg[4]_replica/C (clocked by sys_clk_pin) and Inst_reg/reg_reg_r2_0_31_12_17/RAMA/I (clocked by clk50mhz_clk_wiz_1). Large setup violations at the end of those stages might be difficult to fix during the post-placement implementation flow and could be the result of non-optimal XDC constraints or non-optimal design architecture
Related violations: <none>

TIMING-16#545 Warning
Large setup violation  
There is a large setup violation of -2.076 ns between Inst_md_io/Inst_VGA/fruit_y_s_reg[2]_replica/C (clocked by sys_clk_pin) and Inst_reg/reg_reg_r1_0_31_0_5/RAMB/I (clocked by clk50mhz_clk_wiz_1). Large setup violations at the end of those stages might be difficult to fix during the post-placement implementation flow and could be the result of non-optimal XDC constraints or non-optimal design architecture
Related violations: <none>

TIMING-16#546 Warning
Large setup violation  
There is a large setup violation of -2.081 ns between Inst_md_io/Inst_VGA/fruit_x_s_reg[2]_replica/C (clocked by sys_clk_pin) and Inst_reg/reg_reg_r1_0_31_6_11/RAMC/I (clocked by clk50mhz_clk_wiz_1). Large setup violations at the end of those stages might be difficult to fix during the post-placement implementation flow and could be the result of non-optimal XDC constraints or non-optimal design architecture
Related violations: <none>

TIMING-16#547 Warning
Large setup violation  
There is a large setup violation of -2.091 ns between Inst_md_io/Inst_VGA/fruit_x_s_reg[0]_replica/C (clocked by sys_clk_pin) and Inst_reg/reg_reg_r2_0_31_6_11/RAMB/I (clocked by clk50mhz_clk_wiz_1). Large setup violations at the end of those stages might be difficult to fix during the post-placement implementation flow and could be the result of non-optimal XDC constraints or non-optimal design architecture
Related violations: <none>

TIMING-16#548 Warning
Large setup violation  
There is a large setup violation of -2.097 ns between Inst_md_io/Inst_VGA/colision_detectada_reg/C (clocked by sys_clk_pin) and Inst_reg/reg_reg_r2_0_31_0_5/RAMA/I (clocked by clk50mhz_clk_wiz_1). Large setup violations at the end of those stages might be difficult to fix during the post-placement implementation flow and could be the result of non-optimal XDC constraints or non-optimal design architecture
Related violations: <none>

TIMING-16#549 Warning
Large setup violation  
There is a large setup violation of -2.097 ns between Inst_md_io/Inst_VGA/fruit_x_s_reg[0]_replica/C (clocked by sys_clk_pin) and Inst_reg/reg_reg_r1_0_31_6_11/RAMB/I (clocked by clk50mhz_clk_wiz_1). Large setup violations at the end of those stages might be difficult to fix during the post-placement implementation flow and could be the result of non-optimal XDC constraints or non-optimal design architecture
Related violations: <none>

TIMING-16#550 Warning
Large setup violation  
There is a large setup violation of -2.128 ns between Inst_md_io/Inst_VGA/fruit_y_s_reg[1]_replica/C (clocked by sys_clk_pin) and Inst_reg/reg_reg_r1_0_31_0_5/RAMA_D1/I (clocked by clk50mhz_clk_wiz_1). Large setup violations at the end of those stages might be difficult to fix during the post-placement implementation flow and could be the result of non-optimal XDC constraints or non-optimal design architecture
Related violations: <none>

TIMING-16#551 Warning
Large setup violation  
There is a large setup violation of -2.139 ns between Inst_md_io/head_y_reg[4]/C (clocked by clk50mhz_clk_wiz_1) and Inst_md_io/Inst_VGA/FSM_sequential_fruit_state_reg[1]/D (clocked by sys_clk_pin). Large setup violations at the end of those stages might be difficult to fix during the post-placement implementation flow and could be the result of non-optimal XDC constraints or non-optimal design architecture
Related violations: <none>

TIMING-16#552 Warning
Large setup violation  
There is a large setup violation of -2.140 ns between Inst_md_io/head_y_reg[3]/C (clocked by clk50mhz_clk_wiz_1) and Inst_md_io/Inst_VGA/sync_unit/rgb_reg_reg[9]/D (clocked by sys_clk_pin). Large setup violations at the end of those stages might be difficult to fix during the post-placement implementation flow and could be the result of non-optimal XDC constraints or non-optimal design architecture
Related violations: <none>

TIMING-16#553 Warning
Large setup violation  
There is a large setup violation of -2.201 ns between Inst_md_io/Inst_VGA/rand_x_unit/rnd_val_reg[0]/C (clocked by sys_clk_pin) and Inst_md_io/Inst_VGA/fruit_y_s_reg[3]/CE (clocked by sys_clk_pin). Large setup violations at the end of those stages might be difficult to fix during the post-placement implementation flow and could be the result of non-optimal XDC constraints or non-optimal design architecture
Related violations: <none>

TIMING-16#554 Warning
Large setup violation  
There is a large setup violation of -2.201 ns between Inst_md_io/Inst_VGA/rand_x_unit/rnd_val_reg[0]/C (clocked by sys_clk_pin) and Inst_md_io/Inst_VGA/fruit_y_s_reg[4]/CE (clocked by sys_clk_pin). Large setup violations at the end of those stages might be difficult to fix during the post-placement implementation flow and could be the result of non-optimal XDC constraints or non-optimal design architecture
Related violations: <none>

TIMING-16#555 Warning
Large setup violation  
There is a large setup violation of -2.214 ns between Inst_md_io/Inst_VGA/rand_x_unit/rnd_val_reg[0]/C (clocked by sys_clk_pin) and Inst_md_io/Inst_VGA/fruit_y_s_reg[3]_replica/CE (clocked by sys_clk_pin). Large setup violations at the end of those stages might be difficult to fix during the post-placement implementation flow and could be the result of non-optimal XDC constraints or non-optimal design architecture
Related violations: <none>

TIMING-16#556 Warning
Large setup violation  
There is a large setup violation of -2.303 ns between Inst_md_io/Inst_VGA/rand_x_unit/rnd_val_reg[0]/C (clocked by sys_clk_pin) and Inst_md_io/Inst_VGA/fruit_x_s_reg[1]/CE (clocked by sys_clk_pin). Large setup violations at the end of those stages might be difficult to fix during the post-placement implementation flow and could be the result of non-optimal XDC constraints or non-optimal design architecture
Related violations: <none>

TIMING-16#557 Warning
Large setup violation  
There is a large setup violation of -2.345 ns between Inst_md_io/Inst_VGA/rand_x_unit/rnd_val_reg[0]/C (clocked by sys_clk_pin) and Inst_md_io/Inst_VGA/fruit_x_s_reg[0]/CE (clocked by sys_clk_pin). Large setup violations at the end of those stages might be difficult to fix during the post-placement implementation flow and could be the result of non-optimal XDC constraints or non-optimal design architecture
Related violations: <none>

TIMING-16#558 Warning
Large setup violation  
There is a large setup violation of -2.345 ns between Inst_md_io/Inst_VGA/rand_x_unit/rnd_val_reg[0]/C (clocked by sys_clk_pin) and Inst_md_io/Inst_VGA/fruit_x_s_reg[0]_replica/CE (clocked by sys_clk_pin). Large setup violations at the end of those stages might be difficult to fix during the post-placement implementation flow and could be the result of non-optimal XDC constraints or non-optimal design architecture
Related violations: <none>

TIMING-16#559 Warning
Large setup violation  
There is a large setup violation of -2.345 ns between Inst_md_io/Inst_VGA/rand_x_unit/rnd_val_reg[0]/C (clocked by sys_clk_pin) and Inst_md_io/Inst_VGA/fruit_x_s_reg[2]/CE (clocked by sys_clk_pin). Large setup violations at the end of those stages might be difficult to fix during the post-placement implementation flow and could be the result of non-optimal XDC constraints or non-optimal design architecture
Related violations: <none>

TIMING-16#560 Warning
Large setup violation  
There is a large setup violation of -2.345 ns between Inst_md_io/Inst_VGA/rand_x_unit/rnd_val_reg[0]/C (clocked by sys_clk_pin) and Inst_md_io/Inst_VGA/fruit_x_s_reg[2]_replica/CE (clocked by sys_clk_pin). Large setup violations at the end of those stages might be difficult to fix during the post-placement implementation flow and could be the result of non-optimal XDC constraints or non-optimal design architecture
Related violations: <none>

TIMING-16#561 Warning
Large setup violation  
There is a large setup violation of -2.391 ns between Inst_md_io/Inst_VGA/rand_x_unit/rnd_val_reg[0]/C (clocked by sys_clk_pin) and Inst_md_io/Inst_VGA/fruit_y_s_reg[4]_replica/R (clocked by sys_clk_pin). Large setup violations at the end of those stages might be difficult to fix during the post-placement implementation flow and could be the result of non-optimal XDC constraints or non-optimal design architecture
Related violations: <none>

TIMING-16#562 Warning
Large setup violation  
There is a large setup violation of -2.393 ns between Inst_md_io/Inst_VGA/rand_x_unit/rnd_val_reg[0]/C (clocked by sys_clk_pin) and Inst_md_io/Inst_VGA/fruit_y_s_reg[1]_replica/CE (clocked by sys_clk_pin). Large setup violations at the end of those stages might be difficult to fix during the post-placement implementation flow and could be the result of non-optimal XDC constraints or non-optimal design architecture
Related violations: <none>

TIMING-16#563 Warning
Large setup violation  
There is a large setup violation of -2.393 ns between Inst_md_io/Inst_VGA/rand_x_unit/rnd_val_reg[0]/C (clocked by sys_clk_pin) and Inst_md_io/Inst_VGA/fruit_y_s_reg[2]_replica/CE (clocked by sys_clk_pin). Large setup violations at the end of those stages might be difficult to fix during the post-placement implementation flow and could be the result of non-optimal XDC constraints or non-optimal design architecture
Related violations: <none>

TIMING-16#564 Warning
Large setup violation  
There is a large setup violation of -2.393 ns between Inst_md_io/Inst_VGA/rand_x_unit/rnd_val_reg[0]/C (clocked by sys_clk_pin) and Inst_md_io/Inst_VGA/fruit_y_s_reg[5]_replica/CE (clocked by sys_clk_pin). Large setup violations at the end of those stages might be difficult to fix during the post-placement implementation flow and could be the result of non-optimal XDC constraints or non-optimal design architecture
Related violations: <none>

TIMING-16#565 Warning
Large setup violation  
There is a large setup violation of -2.396 ns between Inst_md_io/Inst_VGA/rand_x_unit/rnd_val_reg[0]/C (clocked by sys_clk_pin) and Inst_md_io/Inst_VGA/fruit_x_s_reg[5]/CE (clocked by sys_clk_pin). Large setup violations at the end of those stages might be difficult to fix during the post-placement implementation flow and could be the result of non-optimal XDC constraints or non-optimal design architecture
Related violations: <none>

TIMING-16#566 Warning
Large setup violation  
There is a large setup violation of -2.396 ns between Inst_md_io/Inst_VGA/rand_x_unit/rnd_val_reg[0]/C (clocked by sys_clk_pin) and Inst_md_io/Inst_VGA/fruit_y_s_reg[1]/CE (clocked by sys_clk_pin). Large setup violations at the end of those stages might be difficult to fix during the post-placement implementation flow and could be the result of non-optimal XDC constraints or non-optimal design architecture
Related violations: <none>

TIMING-16#567 Warning
Large setup violation  
There is a large setup violation of -2.410 ns between Inst_md_io/head_y_reg[4]/C (clocked by clk50mhz_clk_wiz_1) and Inst_md_io/Inst_VGA/colision_detectada_reg/D (clocked by sys_clk_pin). Large setup violations at the end of those stages might be difficult to fix during the post-placement implementation flow and could be the result of non-optimal XDC constraints or non-optimal design architecture
Related violations: <none>

TIMING-16#568 Warning
Large setup violation  
There is a large setup violation of -2.422 ns between Inst_md_io/Inst_VGA/rand_x_unit/rnd_val_reg[0]/C (clocked by sys_clk_pin) and Inst_md_io/Inst_VGA/fruit_x_s_reg[3]_replica/CE (clocked by sys_clk_pin). Large setup violations at the end of those stages might be difficult to fix during the post-placement implementation flow and could be the result of non-optimal XDC constraints or non-optimal design architecture
Related violations: <none>

TIMING-16#569 Warning
Large setup violation  
There is a large setup violation of -2.435 ns between Inst_md_io/Inst_VGA/rand_x_unit/rnd_val_reg[0]/C (clocked by sys_clk_pin) and Inst_md_io/Inst_VGA/fruit_y_s_reg[5]/CE (clocked by sys_clk_pin). Large setup violations at the end of those stages might be difficult to fix during the post-placement implementation flow and could be the result of non-optimal XDC constraints or non-optimal design architecture
Related violations: <none>

TIMING-16#570 Warning
Large setup violation  
There is a large setup violation of -2.448 ns between Inst_md_io/Inst_VGA/rand_x_unit/rnd_val_reg[0]/C (clocked by sys_clk_pin) and Inst_md_io/Inst_VGA/fruit_x_s_reg[4]_replica/CE (clocked by sys_clk_pin). Large setup violations at the end of those stages might be difficult to fix during the post-placement implementation flow and could be the result of non-optimal XDC constraints or non-optimal design architecture
Related violations: <none>

TIMING-16#571 Warning
Large setup violation  
There is a large setup violation of -2.475 ns between Inst_md_io/Inst_VGA/rand_x_unit/rnd_val_reg[0]/C (clocked by sys_clk_pin) and Inst_md_io/Inst_VGA/fruit_x_s_reg[3]/CE (clocked by sys_clk_pin). Large setup violations at the end of those stages might be difficult to fix during the post-placement implementation flow and could be the result of non-optimal XDC constraints or non-optimal design architecture
Related violations: <none>

TIMING-16#572 Warning
Large setup violation  
There is a large setup violation of -2.475 ns between Inst_md_io/Inst_VGA/rand_x_unit/rnd_val_reg[0]/C (clocked by sys_clk_pin) and Inst_md_io/Inst_VGA/fruit_x_s_reg[4]/CE (clocked by sys_clk_pin). Large setup violations at the end of those stages might be difficult to fix during the post-placement implementation flow and could be the result of non-optimal XDC constraints or non-optimal design architecture
Related violations: <none>

TIMING-16#573 Warning
Large setup violation  
There is a large setup violation of -2.476 ns between Inst_md_io/Inst_VGA/rand_x_unit/rnd_val_reg[0]/C (clocked by sys_clk_pin) and Inst_md_io/Inst_VGA/fruit_y_s_reg[4]_replica/CE (clocked by sys_clk_pin). Large setup violations at the end of those stages might be difficult to fix during the post-placement implementation flow and could be the result of non-optimal XDC constraints or non-optimal design architecture
Related violations: <none>

TIMING-16#574 Warning
Large setup violation  
There is a large setup violation of -2.494 ns between Inst_md_io/Inst_VGA/rand_x_unit/rnd_val_reg[0]/C (clocked by sys_clk_pin) and Inst_md_io/Inst_VGA/fruta_generada_reg_replica/D (clocked by sys_clk_pin). Large setup violations at the end of those stages might be difficult to fix during the post-placement implementation flow and could be the result of non-optimal XDC constraints or non-optimal design architecture
Related violations: <none>

TIMING-16#575 Warning
Large setup violation  
There is a large setup violation of -2.501 ns between Inst_md_io/Inst_VGA/rand_x_unit/rnd_val_reg[0]/C (clocked by sys_clk_pin) and Inst_md_io/Inst_VGA/fruit_y_s_reg[3]_replica/S (clocked by sys_clk_pin). Large setup violations at the end of those stages might be difficult to fix during the post-placement implementation flow and could be the result of non-optimal XDC constraints or non-optimal design architecture
Related violations: <none>

TIMING-16#576 Warning
Large setup violation  
There is a large setup violation of -2.533 ns between Inst_md_io/Inst_VGA/rand_x_unit/rnd_val_reg[0]/C (clocked by sys_clk_pin) and Inst_md_io/Inst_VGA/fruit_x_s_reg[1]/R (clocked by sys_clk_pin). Large setup violations at the end of those stages might be difficult to fix during the post-placement implementation flow and could be the result of non-optimal XDC constraints or non-optimal design architecture
Related violations: <none>

TIMING-16#577 Warning
Large setup violation  
There is a large setup violation of -2.537 ns between Inst_md_io/Inst_VGA/rand_x_unit/rnd_val_reg[0]/C (clocked by sys_clk_pin) and Inst_md_io/Inst_VGA/fruit_y_s_reg[0]/CE (clocked by sys_clk_pin). Large setup violations at the end of those stages might be difficult to fix during the post-placement implementation flow and could be the result of non-optimal XDC constraints or non-optimal design architecture
Related violations: <none>

TIMING-16#578 Warning
Large setup violation  
There is a large setup violation of -2.542 ns between Inst_md_io/Inst_VGA/rand_x_unit/rnd_val_reg[0]/C (clocked by sys_clk_pin) and Inst_md_io/Inst_VGA/fruit_y_s_reg[0]/R (clocked by sys_clk_pin). Large setup violations at the end of those stages might be difficult to fix during the post-placement implementation flow and could be the result of non-optimal XDC constraints or non-optimal design architecture
Related violations: <none>

TIMING-16#579 Warning
Large setup violation  
There is a large setup violation of -2.545 ns between Inst_md_io/Inst_VGA/rand_x_unit/rnd_val_reg[0]/C (clocked by sys_clk_pin) and Inst_md_io/Inst_VGA/fruit_y_s_reg[1]_replica/S (clocked by sys_clk_pin). Large setup violations at the end of those stages might be difficult to fix during the post-placement implementation flow and could be the result of non-optimal XDC constraints or non-optimal design architecture
Related violations: <none>

TIMING-16#580 Warning
Large setup violation  
There is a large setup violation of -2.545 ns between Inst_md_io/Inst_VGA/rand_x_unit/rnd_val_reg[0]/C (clocked by sys_clk_pin) and Inst_md_io/Inst_VGA/fruit_y_s_reg[2]_replica/R (clocked by sys_clk_pin). Large setup violations at the end of those stages might be difficult to fix during the post-placement implementation flow and could be the result of non-optimal XDC constraints or non-optimal design architecture
Related violations: <none>

TIMING-16#581 Warning
Large setup violation  
There is a large setup violation of -2.545 ns between Inst_md_io/Inst_VGA/rand_x_unit/rnd_val_reg[0]/C (clocked by sys_clk_pin) and Inst_md_io/Inst_VGA/fruit_y_s_reg[5]_replica/R (clocked by sys_clk_pin). Large setup violations at the end of those stages might be difficult to fix during the post-placement implementation flow and could be the result of non-optimal XDC constraints or non-optimal design architecture
Related violations: <none>

TIMING-16#582 Warning
Large setup violation  
There is a large setup violation of -2.551 ns between Inst_md_io/Inst_VGA/rand_x_unit/rnd_val_reg[0]/C (clocked by sys_clk_pin) and Inst_md_io/Inst_VGA/fruit_y_s_reg[3]/S (clocked by sys_clk_pin). Large setup violations at the end of those stages might be difficult to fix during the post-placement implementation flow and could be the result of non-optimal XDC constraints or non-optimal design architecture
Related violations: <none>

TIMING-16#583 Warning
Large setup violation  
There is a large setup violation of -2.551 ns between Inst_md_io/Inst_VGA/rand_x_unit/rnd_val_reg[0]/C (clocked by sys_clk_pin) and Inst_md_io/Inst_VGA/fruit_y_s_reg[4]/R (clocked by sys_clk_pin). Large setup violations at the end of those stages might be difficult to fix during the post-placement implementation flow and could be the result of non-optimal XDC constraints or non-optimal design architecture
Related violations: <none>

TIMING-16#584 Warning
Large setup violation  
There is a large setup violation of -2.556 ns between Inst_md_io/Inst_VGA/rand_x_unit/rnd_val_reg[0]/C (clocked by sys_clk_pin) and Inst_md_io/Inst_VGA/fruit_x_s_reg[4]_replica/S (clocked by sys_clk_pin). Large setup violations at the end of those stages might be difficult to fix during the post-placement implementation flow and could be the result of non-optimal XDC constraints or non-optimal design architecture
Related violations: <none>

TIMING-16#585 Warning
Large setup violation  
There is a large setup violation of -2.595 ns between Inst_md_io/head_y_reg[0]/C (clocked by clk50mhz_clk_wiz_1) and Inst_md_io/Inst_VGA/rand_y_unit/counter_reg[7]_replica/D (clocked by sys_clk_pin). Large setup violations at the end of those stages might be difficult to fix during the post-placement implementation flow and could be the result of non-optimal XDC constraints or non-optimal design architecture
Related violations: <none>

TIMING-16#586 Warning
Large setup violation  
There is a large setup violation of -2.601 ns between Inst_md_io/Inst_VGA/rand_x_unit/rnd_val_reg[0]/C (clocked by sys_clk_pin) and Inst_md_io/Inst_VGA/fruit_x_s_reg[3]/R (clocked by sys_clk_pin). Large setup violations at the end of those stages might be difficult to fix during the post-placement implementation flow and could be the result of non-optimal XDC constraints or non-optimal design architecture
Related violations: <none>

TIMING-16#587 Warning
Large setup violation  
There is a large setup violation of -2.601 ns between Inst_md_io/Inst_VGA/rand_x_unit/rnd_val_reg[0]/C (clocked by sys_clk_pin) and Inst_md_io/Inst_VGA/fruit_x_s_reg[4]/S (clocked by sys_clk_pin). Large setup violations at the end of those stages might be difficult to fix during the post-placement implementation flow and could be the result of non-optimal XDC constraints or non-optimal design architecture
Related violations: <none>

TIMING-16#588 Warning
Large setup violation  
There is a large setup violation of -2.608 ns between Inst_md_io/Inst_VGA/rand_x_unit/rnd_val_reg[0]/C (clocked by sys_clk_pin) and Inst_md_io/Inst_VGA/fruit_x_s_reg[3]_replica/R (clocked by sys_clk_pin). Large setup violations at the end of those stages might be difficult to fix during the post-placement implementation flow and could be the result of non-optimal XDC constraints or non-optimal design architecture
Related violations: <none>

TIMING-16#589 Warning
Large setup violation  
There is a large setup violation of -2.619 ns between Inst_md_io/Inst_VGA/rand_x_unit/rnd_val_reg[0]/C (clocked by sys_clk_pin) and Inst_md_io/Inst_VGA/fruit_x_s_reg[0]/R (clocked by sys_clk_pin). Large setup violations at the end of those stages might be difficult to fix during the post-placement implementation flow and could be the result of non-optimal XDC constraints or non-optimal design architecture
Related violations: <none>

TIMING-16#590 Warning
Large setup violation  
There is a large setup violation of -2.619 ns between Inst_md_io/Inst_VGA/rand_x_unit/rnd_val_reg[0]/C (clocked by sys_clk_pin) and Inst_md_io/Inst_VGA/fruit_x_s_reg[0]_replica/R (clocked by sys_clk_pin). Large setup violations at the end of those stages might be difficult to fix during the post-placement implementation flow and could be the result of non-optimal XDC constraints or non-optimal design architecture
Related violations: <none>

TIMING-16#591 Warning
Large setup violation  
There is a large setup violation of -2.619 ns between Inst_md_io/Inst_VGA/rand_x_unit/rnd_val_reg[0]/C (clocked by sys_clk_pin) and Inst_md_io/Inst_VGA/fruit_x_s_reg[2]/S (clocked by sys_clk_pin). Large setup violations at the end of those stages might be difficult to fix during the post-placement implementation flow and could be the result of non-optimal XDC constraints or non-optimal design architecture
Related violations: <none>

TIMING-16#592 Warning
Large setup violation  
There is a large setup violation of -2.619 ns between Inst_md_io/Inst_VGA/rand_x_unit/rnd_val_reg[0]/C (clocked by sys_clk_pin) and Inst_md_io/Inst_VGA/fruit_x_s_reg[2]_replica/S (clocked by sys_clk_pin). Large setup violations at the end of those stages might be difficult to fix during the post-placement implementation flow and could be the result of non-optimal XDC constraints or non-optimal design architecture
Related violations: <none>

TIMING-16#593 Warning
Large setup violation  
There is a large setup violation of -2.631 ns between Inst_md_io/Inst_VGA/rand_x_unit/rnd_val_reg[0]/C (clocked by sys_clk_pin) and Inst_md_io/Inst_VGA/fruit_y_s_reg[2]/CE (clocked by sys_clk_pin). Large setup violations at the end of those stages might be difficult to fix during the post-placement implementation flow and could be the result of non-optimal XDC constraints or non-optimal design architecture
Related violations: <none>

TIMING-16#594 Warning
Large setup violation  
There is a large setup violation of -2.639 ns between Inst_md_io/Inst_VGA/rand_x_unit/rnd_val_reg[0]/C (clocked by sys_clk_pin) and Inst_md_io/Inst_VGA/fruit_y_s_reg[5]/R (clocked by sys_clk_pin). Large setup violations at the end of those stages might be difficult to fix during the post-placement implementation flow and could be the result of non-optimal XDC constraints or non-optimal design architecture
Related violations: <none>

TIMING-16#595 Warning
Large setup violation  
There is a large setup violation of -2.642 ns between Inst_md_io/Inst_VGA/rand_x_unit/rnd_val_reg[0]/C (clocked by sys_clk_pin) and Inst_md_io/Inst_VGA/fruit_y_s_reg[0]_replica/CE (clocked by sys_clk_pin). Large setup violations at the end of those stages might be difficult to fix during the post-placement implementation flow and could be the result of non-optimal XDC constraints or non-optimal design architecture
Related violations: <none>

TIMING-16#596 Warning
Large setup violation  
There is a large setup violation of -2.648 ns between Inst_md_io/Inst_VGA/rand_x_unit/rnd_val_reg[0]/C (clocked by sys_clk_pin) and Inst_md_io/Inst_VGA/fruit_y_s_reg[2]/R (clocked by sys_clk_pin). Large setup violations at the end of those stages might be difficult to fix during the post-placement implementation flow and could be the result of non-optimal XDC constraints or non-optimal design architecture
Related violations: <none>

TIMING-16#597 Warning
Large setup violation  
There is a large setup violation of -2.656 ns between Inst_md_io/head_y_reg[0]/C (clocked by clk50mhz_clk_wiz_1) and Inst_md_io/Inst_VGA/rand_y_unit/counter_reg[7]/D (clocked by sys_clk_pin). Large setup violations at the end of those stages might be difficult to fix during the post-placement implementation flow and could be the result of non-optimal XDC constraints or non-optimal design architecture
Related violations: <none>

TIMING-16#598 Warning
Large setup violation  
There is a large setup violation of -2.691 ns between Inst_md_io/Inst_VGA/rand_x_unit/rnd_val_reg[0]/C (clocked by sys_clk_pin) and Inst_md_io/Inst_VGA/fruit_y_s_reg[0]_replica/R (clocked by sys_clk_pin). Large setup violations at the end of those stages might be difficult to fix during the post-placement implementation flow and could be the result of non-optimal XDC constraints or non-optimal design architecture
Related violations: <none>

TIMING-16#599 Warning
Large setup violation  
There is a large setup violation of -2.697 ns between Inst_md_io/Inst_VGA/rand_x_unit/rnd_val_reg[0]/C (clocked by sys_clk_pin) and Inst_md_io/Inst_VGA/fruit_x_s_reg[5]/R (clocked by sys_clk_pin). Large setup violations at the end of those stages might be difficult to fix during the post-placement implementation flow and could be the result of non-optimal XDC constraints or non-optimal design architecture
Related violations: <none>

TIMING-16#600 Warning
Large setup violation  
There is a large setup violation of -2.697 ns between Inst_md_io/Inst_VGA/rand_x_unit/rnd_val_reg[0]/C (clocked by sys_clk_pin) and Inst_md_io/Inst_VGA/fruit_y_s_reg[1]/S (clocked by sys_clk_pin). Large setup violations at the end of those stages might be difficult to fix during the post-placement implementation flow and could be the result of non-optimal XDC constraints or non-optimal design architecture
Related violations: <none>

TIMING-16#601 Warning
Large setup violation  
There is a large setup violation of -2.762 ns between Inst_md_io/Inst_VGA/rand_x_unit/rnd_val_reg[0]/C (clocked by sys_clk_pin) and Inst_md_io/Inst_VGA/fruta_generada_reg/D (clocked by sys_clk_pin). Large setup violations at the end of those stages might be difficult to fix during the post-placement implementation flow and could be the result of non-optimal XDC constraints or non-optimal design architecture
Related violations: <none>

TIMING-16#602 Warning
Large setup violation  
There is a large setup violation of -2.869 ns between Inst_md_io/head_y_reg[0]/C (clocked by clk50mhz_clk_wiz_1) and Inst_md_io/Inst_VGA/rand_y_unit/counter_reg[12]/D (clocked by sys_clk_pin). Large setup violations at the end of those stages might be difficult to fix during the post-placement implementation flow and could be the result of non-optimal XDC constraints or non-optimal design architecture
Related violations: <none>

TIMING-16#603 Warning
Large setup violation  
There is a large setup violation of -2.903 ns between Inst_md_io/head_y_reg[0]/C (clocked by clk50mhz_clk_wiz_1) and Inst_md_io/Inst_VGA/rand_y_unit/counter_reg[8]/D (clocked by sys_clk_pin). Large setup violations at the end of those stages might be difficult to fix during the post-placement implementation flow and could be the result of non-optimal XDC constraints or non-optimal design architecture
Related violations: <none>

TIMING-16#604 Warning
Large setup violation  
There is a large setup violation of -2.955 ns between Inst_md_io/head_y_reg[0]/C (clocked by clk50mhz_clk_wiz_1) and Inst_md_io/Inst_VGA/rand_y_unit/counter_reg[8]_replica_1/D (clocked by sys_clk_pin). Large setup violations at the end of those stages might be difficult to fix during the post-placement implementation flow and could be the result of non-optimal XDC constraints or non-optimal design architecture
Related violations: <none>

TIMING-16#605 Warning
Large setup violation  
There is a large setup violation of -2.985 ns between Inst_md_io/head_y_reg[0]/C (clocked by clk50mhz_clk_wiz_1) and Inst_md_io/Inst_VGA/rand_y_unit/counter_reg[10]/D (clocked by sys_clk_pin). Large setup violations at the end of those stages might be difficult to fix during the post-placement implementation flow and could be the result of non-optimal XDC constraints or non-optimal design architecture
Related violations: <none>

TIMING-16#606 Warning
Large setup violation  
There is a large setup violation of -2.991 ns between Inst_md_io/head_y_reg[0]/C (clocked by clk50mhz_clk_wiz_1) and Inst_md_io/Inst_VGA/rand_y_unit/counter_reg[15]/D (clocked by sys_clk_pin). Large setup violations at the end of those stages might be difficult to fix during the post-placement implementation flow and could be the result of non-optimal XDC constraints or non-optimal design architecture
Related violations: <none>

TIMING-16#607 Warning
Large setup violation  
There is a large setup violation of -2.993 ns between Inst_md_io/head_y_reg[0]/C (clocked by clk50mhz_clk_wiz_1) and Inst_md_io/Inst_VGA/rand_y_unit/counter_reg[10]_replica/D (clocked by sys_clk_pin). Large setup violations at the end of those stages might be difficult to fix during the post-placement implementation flow and could be the result of non-optimal XDC constraints or non-optimal design architecture
Related violations: <none>

TIMING-16#608 Warning
Large setup violation  
There is a large setup violation of -2.995 ns between Inst_md_io/head_y_reg[0]/C (clocked by clk50mhz_clk_wiz_1) and Inst_md_io/Inst_VGA/rand_y_unit/counter_reg[12]_replica/D (clocked by sys_clk_pin). Large setup violations at the end of those stages might be difficult to fix during the post-placement implementation flow and could be the result of non-optimal XDC constraints or non-optimal design architecture
Related violations: <none>

TIMING-16#609 Warning
Large setup violation  
There is a large setup violation of -3.070 ns between Inst_md_io/head_y_reg[0]/C (clocked by clk50mhz_clk_wiz_1) and Inst_md_io/Inst_VGA/rand_y_unit/counter_reg[8]_replica/D (clocked by sys_clk_pin). Large setup violations at the end of those stages might be difficult to fix during the post-placement implementation flow and could be the result of non-optimal XDC constraints or non-optimal design architecture
Related violations: <none>

TIMING-16#610 Warning
Large setup violation  
There is a large setup violation of -3.072 ns between Inst_md_io/head_y_reg[0]/C (clocked by clk50mhz_clk_wiz_1) and Inst_md_io/Inst_VGA/rand_y_unit/counter_reg[11]/D (clocked by sys_clk_pin). Large setup violations at the end of those stages might be difficult to fix during the post-placement implementation flow and could be the result of non-optimal XDC constraints or non-optimal design architecture
Related violations: <none>

TIMING-16#611 Warning
Large setup violation  
There is a large setup violation of -3.088 ns between Inst_md_io/head_y_reg[0]/C (clocked by clk50mhz_clk_wiz_1) and Inst_md_io/Inst_VGA/rand_y_unit/counter_reg[10]_replica_1/D (clocked by sys_clk_pin). Large setup violations at the end of those stages might be difficult to fix during the post-placement implementation flow and could be the result of non-optimal XDC constraints or non-optimal design architecture
Related violations: <none>

TIMING-16#612 Warning
Large setup violation  
There is a large setup violation of -3.197 ns between Inst_md_io/head_y_reg[0]/C (clocked by clk50mhz_clk_wiz_1) and Inst_md_io/Inst_VGA/rand_y_unit/counter_reg[12]_replica_1/D (clocked by sys_clk_pin). Large setup violations at the end of those stages might be difficult to fix during the post-placement implementation flow and could be the result of non-optimal XDC constraints or non-optimal design architecture
Related violations: <none>

TIMING-16#613 Warning
Large setup violation  
There is a large setup violation of -3.281 ns between Inst_md_io/Inst_VGA/rand_y_unit/counter_reg[9]/C (clocked by sys_clk_pin) and Inst_md_io/Inst_VGA/rand_y_unit/rnd_val_reg[5]/D (clocked by sys_clk_pin). Large setup violations at the end of those stages might be difficult to fix during the post-placement implementation flow and could be the result of non-optimal XDC constraints or non-optimal design architecture
Related violations: <none>

TIMING-16#614 Warning
Large setup violation  
There is a large setup violation of -3.334 ns between Inst_md_io/head_y_reg[0]/C (clocked by clk50mhz_clk_wiz_1) and Inst_md_io/Inst_VGA/rand_y_unit/counter_reg[9]/D (clocked by sys_clk_pin). Large setup violations at the end of those stages might be difficult to fix during the post-placement implementation flow and could be the result of non-optimal XDC constraints or non-optimal design architecture
Related violations: <none>

TIMING-16#615 Warning
Large setup violation  
There is a large setup violation of -3.390 ns between Inst_md_io/Inst_VGA/rand_y_unit/counter_reg[9]/C (clocked by sys_clk_pin) and Inst_md_io/Inst_VGA/rand_y_unit/rnd_val_reg[4]/D (clocked by sys_clk_pin). Large setup violations at the end of those stages might be difficult to fix during the post-placement implementation flow and could be the result of non-optimal XDC constraints or non-optimal design architecture
Related violations: <none>

TIMING-18#1 Warning
Missing input or output delay  
An output delay is missing on hsync relative to the rising and/or falling clock edge(s) of sys_clk_pin.
Related violations: <none>

TIMING-18#2 Warning
Missing input or output delay  
An output delay is missing on rgb[0] relative to the rising and/or falling clock edge(s) of sys_clk_pin.
Related violations: <none>

TIMING-18#3 Warning
Missing input or output delay  
An output delay is missing on rgb[10] relative to the rising and/or falling clock edge(s) of sys_clk_pin.
Related violations: <none>

TIMING-18#4 Warning
Missing input or output delay  
An output delay is missing on rgb[11] relative to the rising and/or falling clock edge(s) of sys_clk_pin.
Related violations: <none>

TIMING-18#5 Warning
Missing input or output delay  
An output delay is missing on rgb[12] relative to the rising and/or falling clock edge(s) of sys_clk_pin.
Related violations: <none>

TIMING-18#6 Warning
Missing input or output delay  
An output delay is missing on rgb[13] relative to the rising and/or falling clock edge(s) of sys_clk_pin.
Related violations: <none>

TIMING-18#7 Warning
Missing input or output delay  
An output delay is missing on rgb[14] relative to the rising and/or falling clock edge(s) of sys_clk_pin.
Related violations: <none>

TIMING-18#8 Warning
Missing input or output delay  
An output delay is missing on rgb[15] relative to the rising and/or falling clock edge(s) of sys_clk_pin.
Related violations: <none>

TIMING-18#9 Warning
Missing input or output delay  
An output delay is missing on rgb[1] relative to the rising and/or falling clock edge(s) of sys_clk_pin.
Related violations: <none>

TIMING-18#10 Warning
Missing input or output delay  
An output delay is missing on rgb[2] relative to the rising and/or falling clock edge(s) of sys_clk_pin.
Related violations: <none>

TIMING-18#11 Warning
Missing input or output delay  
An output delay is missing on rgb[3] relative to the rising and/or falling clock edge(s) of sys_clk_pin.
Related violations: <none>

TIMING-18#12 Warning
Missing input or output delay  
An output delay is missing on rgb[4] relative to the rising and/or falling clock edge(s) of sys_clk_pin.
Related violations: <none>

TIMING-18#13 Warning
Missing input or output delay  
An output delay is missing on rgb[5] relative to the rising and/or falling clock edge(s) of sys_clk_pin.
Related violations: <none>

TIMING-18#14 Warning
Missing input or output delay  
An output delay is missing on rgb[6] relative to the rising and/or falling clock edge(s) of sys_clk_pin.
Related violations: <none>

TIMING-18#15 Warning
Missing input or output delay  
An output delay is missing on rgb[7] relative to the rising and/or falling clock edge(s) of sys_clk_pin.
Related violations: <none>

TIMING-18#16 Warning
Missing input or output delay  
An output delay is missing on rgb[8] relative to the rising and/or falling clock edge(s) of sys_clk_pin.
Related violations: <none>

TIMING-18#17 Warning
Missing input or output delay  
An output delay is missing on rgb[9] relative to the rising and/or falling clock edge(s) of sys_clk_pin.
Related violations: <none>

TIMING-18#18 Warning
Missing input or output delay  
An output delay is missing on vsync relative to the rising and/or falling clock edge(s) of sys_clk_pin.
Related violations: <none>


