Copyright 1986-2022 Xilinx, Inc. All Rights Reserved. Copyright 2022-2024 Advanced Micro Devices, Inc. All Rights Reserved.
---------------------------------------------------------------------------------------------------------------------------------------------------------------------------------------------------------
| Tool Version : Vivado v.2024.2 (win64) Build 5239630 Fri Nov 08 22:35:27 MST 2024
| Date         : Thu Jun  5 15:01:04 2025
| Host         : Voghy running 64-bit major release  (build 9200)
| Command      : report_timing_summary -max_paths 10 -report_unconstrained -file mips_timing_summary_routed.rpt -pb mips_timing_summary_routed.pb -rpx mips_timing_summary_routed.rpx -warn_on_violation
| Design       : mips
| Device       : 7z010-clg400
| Speed File   : -1  PRODUCTION 1.12 2019-11-22
| Design State : Routed
---------------------------------------------------------------------------------------------------------------------------------------------------------------------------------------------------------

Timing Summary Report

------------------------------------------------------------------------------------------------
| Timer Settings
| --------------
------------------------------------------------------------------------------------------------

  Enable Multi Corner Analysis               :  Yes
  Enable Pessimism Removal                   :  Yes
  Pessimism Removal Resolution               :  Nearest Common Node
  Enable Input Delay Default Clock           :  No
  Enable Preset / Clear Arcs                 :  No
  Disable Flight Delays                      :  No
  Ignore I/O Paths                           :  No
  Timing Early Launch at Borrowing Latches   :  No
  Borrow Time for Max Delay Exceptions       :  Yes
  Merge Timing Exceptions                    :  Yes
  Inter-SLR Compensation                     :  Conservative

  Corner  Analyze    Analyze    
  Name    Max Paths  Min Paths  
  ------  ---------  ---------  
  Slow    Yes        Yes        
  Fast    Yes        Yes        


------------------------------------------------------------------------------------------------
| Report Methodology
| ------------------
------------------------------------------------------------------------------------------------

Rule       Severity          Description                                                Violations  
---------  ----------------  ---------------------------------------------------------  ----------  
TIMING-4   Critical Warning  Invalid primary clock redefinition on a clock tree         1           
TIMING-6   Critical Warning  No common primary clock between related clocks             2           
TIMING-7   Critical Warning  No common node between related clocks                      2           
TIMING-27  Critical Warning  Invalid primary clock on hierarchical pin                  1           
LUTAR-1    Warning           LUT drives async reset alert                               1           
SYNTH-5    Warning           Mapped onto distributed RAM because of timing constraints  128         
TIMING-16  Warning           Large setup violation                                      615         
TIMING-18  Warning           Missing input or output delay                              18          

Note: This report is based on the most recent report_methodology run and may not be up-to-date. Run report_methodology on the current design for the latest report.



check_timing report

Table of Contents
-----------------
1. checking no_clock (0)
2. checking constant_clock (0)
3. checking pulse_width_clock (0)
4. checking unconstrained_internal_endpoints (0)
5. checking no_input_delay (11)
6. checking no_output_delay (23)
7. checking multiple_clock (0)
8. checking generated_clocks (0)
9. checking loops (0)
10. checking partial_input_delay (0)
11. checking partial_output_delay (0)
12. checking latch_loops (0)

1. checking no_clock (0)
------------------------
 There are 0 register/latch pins with no clock.


2. checking constant_clock (0)
------------------------------
 There are 0 register/latch pins with constant_clock.


3. checking pulse_width_clock (0)
---------------------------------
 There are 0 register/latch pins which need pulse_width check


4. checking unconstrained_internal_endpoints (0)
------------------------------------------------
 There are 0 pins that are not constrained for maximum delay.

 There are 0 pins that are not constrained for maximum delay due to constant clock.


5. checking no_input_delay (11)
-------------------------------
 There are 11 input ports with no input delay specified. (HIGH)

 There are 0 input ports with no input delay but user has a false path constraint.


6. checking no_output_delay (23)
--------------------------------
 There are 23 ports with no output delay specified. (HIGH)

 There are 0 ports with no output delay but user has a false path constraint

 There are 0 ports with no output delay but with a timing clock defined on it or propagating through it


7. checking multiple_clock (0)
------------------------------
 There are 0 register/latch pins with multiple clocks.


8. checking generated_clocks (0)
--------------------------------
 There are 0 generated clocks that are not connected to a clock source.


9. checking loops (0)
---------------------
 There are 0 combinational loops in the design.


10. checking partial_input_delay (0)
------------------------------------
 There are 0 input ports with partial input delay specified.


11. checking partial_output_delay (0)
-------------------------------------
 There are 0 ports with partial output delay specified.


12. checking latch_loops (0)
----------------------------
 There are 0 combinational latch loops in the design through latch input



------------------------------------------------------------------------------------------------
| Design Timing Summary
| ---------------------
------------------------------------------------------------------------------------------------

    WNS(ns)      TNS(ns)  TNS Failing Endpoints  TNS Total Endpoints      WHS(ns)      THS(ns)  THS Failing Endpoints  THS Total Endpoints     WPWS(ns)     TPWS(ns)  TPWS Failing Endpoints  TPWS Total Endpoints  
    -------      -------  ---------------------  -------------------      -------      -------  ---------------------  -------------------     --------     --------  ----------------------  --------------------  
     -3.390    -1401.164                   1513                 9007        0.025        0.000                      0                 9007        2.000        0.000                       0                  1887  


Timing constraints are not met.


------------------------------------------------------------------------------------------------
| Clock Summary
| -------------
------------------------------------------------------------------------------------------------

Clock                  Waveform(ns)         Period(ns)      Frequency(MHz)
-----                  ------------         ----------      --------------
inst_divisor/inst/clk  {0.000 4.000}        8.000           125.000         
  clk50mhz_clk_wiz_1   {0.000 10.000}       20.000          50.000          
  clkfbout_clk_wiz_1   {0.000 4.000}        8.000           125.000         
sys_clk_pin            {0.000 4.000}        8.000           125.000         


------------------------------------------------------------------------------------------------
| Intra Clock Table
| -----------------
------------------------------------------------------------------------------------------------

Clock                      WNS(ns)      TNS(ns)  TNS Failing Endpoints  TNS Total Endpoints      WHS(ns)      THS(ns)  THS Failing Endpoints  THS Total Endpoints     WPWS(ns)     TPWS(ns)  TPWS Failing Endpoints  TPWS Total Endpoints  
-----                      -------      -------  ---------------------  -------------------      -------      -------  ---------------------  -------------------     --------     --------  ----------------------  --------------------  
inst_divisor/inst/clk                                                                                                                                                    2.000        0.000                       0                     1  
  clk50mhz_clk_wiz_1        -0.118       -0.201                      2                 6389        0.052        0.000                      0                 6389        8.750        0.000                       0                   924  
  clkfbout_clk_wiz_1                                                                                                                                                     5.845        0.000                       0                     3  
sys_clk_pin                 -3.390     -872.956                   1129                 2604        0.098        0.000                      0                 2604        3.500        0.000                       0                   959  


------------------------------------------------------------------------------------------------
| Inter Clock Table
| -----------------
------------------------------------------------------------------------------------------------

From Clock          To Clock                WNS(ns)      TNS(ns)  TNS Failing Endpoints  TNS Total Endpoints      WHS(ns)      THS(ns)  THS Failing Endpoints  THS Total Endpoints  
----------          --------                -------      -------  ---------------------  -------------------      -------      -------  ---------------------  -------------------  
sys_clk_pin         clk50mhz_clk_wiz_1       -2.128      -47.288                     24                   24        0.736        0.000                      0                   24  
clk50mhz_clk_wiz_1  sys_clk_pin              -3.334    -1323.372                   1436                 1766        0.025        0.000                      0                 1766  


------------------------------------------------------------------------------------------------
| Other Path Groups Table
| -----------------------
------------------------------------------------------------------------------------------------

Path Group    From Clock    To Clock          WNS(ns)      TNS(ns)  TNS Failing Endpoints  TNS Total Endpoints      WHS(ns)      THS(ns)  THS Failing Endpoints  THS Total Endpoints  
----------    ----------    --------          -------      -------  ---------------------  -------------------      -------      -------  ---------------------  -------------------  


------------------------------------------------------------------------------------------------
| User Ignored Path Table
| -----------------------
------------------------------------------------------------------------------------------------

Path Group    From Clock    To Clock    
----------    ----------    --------    


------------------------------------------------------------------------------------------------
| Unconstrained Path Table
| ------------------------
------------------------------------------------------------------------------------------------

Path Group          From Clock          To Clock          
----------          ----------          --------          
(none)              clk50mhz_clk_wiz_1                      
(none)              clkfbout_clk_wiz_1                      
(none)              sys_clk_pin                             
(none)                                  clk50mhz_clk_wiz_1  


------------------------------------------------------------------------------------------------
| Timing Details
| --------------
------------------------------------------------------------------------------------------------


---------------------------------------------------------------------------------------------------
From Clock:  inst_divisor/inst/clk
  To Clock:  inst_divisor/inst/clk

Setup :           NA  Failing Endpoints,  Worst Slack           NA  ,  Total Violation           NA
Hold  :           NA  Failing Endpoints,  Worst Slack           NA  ,  Total Violation           NA
PW    :            0  Failing Endpoints,  Worst Slack        2.000ns,  Total Violation        0.000ns
---------------------------------------------------------------------------------------------------


Pulse Width Checks
--------------------------------------------------------------------------------------
Clock Name:         inst_divisor/inst/clk
Waveform(ns):       { 0.000 4.000 }
Period(ns):         8.000
Sources:            { inst_divisor/inst/clk }

Check Type        Corner  Lib Pin            Reference Pin  Required(ns)  Actual(ns)  Slack(ns)  Location         Pin
Min Period        n/a     MMCME2_ADV/CLKIN1  n/a            1.249         8.000       6.751      MMCME2_ADV_X0Y0  inst_divisor/inst/mmcm_adv_inst/CLKIN1
Max Period        n/a     MMCME2_ADV/CLKIN1  n/a            100.000       8.000       92.000     MMCME2_ADV_X0Y0  inst_divisor/inst/mmcm_adv_inst/CLKIN1
Low Pulse Width   Slow    MMCME2_ADV/CLKIN1  n/a            2.000         4.000       2.000      MMCME2_ADV_X0Y0  inst_divisor/inst/mmcm_adv_inst/CLKIN1
Low Pulse Width   Fast    MMCME2_ADV/CLKIN1  n/a            2.000         4.000       2.000      MMCME2_ADV_X0Y0  inst_divisor/inst/mmcm_adv_inst/CLKIN1
High Pulse Width  Slow    MMCME2_ADV/CLKIN1  n/a            2.000         4.000       2.000      MMCME2_ADV_X0Y0  inst_divisor/inst/mmcm_adv_inst/CLKIN1
High Pulse Width  Fast    MMCME2_ADV/CLKIN1  n/a            2.000         4.000       2.000      MMCME2_ADV_X0Y0  inst_divisor/inst/mmcm_adv_inst/CLKIN1



---------------------------------------------------------------------------------------------------
From Clock:  clk50mhz_clk_wiz_1
  To Clock:  clk50mhz_clk_wiz_1

Setup :            2  Failing Endpoints,  Worst Slack       -0.118ns,  Total Violation       -0.201ns
Hold  :            0  Failing Endpoints,  Worst Slack        0.052ns,  Total Violation        0.000ns
PW    :            0  Failing Endpoints,  Worst Slack        8.750ns,  Total Violation        0.000ns
---------------------------------------------------------------------------------------------------


Max Delay Paths
--------------------------------------------------------------------------------------
Slack (VIOLATED) :        -0.118ns  (required time - arrival time)
  Source:                 Inst_pc/s_reg[2]_rep/C
                            (rising edge-triggered cell FDRE clocked by clk50mhz_clk_wiz_1  {rise@0.000ns fall@10.000ns period=20.000ns})
  Destination:            Inst_md_io/head_x_reg[5]/R
                            (rising edge-triggered cell FDRE clocked by clk50mhz_clk_wiz_1  {rise@0.000ns fall@10.000ns period=20.000ns})
  Path Group:             clk50mhz_clk_wiz_1
  Path Type:              Setup (Max at Slow Process Corner)
  Requirement:            20.000ns  (clk50mhz_clk_wiz_1 rise@20.000ns - clk50mhz_clk_wiz_1 rise@0.000ns)
  Data Path Delay:        19.146ns  (logic 3.413ns (17.826%)  route 15.733ns (82.174%))
  Logic Levels:           16  (LUT2=1 LUT4=2 LUT5=4 LUT6=7 MUXF7=1 RAMD64E=1)
  Clock Path Skew:        -0.166ns (DCD - SCD + CPR)
    Destination Clock Delay (DCD):    1.489ns = ( 21.489 - 20.000 ) 
    Source Clock Delay      (SCD):    1.659ns
    Clock Pessimism Removal (CPR):    0.004ns
  Clock Uncertainty:      0.080ns  ((TSJ^2 + DJ^2)^1/2) / 2 + PE
    Total System Jitter     (TSJ):    0.071ns
    Discrete Jitter          (DJ):    0.144ns
    Phase Error              (PE):    0.000ns

    Location             Delay type                Incr(ns)  Path(ns)    Netlist Resource(s)
  -------------------------------------------------------------------    -------------------
                         (clock clk50mhz_clk_wiz_1 rise edge)
                                                      0.000     0.000 r  
    BUFGCTRL_X0Y16       BUFG                         0.000     0.000 r  clk_IBUF_BUFG_inst/O
                         net (fo=959, routed)         1.680     1.680    inst_divisor/inst/clk
    MMCME2_ADV_X0Y0      MMCME2_ADV (Prop_mmcme2_adv_CLKIN1_CLKOUT0)
                                                     -3.538    -1.858 r  inst_divisor/inst/mmcm_adv_inst/CLKOUT0
                         net (fo=1, routed)           1.760    -0.098    inst_divisor/inst/clk50mhz_clk_wiz_1
    BUFGCTRL_X0Y0        BUFG (Prop_bufg_I_O)         0.101     0.003 r  inst_divisor/inst/clkout1_buf/O
                         net (fo=922, routed)         1.656     1.659    Inst_pc/clk50mhz
    SLICE_X23Y60         FDRE                                         r  Inst_pc/s_reg[2]_rep/C
  -------------------------------------------------------------------    -------------------
    SLICE_X23Y60         FDRE (Prop_fdre_C_Q)         0.456     2.115 r  Inst_pc/s_reg[2]_rep/Q
                         net (fo=70, routed)          1.624     3.739    Inst_mi/mi_reg_256_383_31_31/DPRA0
    SLICE_X34Y59         RAMD64E (Prop_ramd64e_RADR0_O)
                                                      0.124     3.863 r  Inst_mi/mi_reg_256_383_31_31/DP.HIGH/O
                         net (fo=1, routed)           0.000     3.863    Inst_mi/mi_reg_256_383_31_31/DPO1
    SLICE_X34Y59         MUXF7 (Prop_muxf7_I1_O)      0.214     4.077 r  Inst_mi/mi_reg_256_383_31_31/F7.DP/O
                         net (fo=1, routed)           1.013     5.091    Inst_mi/mi_reg_256_383_31_31_n_0
    SLICE_X27Y58         LUT6 (Prop_lut6_I1_O)        0.297     5.388 r  Inst_mi/sal0_i_22/O
                         net (fo=6, routed)           0.812     6.199    Inst_mi/instruccion[31]
    SLICE_X26Y55         LUT2 (Prop_lut2_I1_O)        0.150     6.349 f  Inst_mi/sal0_i_8/O
                         net (fo=11, routed)          0.720     7.069    Inst_mi/sal0_i_8_n_0
    SLICE_X23Y54         LUT6 (Prop_lut6_I1_O)        0.326     7.395 f  Inst_mi/suma_carry_i_20/O
                         net (fo=8, routed)           0.710     8.105    Inst_mi/aluop[0]
    SLICE_X21Y50         LUT6 (Prop_lut6_I3_O)        0.124     8.229 r  Inst_mi/suma_carry_i_33/O
                         net (fo=1, routed)           0.793     9.022    Inst_mi/suma_carry_i_33_n_0
    SLICE_X19Y50         LUT4 (Prop_lut4_I0_O)        0.124     9.146 r  Inst_mi/suma_carry_i_25/O
                         net (fo=12, routed)          1.419    10.564    Inst_mi/alu_cntl[1]
    SLICE_X13Y49         LUT6 (Prop_lut6_I1_O)        0.124    10.688 r  Inst_mi/sal0_i_44/O
                         net (fo=112, routed)         1.120    11.808    Inst_mi/sal0_i_44_n_0
    SLICE_X6Y52          LUT5 (Prop_lut5_I3_O)        0.150    11.958 r  Inst_mi/reg_reg_r1_0_31_18_23_i_91/O
                         net (fo=4, routed)           0.927    12.885    Inst_mi/reg_reg_r1_0_31_18_23_i_91_n_0
    SLICE_X5Y52          LUT6 (Prop_lut6_I1_O)        0.328    13.213 r  Inst_mi/reg_reg_r1_0_31_18_23_i_79/O
                         net (fo=2, routed)           1.022    14.235    Inst_mi/reg_reg_r1_0_31_18_23_i_79_n_0
    SLICE_X7Y54          LUT6 (Prop_lut6_I3_O)        0.124    14.359 r  Inst_mi/reg_reg_r1_0_31_24_29_i_36/O
                         net (fo=1, routed)           0.567    14.927    Inst_mi/reg_reg_r1_0_31_24_29_i_36_n_0
    SLICE_X9Y54          LUT5 (Prop_lut5_I2_O)        0.124    15.051 r  Inst_mi/reg_reg_r1_0_31_24_29_i_29/O
                         net (fo=4, routed)           1.175    16.225    Inst_mi/sal0_i_29_0[22]
    SLICE_X10Y56         LUT4 (Prop_lut4_I2_O)        0.146    16.371 f  Inst_mi/salida[3]_i_13/O
                         net (fo=1, routed)           0.957    17.328    Inst_mi/salida[3]_i_13_n_0
    SLICE_X11Y59         LUT6 (Prop_lut6_I0_O)        0.328    17.656 f  Inst_mi/salida[3]_i_5/O
                         net (fo=10, routed)          0.755    18.411    Inst_mi/salida[3]_i_5_n_0
    SLICE_X14Y62         LUT5 (Prop_lut5_I2_O)        0.124    18.535 r  Inst_mi/cola_len_reg[7]_i_4/O
                         net (fo=4, routed)           0.746    19.281    Inst_mi/cola_len_reg[7]_i_4_n_0
    SLICE_X13Y64         LUT5 (Prop_lut5_I3_O)        0.150    19.431 r  Inst_mi/head_x[5]_i_1/O
                         net (fo=6, routed)           1.373    20.805    Inst_md_io/head_x_reg[5]_0
    SLICE_X20Y88         FDRE                                         r  Inst_md_io/head_x_reg[5]/R
  -------------------------------------------------------------------    -------------------

                         (clock clk50mhz_clk_wiz_1 rise edge)
                                                     20.000    20.000 r  
    BUFGCTRL_X0Y16       BUFG                         0.000    20.000 r  clk_IBUF_BUFG_inst/O
                         net (fo=959, routed)         1.490    21.490    inst_divisor/inst/clk
    MMCME2_ADV_X0Y0      MMCME2_ADV (Prop_mmcme2_adv_CLKIN1_CLKOUT0)
                                                     -3.177    18.313 r  inst_divisor/inst/mmcm_adv_inst/CLKOUT0
                         net (fo=1, routed)           1.599    19.912    inst_divisor/inst/clk50mhz_clk_wiz_1
    BUFGCTRL_X0Y0        BUFG (Prop_bufg_I_O)         0.091    20.003 r  inst_divisor/inst/clkout1_buf/O
                         net (fo=922, routed)         1.486    21.489    Inst_md_io/clk50mhz
    SLICE_X20Y88         FDRE                                         r  Inst_md_io/head_x_reg[5]/C
                         clock pessimism              0.004    21.493    
                         clock uncertainty           -0.080    21.413    
    SLICE_X20Y88         FDRE (Setup_fdre_C_R)       -0.726    20.687    Inst_md_io/head_x_reg[5]
  -------------------------------------------------------------------
                         required time                         20.687    
                         arrival time                         -20.805    
  -------------------------------------------------------------------
                         slack                                 -0.118    

Slack (VIOLATED) :        -0.083ns  (required time - arrival time)
  Source:                 Inst_pc/s_reg[2]_rep/C
                            (rising edge-triggered cell FDRE clocked by clk50mhz_clk_wiz_1  {rise@0.000ns fall@10.000ns period=20.000ns})
  Destination:            Inst_md_io/head_x_reg[4]/R
                            (rising edge-triggered cell FDRE clocked by clk50mhz_clk_wiz_1  {rise@0.000ns fall@10.000ns period=20.000ns})
  Path Group:             clk50mhz_clk_wiz_1
  Path Type:              Setup (Max at Slow Process Corner)
  Requirement:            20.000ns  (clk50mhz_clk_wiz_1 rise@20.000ns - clk50mhz_clk_wiz_1 rise@0.000ns)
  Data Path Delay:        19.208ns  (logic 3.413ns (17.769%)  route 15.795ns (82.231%))
  Logic Levels:           16  (LUT2=1 LUT4=2 LUT5=4 LUT6=7 MUXF7=1 RAMD64E=1)
  Clock Path Skew:        -0.164ns (DCD - SCD + CPR)
    Destination Clock Delay (DCD):    1.491ns = ( 21.491 - 20.000 ) 
    Source Clock Delay      (SCD):    1.659ns
    Clock Pessimism Removal (CPR):    0.004ns
  Clock Uncertainty:      0.080ns  ((TSJ^2 + DJ^2)^1/2) / 2 + PE
    Total System Jitter     (TSJ):    0.071ns
    Discrete Jitter          (DJ):    0.144ns
    Phase Error              (PE):    0.000ns

    Location             Delay type                Incr(ns)  Path(ns)    Netlist Resource(s)
  -------------------------------------------------------------------    -------------------
                         (clock clk50mhz_clk_wiz_1 rise edge)
                                                      0.000     0.000 r  
    BUFGCTRL_X0Y16       BUFG                         0.000     0.000 r  clk_IBUF_BUFG_inst/O
                         net (fo=959, routed)         1.680     1.680    inst_divisor/inst/clk
    MMCME2_ADV_X0Y0      MMCME2_ADV (Prop_mmcme2_adv_CLKIN1_CLKOUT0)
                                                     -3.538    -1.858 r  inst_divisor/inst/mmcm_adv_inst/CLKOUT0
                         net (fo=1, routed)           1.760    -0.098    inst_divisor/inst/clk50mhz_clk_wiz_1
    BUFGCTRL_X0Y0        BUFG (Prop_bufg_I_O)         0.101     0.003 r  inst_divisor/inst/clkout1_buf/O
                         net (fo=922, routed)         1.656     1.659    Inst_pc/clk50mhz
    SLICE_X23Y60         FDRE                                         r  Inst_pc/s_reg[2]_rep/C
  -------------------------------------------------------------------    -------------------
    SLICE_X23Y60         FDRE (Prop_fdre_C_Q)         0.456     2.115 r  Inst_pc/s_reg[2]_rep/Q
                         net (fo=70, routed)          1.624     3.739    Inst_mi/mi_reg_256_383_31_31/DPRA0
    SLICE_X34Y59         RAMD64E (Prop_ramd64e_RADR0_O)
                                                      0.124     3.863 r  Inst_mi/mi_reg_256_383_31_31/DP.HIGH/O
                         net (fo=1, routed)           0.000     3.863    Inst_mi/mi_reg_256_383_31_31/DPO1
    SLICE_X34Y59         MUXF7 (Prop_muxf7_I1_O)      0.214     4.077 r  Inst_mi/mi_reg_256_383_31_31/F7.DP/O
                         net (fo=1, routed)           1.013     5.091    Inst_mi/mi_reg_256_383_31_31_n_0
    SLICE_X27Y58         LUT6 (Prop_lut6_I1_O)        0.297     5.388 r  Inst_mi/sal0_i_22/O
                         net (fo=6, routed)           0.812     6.199    Inst_mi/instruccion[31]
    SLICE_X26Y55         LUT2 (Prop_lut2_I1_O)        0.150     6.349 f  Inst_mi/sal0_i_8/O
                         net (fo=11, routed)          0.720     7.069    Inst_mi/sal0_i_8_n_0
    SLICE_X23Y54         LUT6 (Prop_lut6_I1_O)        0.326     7.395 f  Inst_mi/suma_carry_i_20/O
                         net (fo=8, routed)           0.710     8.105    Inst_mi/aluop[0]
    SLICE_X21Y50         LUT6 (Prop_lut6_I3_O)        0.124     8.229 r  Inst_mi/suma_carry_i_33/O
                         net (fo=1, routed)           0.793     9.022    Inst_mi/suma_carry_i_33_n_0
    SLICE_X19Y50         LUT4 (Prop_lut4_I0_O)        0.124     9.146 r  Inst_mi/suma_carry_i_25/O
                         net (fo=12, routed)          1.419    10.564    Inst_mi/alu_cntl[1]
    SLICE_X13Y49         LUT6 (Prop_lut6_I1_O)        0.124    10.688 r  Inst_mi/sal0_i_44/O
                         net (fo=112, routed)         1.120    11.808    Inst_mi/sal0_i_44_n_0
    SLICE_X6Y52          LUT5 (Prop_lut5_I3_O)        0.150    11.958 r  Inst_mi/reg_reg_r1_0_31_18_23_i_91/O
                         net (fo=4, routed)           0.927    12.885    Inst_mi/reg_reg_r1_0_31_18_23_i_91_n_0
    SLICE_X5Y52          LUT6 (Prop_lut6_I1_O)        0.328    13.213 r  Inst_mi/reg_reg_r1_0_31_18_23_i_79/O
                         net (fo=2, routed)           1.022    14.235    Inst_mi/reg_reg_r1_0_31_18_23_i_79_n_0
    SLICE_X7Y54          LUT6 (Prop_lut6_I3_O)        0.124    14.359 r  Inst_mi/reg_reg_r1_0_31_24_29_i_36/O
                         net (fo=1, routed)           0.567    14.927    Inst_mi/reg_reg_r1_0_31_24_29_i_36_n_0
    SLICE_X9Y54          LUT5 (Prop_lut5_I2_O)        0.124    15.051 r  Inst_mi/reg_reg_r1_0_31_24_29_i_29/O
                         net (fo=4, routed)           1.175    16.225    Inst_mi/sal0_i_29_0[22]
    SLICE_X10Y56         LUT4 (Prop_lut4_I2_O)        0.146    16.371 f  Inst_mi/salida[3]_i_13/O
                         net (fo=1, routed)           0.957    17.328    Inst_mi/salida[3]_i_13_n_0
    SLICE_X11Y59         LUT6 (Prop_lut6_I0_O)        0.328    17.656 f  Inst_mi/salida[3]_i_5/O
                         net (fo=10, routed)          0.755    18.411    Inst_mi/salida[3]_i_5_n_0
    SLICE_X14Y62         LUT5 (Prop_lut5_I2_O)        0.124    18.535 r  Inst_mi/cola_len_reg[7]_i_4/O
                         net (fo=4, routed)           0.746    19.281    Inst_mi/cola_len_reg[7]_i_4_n_0
    SLICE_X13Y64         LUT5 (Prop_lut5_I3_O)        0.150    19.431 r  Inst_mi/head_x[5]_i_1/O
                         net (fo=6, routed)           1.435    20.867    Inst_md_io/head_x_reg[5]_0
    SLICE_X18Y89         FDRE                                         r  Inst_md_io/head_x_reg[4]/R
  -------------------------------------------------------------------    -------------------

                         (clock clk50mhz_clk_wiz_1 rise edge)
                                                     20.000    20.000 r  
    BUFGCTRL_X0Y16       BUFG                         0.000    20.000 r  clk_IBUF_BUFG_inst/O
                         net (fo=959, routed)         1.490    21.490    inst_divisor/inst/clk
    MMCME2_ADV_X0Y0      MMCME2_ADV (Prop_mmcme2_adv_CLKIN1_CLKOUT0)
                                                     -3.177    18.313 r  inst_divisor/inst/mmcm_adv_inst/CLKOUT0
                         net (fo=1, routed)           1.599    19.912    inst_divisor/inst/clk50mhz_clk_wiz_1
    BUFGCTRL_X0Y0        BUFG (Prop_bufg_I_O)         0.091    20.003 r  inst_divisor/inst/clkout1_buf/O
                         net (fo=922, routed)         1.488    21.491    Inst_md_io/clk50mhz
    SLICE_X18Y89         FDRE                                         r  Inst_md_io/head_x_reg[4]/C
                         clock pessimism              0.004    21.495    
                         clock uncertainty           -0.080    21.415    
    SLICE_X18Y89         FDRE (Setup_fdre_C_R)       -0.631    20.784    Inst_md_io/head_x_reg[4]
  -------------------------------------------------------------------
                         required time                         20.784    
                         arrival time                         -20.867    
  -------------------------------------------------------------------
                         slack                                 -0.083    

Slack (MET) :             0.047ns  (required time - arrival time)
  Source:                 Inst_pc/s_reg[2]_rep/C
                            (rising edge-triggered cell FDRE clocked by clk50mhz_clk_wiz_1  {rise@0.000ns fall@10.000ns period=20.000ns})
  Destination:            Inst_reg/reg_reg_r1_0_31_6_11/RAMB_D1/I
                            (rising edge-triggered cell RAMD32 clocked by clk50mhz_clk_wiz_1  {rise@0.000ns fall@10.000ns period=20.000ns})
  Path Group:             clk50mhz_clk_wiz_1
  Path Type:              Setup (Max at Slow Process Corner)
  Requirement:            20.000ns  (clk50mhz_clk_wiz_1 rise@20.000ns - clk50mhz_clk_wiz_1 rise@0.000ns)
  Data Path Delay:        19.477ns  (logic 3.773ns (19.372%)  route 15.704ns (80.628%))
  Logic Levels:           17  (LUT2=1 LUT3=1 LUT4=4 LUT5=4 LUT6=5 MUXF7=1 RAMD64E=1)
  Clock Path Skew:        -0.168ns (DCD - SCD + CPR)
    Destination Clock Delay (DCD):    1.487ns = ( 21.487 - 20.000 ) 
    Source Clock Delay      (SCD):    1.659ns
    Clock Pessimism Removal (CPR):    0.004ns
  Clock Uncertainty:      0.080ns  ((TSJ^2 + DJ^2)^1/2) / 2 + PE
    Total System Jitter     (TSJ):    0.071ns
    Discrete Jitter          (DJ):    0.144ns
    Phase Error              (PE):    0.000ns

    Location             Delay type                Incr(ns)  Path(ns)    Netlist Resource(s)
  -------------------------------------------------------------------    -------------------
                         (clock clk50mhz_clk_wiz_1 rise edge)
                                                      0.000     0.000 r  
    BUFGCTRL_X0Y16       BUFG                         0.000     0.000 r  clk_IBUF_BUFG_inst/O
                         net (fo=959, routed)         1.680     1.680    inst_divisor/inst/clk
    MMCME2_ADV_X0Y0      MMCME2_ADV (Prop_mmcme2_adv_CLKIN1_CLKOUT0)
                                                     -3.538    -1.858 r  inst_divisor/inst/mmcm_adv_inst/CLKOUT0
                         net (fo=1, routed)           1.760    -0.098    inst_divisor/inst/clk50mhz_clk_wiz_1
    BUFGCTRL_X0Y0        BUFG (Prop_bufg_I_O)         0.101     0.003 r  inst_divisor/inst/clkout1_buf/O
                         net (fo=922, routed)         1.656     1.659    Inst_pc/clk50mhz
    SLICE_X23Y60         FDRE                                         r  Inst_pc/s_reg[2]_rep/C
  -------------------------------------------------------------------    -------------------
    SLICE_X23Y60         FDRE (Prop_fdre_C_Q)         0.456     2.115 r  Inst_pc/s_reg[2]_rep/Q
                         net (fo=70, routed)          1.624     3.739    Inst_mi/mi_reg_256_383_31_31/DPRA0
    SLICE_X34Y59         RAMD64E (Prop_ramd64e_RADR0_O)
                                                      0.124     3.863 f  Inst_mi/mi_reg_256_383_31_31/DP.HIGH/O
                         net (fo=1, routed)           0.000     3.863    Inst_mi/mi_reg_256_383_31_31/DPO1
    SLICE_X34Y59         MUXF7 (Prop_muxf7_I1_O)      0.214     4.077 f  Inst_mi/mi_reg_256_383_31_31/F7.DP/O
                         net (fo=1, routed)           1.013     5.091    Inst_mi/mi_reg_256_383_31_31_n_0
    SLICE_X27Y58         LUT6 (Prop_lut6_I1_O)        0.297     5.388 f  Inst_mi/sal0_i_22/O
                         net (fo=6, routed)           0.980     6.368    Inst_mi/instruccion[31]
    SLICE_X25Y55         LUT4 (Prop_lut4_I2_O)        0.124     6.492 r  Inst_mi/suma_carry_i_28/O
                         net (fo=1, routed)           0.647     7.138    Inst_mi/suma_carry_i_28_n_0
    SLICE_X23Y55         LUT6 (Prop_lut6_I1_O)        0.124     7.262 r  Inst_mi/suma_carry_i_21/O
                         net (fo=8, routed)           1.099     8.362    Inst_mi/aluop[1]
    SLICE_X19Y50         LUT2 (Prop_lut2_I0_O)        0.152     8.514 r  Inst_mi/suma_carry_i_36/O
                         net (fo=1, routed)           0.548     9.062    Inst_mi/suma_carry_i_36_n_0
    SLICE_X19Y49         LUT6 (Prop_lut6_I2_O)        0.326     9.388 r  Inst_mi/suma_carry_i_26/O
                         net (fo=12, routed)          0.807    10.196    Inst_mi/alu_cntl[0]
    SLICE_X17Y50         LUT4 (Prop_lut4_I2_O)        0.124    10.320 r  Inst_mi/mem11_reg_0_127_0_0_i_91/O
                         net (fo=2, routed)           0.816    11.136    Inst_mi/Inst_alu/shift_amount18_out
    SLICE_X17Y50         LUT5 (Prop_lut5_I1_O)        0.152    11.288 r  Inst_mi/mem11_reg_0_127_0_0_i_48/O
                         net (fo=100, routed)         1.676    12.964    Inst_mi/mem11_reg_0_127_0_0_i_48_n_0
    SLICE_X6Y55          LUT3 (Prop_lut3_I1_O)        0.360    13.324 f  Inst_mi/reg_reg_r1_0_31_24_29_i_44/O
                         net (fo=2, routed)           0.619    13.942    Inst_mi/reg_reg_r1_0_31_24_29_i_44_n_0
    SLICE_X6Y57          LUT4 (Prop_lut4_I0_O)        0.348    14.290 f  Inst_mi/reg_reg_r1_0_31_24_29_i_32/O
                         net (fo=1, routed)           0.898    15.189    Inst_mi/reg_reg_r1_0_31_24_29_i_32_n_0
    SLICE_X10Y55         LUT5 (Prop_lut5_I0_O)        0.124    15.313 f  Inst_mi/reg_reg_r1_0_31_24_29_i_28/O
                         net (fo=4, routed)           1.012    16.325    Inst_mi/sal0_i_29_0[23]
    SLICE_X11Y58         LUT4 (Prop_lut4_I1_O)        0.124    16.449 r  Inst_mi/reg_reg_r1_0_31_6_11_i_41/O
                         net (fo=4, routed)           0.540    16.988    Inst_mi/reg_reg_r1_0_31_6_11_i_41_n_0
    SLICE_X10Y58         LUT5 (Prop_lut5_I1_O)        0.124    17.112 r  Inst_mi/reg_reg_r1_0_31_6_11_i_35/O
                         net (fo=41, routed)          1.335    18.447    Inst_mi/reg_reg_r1_0_31_6_11_i_35_n_0
    SLICE_X11Y64         LUT5 (Prop_lut5_I3_O)        0.150    18.597 r  Inst_mi/reg_reg_r1_0_31_6_11_i_33/O
                         net (fo=7, routed)           1.311    19.908    Inst_mi/salida[3]_i_4_0
    SLICE_X23Y64         LUT6 (Prop_lut6_I0_O)        0.326    20.234 r  Inst_mi/reg_reg_r1_0_31_6_11_i_17/O
                         net (fo=1, routed)           0.151    20.385    Inst_mi/reg_reg_r1_0_31_6_11_i_17_n_0
    SLICE_X23Y64         LUT6 (Prop_lut6_I3_O)        0.124    20.509 r  Inst_mi/reg_reg_r1_0_31_6_11_i_3/O
                         net (fo=2, routed)           0.626    21.136    Inst_reg/reg_reg_r1_0_31_6_11/DIB1
    SLICE_X20Y64         RAMD32                                       r  Inst_reg/reg_reg_r1_0_31_6_11/RAMB_D1/I
  -------------------------------------------------------------------    -------------------

                         (clock clk50mhz_clk_wiz_1 rise edge)
                                                     20.000    20.000 r  
    BUFGCTRL_X0Y16       BUFG                         0.000    20.000 r  clk_IBUF_BUFG_inst/O
                         net (fo=959, routed)         1.490    21.490    inst_divisor/inst/clk
    MMCME2_ADV_X0Y0      MMCME2_ADV (Prop_mmcme2_adv_CLKIN1_CLKOUT0)
                                                     -3.177    18.313 r  inst_divisor/inst/mmcm_adv_inst/CLKOUT0
                         net (fo=1, routed)           1.599    19.912    inst_divisor/inst/clk50mhz_clk_wiz_1
    BUFGCTRL_X0Y0        BUFG (Prop_bufg_I_O)         0.091    20.003 r  inst_divisor/inst/clkout1_buf/O
                         net (fo=922, routed)         1.484    21.487    Inst_reg/reg_reg_r1_0_31_6_11/WCLK
    SLICE_X20Y64         RAMD32                                       r  Inst_reg/reg_reg_r1_0_31_6_11/RAMB_D1/CLK
                         clock pessimism              0.004    21.491    
                         clock uncertainty           -0.080    21.411    
    SLICE_X20Y64         RAMD32 (Setup_ramd32_CLK_I)
                                                     -0.228    21.183    Inst_reg/reg_reg_r1_0_31_6_11/RAMB_D1
  -------------------------------------------------------------------
                         required time                         21.183    
                         arrival time                         -21.136    
  -------------------------------------------------------------------
                         slack                                  0.047    

Slack (MET) :             0.079ns  (required time - arrival time)
  Source:                 Inst_pc/s_reg[2]_rep/C
                            (rising edge-triggered cell FDRE clocked by clk50mhz_clk_wiz_1  {rise@0.000ns fall@10.000ns period=20.000ns})
  Destination:            Inst_reg/reg_reg_r2_0_31_30_31/DP/I
                            (rising edge-triggered cell RAMD32 clocked by clk50mhz_clk_wiz_1  {rise@0.000ns fall@10.000ns period=20.000ns})
  Path Group:             clk50mhz_clk_wiz_1
  Path Type:              Setup (Max at Slow Process Corner)
  Requirement:            20.000ns  (clk50mhz_clk_wiz_1 rise@20.000ns - clk50mhz_clk_wiz_1 rise@0.000ns)
  Data Path Delay:        19.265ns  (logic 4.121ns (21.391%)  route 15.144ns (78.609%))
  Logic Levels:           19  (LUT2=1 LUT3=3 LUT4=2 LUT5=1 LUT6=8 MUXF7=2 RAMD64E=1 RAMS64E=1)
  Clock Path Skew:        -0.168ns (DCD - SCD + CPR)
    Destination Clock Delay (DCD):    1.487ns = ( 21.487 - 20.000 ) 
    Source Clock Delay      (SCD):    1.659ns
    Clock Pessimism Removal (CPR):    0.004ns
  Clock Uncertainty:      0.080ns  ((TSJ^2 + DJ^2)^1/2) / 2 + PE
    Total System Jitter     (TSJ):    0.071ns
    Discrete Jitter          (DJ):    0.144ns
    Phase Error              (PE):    0.000ns

    Location             Delay type                Incr(ns)  Path(ns)    Netlist Resource(s)
  -------------------------------------------------------------------    -------------------
                         (clock clk50mhz_clk_wiz_1 rise edge)
                                                      0.000     0.000 r  
    BUFGCTRL_X0Y16       BUFG                         0.000     0.000 r  clk_IBUF_BUFG_inst/O
                         net (fo=959, routed)         1.680     1.680    inst_divisor/inst/clk
    MMCME2_ADV_X0Y0      MMCME2_ADV (Prop_mmcme2_adv_CLKIN1_CLKOUT0)
                                                     -3.538    -1.858 r  inst_divisor/inst/mmcm_adv_inst/CLKOUT0
                         net (fo=1, routed)           1.760    -0.098    inst_divisor/inst/clk50mhz_clk_wiz_1
    BUFGCTRL_X0Y0        BUFG (Prop_bufg_I_O)         0.101     0.003 r  inst_divisor/inst/clkout1_buf/O
                         net (fo=922, routed)         1.656     1.659    Inst_pc/clk50mhz
    SLICE_X23Y60         FDRE                                         r  Inst_pc/s_reg[2]_rep/C
  -------------------------------------------------------------------    -------------------
    SLICE_X23Y60         FDRE (Prop_fdre_C_Q)         0.456     2.115 r  Inst_pc/s_reg[2]_rep/Q
                         net (fo=70, routed)          1.624     3.739    Inst_mi/mi_reg_256_383_31_31/DPRA0
    SLICE_X34Y59         RAMD64E (Prop_ramd64e_RADR0_O)
                                                      0.124     3.863 r  Inst_mi/mi_reg_256_383_31_31/DP.HIGH/O
                         net (fo=1, routed)           0.000     3.863    Inst_mi/mi_reg_256_383_31_31/DPO1
    SLICE_X34Y59         MUXF7 (Prop_muxf7_I1_O)      0.214     4.077 r  Inst_mi/mi_reg_256_383_31_31/F7.DP/O
                         net (fo=1, routed)           1.013     5.091    Inst_mi/mi_reg_256_383_31_31_n_0
    SLICE_X27Y58         LUT6 (Prop_lut6_I1_O)        0.297     5.388 r  Inst_mi/sal0_i_22/O
                         net (fo=6, routed)           0.812     6.199    Inst_mi/instruccion[31]
    SLICE_X26Y55         LUT2 (Prop_lut2_I1_O)        0.150     6.349 f  Inst_mi/sal0_i_8/O
                         net (fo=11, routed)          0.720     7.069    Inst_mi/sal0_i_8_n_0
    SLICE_X23Y54         LUT6 (Prop_lut6_I1_O)        0.326     7.395 f  Inst_mi/suma_carry_i_20/O
                         net (fo=8, routed)           0.710     8.105    Inst_mi/aluop[0]
    SLICE_X21Y50         LUT6 (Prop_lut6_I3_O)        0.124     8.229 r  Inst_mi/suma_carry_i_33/O
                         net (fo=1, routed)           0.793     9.022    Inst_mi/suma_carry_i_33_n_0
    SLICE_X19Y50         LUT4 (Prop_lut4_I0_O)        0.124     9.146 r  Inst_mi/suma_carry_i_25/O
                         net (fo=12, routed)          1.419    10.564    Inst_mi/alu_cntl[1]
    SLICE_X13Y49         LUT6 (Prop_lut6_I1_O)        0.124    10.688 r  Inst_mi/sal0_i_44/O
                         net (fo=112, routed)         0.793    11.481    Inst_mi/sal0_i_44_n_0
    SLICE_X13Y51         LUT6 (Prop_lut6_I4_O)        0.124    11.605 r  Inst_mi/mem11_reg_0_127_0_0_i_98/O
                         net (fo=2, routed)           0.947    12.552    Inst_mi/mem11_reg_0_127_0_0_i_98_n_0
    SLICE_X13Y48         LUT3 (Prop_lut3_I2_O)        0.150    12.702 r  Inst_mi/mem11_reg_0_127_0_0_i_60/O
                         net (fo=3, routed)           0.823    13.525    Inst_mi/mem11_reg_0_127_0_0_i_60_n_0
    SLICE_X11Y48         LUT3 (Prop_lut3_I2_O)        0.326    13.851 r  Inst_mi/mem11_reg_0_127_0_0_i_51/O
                         net (fo=1, routed)           0.282    14.133    Inst_mi/mem11_reg_0_127_0_0_i_51_n_0
    SLICE_X13Y48         LUT6 (Prop_lut6_I4_O)        0.124    14.257 r  Inst_mi/mem11_reg_0_127_0_0_i_19/O
                         net (fo=1, routed)           0.433    14.690    Inst_mi/mem11_reg_0_127_0_0_i_19_n_0
    SLICE_X13Y48         LUT5 (Prop_lut5_I0_O)        0.124    14.814 r  Inst_mi/mem11_reg_0_127_0_0_i_3/O
                         net (fo=78, routed)          1.502    16.317    Inst_md_io/Inst_md/mem01_reg_0_127_7_7/A0
    SLICE_X10Y62         RAMS64E (Prop_rams64e_ADR0_O)
                                                      0.255    16.572 r  Inst_md_io/Inst_md/mem01_reg_0_127_7_7/HIGH/O
                         net (fo=1, routed)           0.000    16.572    Inst_md_io/Inst_md/mem01_reg_0_127_7_7/O1
    SLICE_X10Y62         MUXF7 (Prop_muxf7_I1_O)      0.214    16.786 r  Inst_md_io/Inst_md/mem01_reg_0_127_7_7/F7/O
                         net (fo=6, routed)           0.683    17.469    Inst_md_io/Inst_md/RESIZE4_in0
    SLICE_X11Y62         LUT3 (Prop_lut3_I2_O)        0.297    17.766 r  Inst_md_io/Inst_md/reg_reg_r1_0_31_6_11_i_39/O
                         net (fo=4, routed)           0.600    18.366    Inst_mi/reg_reg_r1_0_31_30_31_i_2__0_1
    SLICE_X13Y63         LUT6 (Prop_lut6_I0_O)        0.124    18.490 r  Inst_mi/reg_reg_r1_0_31_12_17_i_35/O
                         net (fo=14, routed)          0.811    19.300    Inst_mi/reg_reg_r1_0_31_12_17_i_35_n_0
    SLICE_X17Y59         LUT4 (Prop_lut4_I2_O)        0.118    19.418 r  Inst_mi/reg_reg_r1_0_31_30_31_i_2__0/O
                         net (fo=1, routed)           0.451    19.870    Inst_mux32_lui/salida_mem[14]
    SLICE_X18Y59         LUT6 (Prop_lut6_I1_O)        0.326    20.196 r  Inst_mux32_lui/reg_reg_r1_0_31_30_31_i_1__0/O
                         net (fo=4, routed)           0.729    20.924    Inst_reg/reg_reg_r2_0_31_30_31/D
    SLICE_X20Y63         RAMD32                                       r  Inst_reg/reg_reg_r2_0_31_30_31/DP/I
  -------------------------------------------------------------------    -------------------

                         (clock clk50mhz_clk_wiz_1 rise edge)
                                                     20.000    20.000 r  
    BUFGCTRL_X0Y16       BUFG                         0.000    20.000 r  clk_IBUF_BUFG_inst/O
                         net (fo=959, routed)         1.490    21.490    inst_divisor/inst/clk
    MMCME2_ADV_X0Y0      MMCME2_ADV (Prop_mmcme2_adv_CLKIN1_CLKOUT0)
                                                     -3.177    18.313 r  inst_divisor/inst/mmcm_adv_inst/CLKOUT0
                         net (fo=1, routed)           1.599    19.912    inst_divisor/inst/clk50mhz_clk_wiz_1
    BUFGCTRL_X0Y0        BUFG (Prop_bufg_I_O)         0.091    20.003 r  inst_divisor/inst/clkout1_buf/O
                         net (fo=922, routed)         1.484    21.487    Inst_reg/reg_reg_r2_0_31_30_31/WCLK
    SLICE_X20Y63         RAMD32                                       r  Inst_reg/reg_reg_r2_0_31_30_31/DP/CLK
                         clock pessimism              0.004    21.491    
                         clock uncertainty           -0.080    21.411    
    SLICE_X20Y63         RAMD32 (Setup_ramd32_CLK_I)
                                                     -0.407    21.004    Inst_reg/reg_reg_r2_0_31_30_31/DP
  -------------------------------------------------------------------
                         required time                         21.004    
                         arrival time                         -20.924    
  -------------------------------------------------------------------
                         slack                                  0.079    

Slack (MET) :             0.103ns  (required time - arrival time)
  Source:                 Inst_pc/s_reg[2]_rep/C
                            (rising edge-triggered cell FDRE clocked by clk50mhz_clk_wiz_1  {rise@0.000ns fall@10.000ns period=20.000ns})
  Destination:            Inst_reg/reg_reg_r2_0_31_30_31__0/SP/I
                            (rising edge-triggered cell RAMD32 clocked by clk50mhz_clk_wiz_1  {rise@0.000ns fall@10.000ns period=20.000ns})
  Path Group:             clk50mhz_clk_wiz_1
  Path Type:              Setup (Max at Slow Process Corner)
  Requirement:            20.000ns  (clk50mhz_clk_wiz_1 rise@20.000ns - clk50mhz_clk_wiz_1 rise@0.000ns)
  Data Path Delay:        19.420ns  (logic 4.153ns (21.386%)  route 15.267ns (78.614%))
  Logic Levels:           19  (LUT2=1 LUT3=3 LUT4=2 LUT5=1 LUT6=8 MUXF7=2 RAMD64E=1 RAMS64E=1)
  Clock Path Skew:        -0.168ns (DCD - SCD + CPR)
    Destination Clock Delay (DCD):    1.487ns = ( 21.487 - 20.000 ) 
    Source Clock Delay      (SCD):    1.659ns
    Clock Pessimism Removal (CPR):    0.004ns
  Clock Uncertainty:      0.080ns  ((TSJ^2 + DJ^2)^1/2) / 2 + PE
    Total System Jitter     (TSJ):    0.071ns
    Discrete Jitter          (DJ):    0.144ns
    Phase Error              (PE):    0.000ns

    Location             Delay type                Incr(ns)  Path(ns)    Netlist Resource(s)
  -------------------------------------------------------------------    -------------------
                         (clock clk50mhz_clk_wiz_1 rise edge)
                                                      0.000     0.000 r  
    BUFGCTRL_X0Y16       BUFG                         0.000     0.000 r  clk_IBUF_BUFG_inst/O
                         net (fo=959, routed)         1.680     1.680    inst_divisor/inst/clk
    MMCME2_ADV_X0Y0      MMCME2_ADV (Prop_mmcme2_adv_CLKIN1_CLKOUT0)
                                                     -3.538    -1.858 r  inst_divisor/inst/mmcm_adv_inst/CLKOUT0
                         net (fo=1, routed)           1.760    -0.098    inst_divisor/inst/clk50mhz_clk_wiz_1
    BUFGCTRL_X0Y0        BUFG (Prop_bufg_I_O)         0.101     0.003 r  inst_divisor/inst/clkout1_buf/O
                         net (fo=922, routed)         1.656     1.659    Inst_pc/clk50mhz
    SLICE_X23Y60         FDRE                                         r  Inst_pc/s_reg[2]_rep/C
  -------------------------------------------------------------------    -------------------
    SLICE_X23Y60         FDRE (Prop_fdre_C_Q)         0.456     2.115 r  Inst_pc/s_reg[2]_rep/Q
                         net (fo=70, routed)          1.624     3.739    Inst_mi/mi_reg_256_383_31_31/DPRA0
    SLICE_X34Y59         RAMD64E (Prop_ramd64e_RADR0_O)
                                                      0.124     3.863 r  Inst_mi/mi_reg_256_383_31_31/DP.HIGH/O
                         net (fo=1, routed)           0.000     3.863    Inst_mi/mi_reg_256_383_31_31/DPO1
    SLICE_X34Y59         MUXF7 (Prop_muxf7_I1_O)      0.214     4.077 r  Inst_mi/mi_reg_256_383_31_31/F7.DP/O
                         net (fo=1, routed)           1.013     5.091    Inst_mi/mi_reg_256_383_31_31_n_0
    SLICE_X27Y58         LUT6 (Prop_lut6_I1_O)        0.297     5.388 r  Inst_mi/sal0_i_22/O
                         net (fo=6, routed)           0.812     6.199    Inst_mi/instruccion[31]
    SLICE_X26Y55         LUT2 (Prop_lut2_I1_O)        0.150     6.349 f  Inst_mi/sal0_i_8/O
                         net (fo=11, routed)          0.720     7.069    Inst_mi/sal0_i_8_n_0
    SLICE_X23Y54         LUT6 (Prop_lut6_I1_O)        0.326     7.395 f  Inst_mi/suma_carry_i_20/O
                         net (fo=8, routed)           0.710     8.105    Inst_mi/aluop[0]
    SLICE_X21Y50         LUT6 (Prop_lut6_I3_O)        0.124     8.229 r  Inst_mi/suma_carry_i_33/O
                         net (fo=1, routed)           0.793     9.022    Inst_mi/suma_carry_i_33_n_0
    SLICE_X19Y50         LUT4 (Prop_lut4_I0_O)        0.124     9.146 r  Inst_mi/suma_carry_i_25/O
                         net (fo=12, routed)          1.419    10.564    Inst_mi/alu_cntl[1]
    SLICE_X13Y49         LUT6 (Prop_lut6_I1_O)        0.124    10.688 r  Inst_mi/sal0_i_44/O
                         net (fo=112, routed)         0.793    11.481    Inst_mi/sal0_i_44_n_0
    SLICE_X13Y51         LUT6 (Prop_lut6_I4_O)        0.124    11.605 r  Inst_mi/mem11_reg_0_127_0_0_i_98/O
                         net (fo=2, routed)           0.947    12.552    Inst_mi/mem11_reg_0_127_0_0_i_98_n_0
    SLICE_X13Y48         LUT3 (Prop_lut3_I2_O)        0.150    12.702 r  Inst_mi/mem11_reg_0_127_0_0_i_60/O
                         net (fo=3, routed)           0.823    13.525    Inst_mi/mem11_reg_0_127_0_0_i_60_n_0
    SLICE_X11Y48         LUT3 (Prop_lut3_I2_O)        0.326    13.851 r  Inst_mi/mem11_reg_0_127_0_0_i_51/O
                         net (fo=1, routed)           0.282    14.133    Inst_mi/mem11_reg_0_127_0_0_i_51_n_0
    SLICE_X13Y48         LUT6 (Prop_lut6_I4_O)        0.124    14.257 r  Inst_mi/mem11_reg_0_127_0_0_i_19/O
                         net (fo=1, routed)           0.433    14.690    Inst_mi/mem11_reg_0_127_0_0_i_19_n_0
    SLICE_X13Y48         LUT5 (Prop_lut5_I0_O)        0.124    14.814 r  Inst_mi/mem11_reg_0_127_0_0_i_3/O
                         net (fo=78, routed)          1.502    16.317    Inst_md_io/Inst_md/mem01_reg_0_127_7_7/A0
    SLICE_X10Y62         RAMS64E (Prop_rams64e_ADR0_O)
                                                      0.255    16.572 r  Inst_md_io/Inst_md/mem01_reg_0_127_7_7/HIGH/O
                         net (fo=1, routed)           0.000    16.572    Inst_md_io/Inst_md/mem01_reg_0_127_7_7/O1
    SLICE_X10Y62         MUXF7 (Prop_muxf7_I1_O)      0.214    16.786 r  Inst_md_io/Inst_md/mem01_reg_0_127_7_7/F7/O
                         net (fo=6, routed)           0.683    17.469    Inst_md_io/Inst_md/RESIZE4_in0
    SLICE_X11Y62         LUT3 (Prop_lut3_I2_O)        0.297    17.766 r  Inst_md_io/Inst_md/reg_reg_r1_0_31_6_11_i_39/O
                         net (fo=4, routed)           0.457    18.222    Inst_mi/reg_reg_r1_0_31_30_31_i_2__0_1
    SLICE_X11Y62         LUT4 (Prop_lut4_I2_O)        0.150    18.372 r  Inst_mi/reg_reg_r1_0_31_18_23_i_34/O
                         net (fo=2, routed)           0.893    19.265    Inst_mi/reg_reg_r1_0_31_18_23_i_34_n_0
    SLICE_X11Y62         LUT6 (Prop_lut6_I0_O)        0.326    19.591 r  Inst_mi/reg_reg_r1_0_31_30_31_i_2/O
                         net (fo=1, routed)           0.680    20.271    Inst_mux32_lui/salida_mem[15]
    SLICE_X19Y61         LUT6 (Prop_lut6_I1_O)        0.124    20.395 r  Inst_mux32_lui/reg_reg_r1_0_31_30_31_i_1/O
                         net (fo=4, routed)           0.684    21.079    Inst_reg/reg_reg_r2_0_31_30_31__0/D
    SLICE_X20Y63         RAMD32                                       r  Inst_reg/reg_reg_r2_0_31_30_31__0/SP/I
  -------------------------------------------------------------------    -------------------

                         (clock clk50mhz_clk_wiz_1 rise edge)
                                                     20.000    20.000 r  
    BUFGCTRL_X0Y16       BUFG                         0.000    20.000 r  clk_IBUF_BUFG_inst/O
                         net (fo=959, routed)         1.490    21.490    inst_divisor/inst/clk
    MMCME2_ADV_X0Y0      MMCME2_ADV (Prop_mmcme2_adv_CLKIN1_CLKOUT0)
                                                     -3.177    18.313 r  inst_divisor/inst/mmcm_adv_inst/CLKOUT0
                         net (fo=1, routed)           1.599    19.912    inst_divisor/inst/clk50mhz_clk_wiz_1
    BUFGCTRL_X0Y0        BUFG (Prop_bufg_I_O)         0.091    20.003 r  inst_divisor/inst/clkout1_buf/O
                         net (fo=922, routed)         1.484    21.487    Inst_reg/reg_reg_r2_0_31_30_31__0/WCLK
    SLICE_X20Y63         RAMD32                                       r  Inst_reg/reg_reg_r2_0_31_30_31__0/SP/CLK
                         clock pessimism              0.004    21.491    
                         clock uncertainty           -0.080    21.411    
    SLICE_X20Y63         RAMD32 (Setup_ramd32_CLK_I)
                                                     -0.228    21.183    Inst_reg/reg_reg_r2_0_31_30_31__0/SP
  -------------------------------------------------------------------
                         required time                         21.183    
                         arrival time                         -21.079    
  -------------------------------------------------------------------
                         slack                                  0.103    

Slack (MET) :             0.118ns  (required time - arrival time)
  Source:                 Inst_pc/s_reg[2]_rep/C
                            (rising edge-triggered cell FDRE clocked by clk50mhz_clk_wiz_1  {rise@0.000ns fall@10.000ns period=20.000ns})
  Destination:            Inst_reg/reg_reg_r1_0_31_18_23/RAMB/I
                            (rising edge-triggered cell RAMD32 clocked by clk50mhz_clk_wiz_1  {rise@0.000ns fall@10.000ns period=20.000ns})
  Path Group:             clk50mhz_clk_wiz_1
  Path Type:              Setup (Max at Slow Process Corner)
  Requirement:            20.000ns  (clk50mhz_clk_wiz_1 rise@20.000ns - clk50mhz_clk_wiz_1 rise@0.000ns)
  Data Path Delay:        19.455ns  (logic 4.153ns (21.348%)  route 15.302ns (78.652%))
  Logic Levels:           19  (LUT2=1 LUT3=3 LUT4=2 LUT5=1 LUT6=8 MUXF7=2 RAMD64E=1 RAMS64E=1)
  Clock Path Skew:        -0.162ns (DCD - SCD + CPR)
    Destination Clock Delay (DCD):    1.493ns = ( 21.493 - 20.000 ) 
    Source Clock Delay      (SCD):    1.659ns
    Clock Pessimism Removal (CPR):    0.004ns
  Clock Uncertainty:      0.080ns  ((TSJ^2 + DJ^2)^1/2) / 2 + PE
    Total System Jitter     (TSJ):    0.071ns
    Discrete Jitter          (DJ):    0.144ns
    Phase Error              (PE):    0.000ns

    Location             Delay type                Incr(ns)  Path(ns)    Netlist Resource(s)
  -------------------------------------------------------------------    -------------------
                         (clock clk50mhz_clk_wiz_1 rise edge)
                                                      0.000     0.000 r  
    BUFGCTRL_X0Y16       BUFG                         0.000     0.000 r  clk_IBUF_BUFG_inst/O
                         net (fo=959, routed)         1.680     1.680    inst_divisor/inst/clk
    MMCME2_ADV_X0Y0      MMCME2_ADV (Prop_mmcme2_adv_CLKIN1_CLKOUT0)
                                                     -3.538    -1.858 r  inst_divisor/inst/mmcm_adv_inst/CLKOUT0
                         net (fo=1, routed)           1.760    -0.098    inst_divisor/inst/clk50mhz_clk_wiz_1
    BUFGCTRL_X0Y0        BUFG (Prop_bufg_I_O)         0.101     0.003 r  inst_divisor/inst/clkout1_buf/O
                         net (fo=922, routed)         1.656     1.659    Inst_pc/clk50mhz
    SLICE_X23Y60         FDRE                                         r  Inst_pc/s_reg[2]_rep/C
  -------------------------------------------------------------------    -------------------
    SLICE_X23Y60         FDRE (Prop_fdre_C_Q)         0.456     2.115 r  Inst_pc/s_reg[2]_rep/Q
                         net (fo=70, routed)          1.624     3.739    Inst_mi/mi_reg_256_383_31_31/DPRA0
    SLICE_X34Y59         RAMD64E (Prop_ramd64e_RADR0_O)
                                                      0.124     3.863 r  Inst_mi/mi_reg_256_383_31_31/DP.HIGH/O
                         net (fo=1, routed)           0.000     3.863    Inst_mi/mi_reg_256_383_31_31/DPO1
    SLICE_X34Y59         MUXF7 (Prop_muxf7_I1_O)      0.214     4.077 r  Inst_mi/mi_reg_256_383_31_31/F7.DP/O
                         net (fo=1, routed)           1.013     5.091    Inst_mi/mi_reg_256_383_31_31_n_0
    SLICE_X27Y58         LUT6 (Prop_lut6_I1_O)        0.297     5.388 r  Inst_mi/sal0_i_22/O
                         net (fo=6, routed)           0.812     6.199    Inst_mi/instruccion[31]
    SLICE_X26Y55         LUT2 (Prop_lut2_I1_O)        0.150     6.349 f  Inst_mi/sal0_i_8/O
                         net (fo=11, routed)          0.720     7.069    Inst_mi/sal0_i_8_n_0
    SLICE_X23Y54         LUT6 (Prop_lut6_I1_O)        0.326     7.395 f  Inst_mi/suma_carry_i_20/O
                         net (fo=8, routed)           0.710     8.105    Inst_mi/aluop[0]
    SLICE_X21Y50         LUT6 (Prop_lut6_I3_O)        0.124     8.229 r  Inst_mi/suma_carry_i_33/O
                         net (fo=1, routed)           0.793     9.022    Inst_mi/suma_carry_i_33_n_0
    SLICE_X19Y50         LUT4 (Prop_lut4_I0_O)        0.124     9.146 r  Inst_mi/suma_carry_i_25/O
                         net (fo=12, routed)          1.419    10.564    Inst_mi/alu_cntl[1]
    SLICE_X13Y49         LUT6 (Prop_lut6_I1_O)        0.124    10.688 r  Inst_mi/sal0_i_44/O
                         net (fo=112, routed)         0.793    11.481    Inst_mi/sal0_i_44_n_0
    SLICE_X13Y51         LUT6 (Prop_lut6_I4_O)        0.124    11.605 r  Inst_mi/mem11_reg_0_127_0_0_i_98/O
                         net (fo=2, routed)           0.947    12.552    Inst_mi/mem11_reg_0_127_0_0_i_98_n_0
    SLICE_X13Y48         LUT3 (Prop_lut3_I2_O)        0.150    12.702 r  Inst_mi/mem11_reg_0_127_0_0_i_60/O
                         net (fo=3, routed)           0.823    13.525    Inst_mi/mem11_reg_0_127_0_0_i_60_n_0
    SLICE_X11Y48         LUT3 (Prop_lut3_I2_O)        0.326    13.851 r  Inst_mi/mem11_reg_0_127_0_0_i_51/O
                         net (fo=1, routed)           0.282    14.133    Inst_mi/mem11_reg_0_127_0_0_i_51_n_0
    SLICE_X13Y48         LUT6 (Prop_lut6_I4_O)        0.124    14.257 r  Inst_mi/mem11_reg_0_127_0_0_i_19/O
                         net (fo=1, routed)           0.433    14.690    Inst_mi/mem11_reg_0_127_0_0_i_19_n_0
    SLICE_X13Y48         LUT5 (Prop_lut5_I0_O)        0.124    14.814 r  Inst_mi/mem11_reg_0_127_0_0_i_3/O
                         net (fo=78, routed)          1.502    16.317    Inst_md_io/Inst_md/mem01_reg_0_127_7_7/A0
    SLICE_X10Y62         RAMS64E (Prop_rams64e_ADR0_O)
                                                      0.255    16.572 r  Inst_md_io/Inst_md/mem01_reg_0_127_7_7/HIGH/O
                         net (fo=1, routed)           0.000    16.572    Inst_md_io/Inst_md/mem01_reg_0_127_7_7/O1
    SLICE_X10Y62         MUXF7 (Prop_muxf7_I1_O)      0.214    16.786 r  Inst_md_io/Inst_md/mem01_reg_0_127_7_7/F7/O
                         net (fo=6, routed)           0.683    17.469    Inst_md_io/Inst_md/RESIZE4_in0
    SLICE_X11Y62         LUT3 (Prop_lut3_I2_O)        0.297    17.766 r  Inst_md_io/Inst_md/reg_reg_r1_0_31_6_11_i_39/O
                         net (fo=4, routed)           0.600    18.366    Inst_mi/reg_reg_r1_0_31_30_31_i_2__0_1
    SLICE_X13Y63         LUT6 (Prop_lut6_I0_O)        0.124    18.490 r  Inst_mi/reg_reg_r1_0_31_12_17_i_35/O
                         net (fo=14, routed)          1.032    19.522    Inst_mi/reg_reg_r1_0_31_12_17_i_35_n_0
    SLICE_X17Y60         LUT4 (Prop_lut4_I2_O)        0.150    19.672 r  Inst_mi/reg_reg_r1_0_31_18_23_i_16/O
                         net (fo=1, routed)           0.557    20.229    Inst_mux32_lui/salida_mem[4]
    SLICE_X17Y57         LUT6 (Prop_lut6_I1_O)        0.326    20.555 r  Inst_mux32_lui/reg_reg_r1_0_31_18_23_i_4/O
                         net (fo=2, routed)           0.559    21.114    Inst_reg/reg_reg_r1_0_31_18_23/DIB0
    SLICE_X16Y56         RAMD32                                       r  Inst_reg/reg_reg_r1_0_31_18_23/RAMB/I
  -------------------------------------------------------------------    -------------------

                         (clock clk50mhz_clk_wiz_1 rise edge)
                                                     20.000    20.000 r  
    BUFGCTRL_X0Y16       BUFG                         0.000    20.000 r  clk_IBUF_BUFG_inst/O
                         net (fo=959, routed)         1.490    21.490    inst_divisor/inst/clk
    MMCME2_ADV_X0Y0      MMCME2_ADV (Prop_mmcme2_adv_CLKIN1_CLKOUT0)
                                                     -3.177    18.313 r  inst_divisor/inst/mmcm_adv_inst/CLKOUT0
                         net (fo=1, routed)           1.599    19.912    inst_divisor/inst/clk50mhz_clk_wiz_1
    BUFGCTRL_X0Y0        BUFG (Prop_bufg_I_O)         0.091    20.003 r  inst_divisor/inst/clkout1_buf/O
                         net (fo=922, routed)         1.490    21.493    Inst_reg/reg_reg_r1_0_31_18_23/WCLK
    SLICE_X16Y56         RAMD32                                       r  Inst_reg/reg_reg_r1_0_31_18_23/RAMB/CLK
                         clock pessimism              0.004    21.497    
                         clock uncertainty           -0.080    21.417    
    SLICE_X16Y56         RAMD32 (Setup_ramd32_CLK_I)
                                                     -0.185    21.232    Inst_reg/reg_reg_r1_0_31_18_23/RAMB
  -------------------------------------------------------------------
                         required time                         21.232    
                         arrival time                         -21.114    
  -------------------------------------------------------------------
                         slack                                  0.118    

Slack (MET) :             0.181ns  (required time - arrival time)
  Source:                 Inst_pc/s_reg[2]_rep/C
                            (rising edge-triggered cell FDRE clocked by clk50mhz_clk_wiz_1  {rise@0.000ns fall@10.000ns period=20.000ns})
  Destination:            Inst_reg/reg_reg_r2_0_31_6_11/RAMB_D1/I
                            (rising edge-triggered cell RAMD32 clocked by clk50mhz_clk_wiz_1  {rise@0.000ns fall@10.000ns period=20.000ns})
  Path Group:             clk50mhz_clk_wiz_1
  Path Type:              Setup (Max at Slow Process Corner)
  Requirement:            20.000ns  (clk50mhz_clk_wiz_1 rise@20.000ns - clk50mhz_clk_wiz_1 rise@0.000ns)
  Data Path Delay:        19.342ns  (logic 3.773ns (19.507%)  route 15.569ns (80.493%))
  Logic Levels:           17  (LUT2=1 LUT3=1 LUT4=4 LUT5=4 LUT6=5 MUXF7=1 RAMD64E=1)
  Clock Path Skew:        -0.169ns (DCD - SCD + CPR)
    Destination Clock Delay (DCD):    1.486ns = ( 21.486 - 20.000 ) 
    Source Clock Delay      (SCD):    1.659ns
    Clock Pessimism Removal (CPR):    0.004ns
  Clock Uncertainty:      0.080ns  ((TSJ^2 + DJ^2)^1/2) / 2 + PE
    Total System Jitter     (TSJ):    0.071ns
    Discrete Jitter          (DJ):    0.144ns
    Phase Error              (PE):    0.000ns

    Location             Delay type                Incr(ns)  Path(ns)    Netlist Resource(s)
  -------------------------------------------------------------------    -------------------
                         (clock clk50mhz_clk_wiz_1 rise edge)
                                                      0.000     0.000 r  
    BUFGCTRL_X0Y16       BUFG                         0.000     0.000 r  clk_IBUF_BUFG_inst/O
                         net (fo=959, routed)         1.680     1.680    inst_divisor/inst/clk
    MMCME2_ADV_X0Y0      MMCME2_ADV (Prop_mmcme2_adv_CLKIN1_CLKOUT0)
                                                     -3.538    -1.858 r  inst_divisor/inst/mmcm_adv_inst/CLKOUT0
                         net (fo=1, routed)           1.760    -0.098    inst_divisor/inst/clk50mhz_clk_wiz_1
    BUFGCTRL_X0Y0        BUFG (Prop_bufg_I_O)         0.101     0.003 r  inst_divisor/inst/clkout1_buf/O
                         net (fo=922, routed)         1.656     1.659    Inst_pc/clk50mhz
    SLICE_X23Y60         FDRE                                         r  Inst_pc/s_reg[2]_rep/C
  -------------------------------------------------------------------    -------------------
    SLICE_X23Y60         FDRE (Prop_fdre_C_Q)         0.456     2.115 r  Inst_pc/s_reg[2]_rep/Q
                         net (fo=70, routed)          1.624     3.739    Inst_mi/mi_reg_256_383_31_31/DPRA0
    SLICE_X34Y59         RAMD64E (Prop_ramd64e_RADR0_O)
                                                      0.124     3.863 f  Inst_mi/mi_reg_256_383_31_31/DP.HIGH/O
                         net (fo=1, routed)           0.000     3.863    Inst_mi/mi_reg_256_383_31_31/DPO1
    SLICE_X34Y59         MUXF7 (Prop_muxf7_I1_O)      0.214     4.077 f  Inst_mi/mi_reg_256_383_31_31/F7.DP/O
                         net (fo=1, routed)           1.013     5.091    Inst_mi/mi_reg_256_383_31_31_n_0
    SLICE_X27Y58         LUT6 (Prop_lut6_I1_O)        0.297     5.388 f  Inst_mi/sal0_i_22/O
                         net (fo=6, routed)           0.980     6.368    Inst_mi/instruccion[31]
    SLICE_X25Y55         LUT4 (Prop_lut4_I2_O)        0.124     6.492 r  Inst_mi/suma_carry_i_28/O
                         net (fo=1, routed)           0.647     7.138    Inst_mi/suma_carry_i_28_n_0
    SLICE_X23Y55         LUT6 (Prop_lut6_I1_O)        0.124     7.262 r  Inst_mi/suma_carry_i_21/O
                         net (fo=8, routed)           1.099     8.362    Inst_mi/aluop[1]
    SLICE_X19Y50         LUT2 (Prop_lut2_I0_O)        0.152     8.514 r  Inst_mi/suma_carry_i_36/O
                         net (fo=1, routed)           0.548     9.062    Inst_mi/suma_carry_i_36_n_0
    SLICE_X19Y49         LUT6 (Prop_lut6_I2_O)        0.326     9.388 r  Inst_mi/suma_carry_i_26/O
                         net (fo=12, routed)          0.807    10.196    Inst_mi/alu_cntl[0]
    SLICE_X17Y50         LUT4 (Prop_lut4_I2_O)        0.124    10.320 r  Inst_mi/mem11_reg_0_127_0_0_i_91/O
                         net (fo=2, routed)           0.816    11.136    Inst_mi/Inst_alu/shift_amount18_out
    SLICE_X17Y50         LUT5 (Prop_lut5_I1_O)        0.152    11.288 r  Inst_mi/mem11_reg_0_127_0_0_i_48/O
                         net (fo=100, routed)         1.676    12.964    Inst_mi/mem11_reg_0_127_0_0_i_48_n_0
    SLICE_X6Y55          LUT3 (Prop_lut3_I1_O)        0.360    13.324 f  Inst_mi/reg_reg_r1_0_31_24_29_i_44/O
                         net (fo=2, routed)           0.619    13.942    Inst_mi/reg_reg_r1_0_31_24_29_i_44_n_0
    SLICE_X6Y57          LUT4 (Prop_lut4_I0_O)        0.348    14.290 f  Inst_mi/reg_reg_r1_0_31_24_29_i_32/O
                         net (fo=1, routed)           0.898    15.189    Inst_mi/reg_reg_r1_0_31_24_29_i_32_n_0
    SLICE_X10Y55         LUT5 (Prop_lut5_I0_O)        0.124    15.313 f  Inst_mi/reg_reg_r1_0_31_24_29_i_28/O
                         net (fo=4, routed)           1.012    16.325    Inst_mi/sal0_i_29_0[23]
    SLICE_X11Y58         LUT4 (Prop_lut4_I1_O)        0.124    16.449 r  Inst_mi/reg_reg_r1_0_31_6_11_i_41/O
                         net (fo=4, routed)           0.540    16.988    Inst_mi/reg_reg_r1_0_31_6_11_i_41_n_0
    SLICE_X10Y58         LUT5 (Prop_lut5_I1_O)        0.124    17.112 r  Inst_mi/reg_reg_r1_0_31_6_11_i_35/O
                         net (fo=41, routed)          1.335    18.447    Inst_mi/reg_reg_r1_0_31_6_11_i_35_n_0
    SLICE_X11Y64         LUT5 (Prop_lut5_I3_O)        0.150    18.597 r  Inst_mi/reg_reg_r1_0_31_6_11_i_33/O
                         net (fo=7, routed)           1.311    19.908    Inst_mi/salida[3]_i_4_0
    SLICE_X23Y64         LUT6 (Prop_lut6_I0_O)        0.326    20.234 r  Inst_mi/reg_reg_r1_0_31_6_11_i_17/O
                         net (fo=1, routed)           0.151    20.385    Inst_mi/reg_reg_r1_0_31_6_11_i_17_n_0
    SLICE_X23Y64         LUT6 (Prop_lut6_I3_O)        0.124    20.509 r  Inst_mi/reg_reg_r1_0_31_6_11_i_3/O
                         net (fo=2, routed)           0.491    21.001    Inst_reg/reg_reg_r2_0_31_6_11/DIB1
    SLICE_X20Y65         RAMD32                                       r  Inst_reg/reg_reg_r2_0_31_6_11/RAMB_D1/I
  -------------------------------------------------------------------    -------------------

                         (clock clk50mhz_clk_wiz_1 rise edge)
                                                     20.000    20.000 r  
    BUFGCTRL_X0Y16       BUFG                         0.000    20.000 r  clk_IBUF_BUFG_inst/O
                         net (fo=959, routed)         1.490    21.490    inst_divisor/inst/clk
    MMCME2_ADV_X0Y0      MMCME2_ADV (Prop_mmcme2_adv_CLKIN1_CLKOUT0)
                                                     -3.177    18.313 r  inst_divisor/inst/mmcm_adv_inst/CLKOUT0
                         net (fo=1, routed)           1.599    19.912    inst_divisor/inst/clk50mhz_clk_wiz_1
    BUFGCTRL_X0Y0        BUFG (Prop_bufg_I_O)         0.091    20.003 r  inst_divisor/inst/clkout1_buf/O
                         net (fo=922, routed)         1.483    21.486    Inst_reg/reg_reg_r2_0_31_6_11/WCLK
    SLICE_X20Y65         RAMD32                                       r  Inst_reg/reg_reg_r2_0_31_6_11/RAMB_D1/CLK
                         clock pessimism              0.004    21.490    
                         clock uncertainty           -0.080    21.410    
    SLICE_X20Y65         RAMD32 (Setup_ramd32_CLK_I)
                                                     -0.228    21.182    Inst_reg/reg_reg_r2_0_31_6_11/RAMB_D1
  -------------------------------------------------------------------
                         required time                         21.182    
                         arrival time                         -21.001    
  -------------------------------------------------------------------
                         slack                                  0.181    

Slack (MET) :             0.198ns  (required time - arrival time)
  Source:                 Inst_pc/s_reg[2]_rep/C
                            (rising edge-triggered cell FDRE clocked by clk50mhz_clk_wiz_1  {rise@0.000ns fall@10.000ns period=20.000ns})
  Destination:            Inst_reg/reg_reg_r1_0_31_6_11/RAMB/I
                            (rising edge-triggered cell RAMD32 clocked by clk50mhz_clk_wiz_1  {rise@0.000ns fall@10.000ns period=20.000ns})
  Path Group:             clk50mhz_clk_wiz_1
  Path Type:              Setup (Max at Slow Process Corner)
  Requirement:            20.000ns  (clk50mhz_clk_wiz_1 rise@20.000ns - clk50mhz_clk_wiz_1 rise@0.000ns)
  Data Path Delay:        19.368ns  (logic 3.773ns (19.480%)  route 15.595ns (80.520%))
  Logic Levels:           17  (LUT2=1 LUT3=1 LUT4=4 LUT5=4 LUT6=5 MUXF7=1 RAMD64E=1)
  Clock Path Skew:        -0.168ns (DCD - SCD + CPR)
    Destination Clock Delay (DCD):    1.487ns = ( 21.487 - 20.000 ) 
    Source Clock Delay      (SCD):    1.659ns
    Clock Pessimism Removal (CPR):    0.004ns
  Clock Uncertainty:      0.080ns  ((TSJ^2 + DJ^2)^1/2) / 2 + PE
    Total System Jitter     (TSJ):    0.071ns
    Discrete Jitter          (DJ):    0.144ns
    Phase Error              (PE):    0.000ns

    Location             Delay type                Incr(ns)  Path(ns)    Netlist Resource(s)
  -------------------------------------------------------------------    -------------------
                         (clock clk50mhz_clk_wiz_1 rise edge)
                                                      0.000     0.000 r  
    BUFGCTRL_X0Y16       BUFG                         0.000     0.000 r  clk_IBUF_BUFG_inst/O
                         net (fo=959, routed)         1.680     1.680    inst_divisor/inst/clk
    MMCME2_ADV_X0Y0      MMCME2_ADV (Prop_mmcme2_adv_CLKIN1_CLKOUT0)
                                                     -3.538    -1.858 r  inst_divisor/inst/mmcm_adv_inst/CLKOUT0
                         net (fo=1, routed)           1.760    -0.098    inst_divisor/inst/clk50mhz_clk_wiz_1
    BUFGCTRL_X0Y0        BUFG (Prop_bufg_I_O)         0.101     0.003 r  inst_divisor/inst/clkout1_buf/O
                         net (fo=922, routed)         1.656     1.659    Inst_pc/clk50mhz
    SLICE_X23Y60         FDRE                                         r  Inst_pc/s_reg[2]_rep/C
  -------------------------------------------------------------------    -------------------
    SLICE_X23Y60         FDRE (Prop_fdre_C_Q)         0.456     2.115 r  Inst_pc/s_reg[2]_rep/Q
                         net (fo=70, routed)          1.624     3.739    Inst_mi/mi_reg_256_383_31_31/DPRA0
    SLICE_X34Y59         RAMD64E (Prop_ramd64e_RADR0_O)
                                                      0.124     3.863 f  Inst_mi/mi_reg_256_383_31_31/DP.HIGH/O
                         net (fo=1, routed)           0.000     3.863    Inst_mi/mi_reg_256_383_31_31/DPO1
    SLICE_X34Y59         MUXF7 (Prop_muxf7_I1_O)      0.214     4.077 f  Inst_mi/mi_reg_256_383_31_31/F7.DP/O
                         net (fo=1, routed)           1.013     5.091    Inst_mi/mi_reg_256_383_31_31_n_0
    SLICE_X27Y58         LUT6 (Prop_lut6_I1_O)        0.297     5.388 f  Inst_mi/sal0_i_22/O
                         net (fo=6, routed)           0.980     6.368    Inst_mi/instruccion[31]
    SLICE_X25Y55         LUT4 (Prop_lut4_I2_O)        0.124     6.492 r  Inst_mi/suma_carry_i_28/O
                         net (fo=1, routed)           0.647     7.138    Inst_mi/suma_carry_i_28_n_0
    SLICE_X23Y55         LUT6 (Prop_lut6_I1_O)        0.124     7.262 r  Inst_mi/suma_carry_i_21/O
                         net (fo=8, routed)           1.099     8.362    Inst_mi/aluop[1]
    SLICE_X19Y50         LUT2 (Prop_lut2_I0_O)        0.152     8.514 r  Inst_mi/suma_carry_i_36/O
                         net (fo=1, routed)           0.548     9.062    Inst_mi/suma_carry_i_36_n_0
    SLICE_X19Y49         LUT6 (Prop_lut6_I2_O)        0.326     9.388 r  Inst_mi/suma_carry_i_26/O
                         net (fo=12, routed)          0.807    10.196    Inst_mi/alu_cntl[0]
    SLICE_X17Y50         LUT4 (Prop_lut4_I2_O)        0.124    10.320 r  Inst_mi/mem11_reg_0_127_0_0_i_91/O
                         net (fo=2, routed)           0.816    11.136    Inst_mi/Inst_alu/shift_amount18_out
    SLICE_X17Y50         LUT5 (Prop_lut5_I1_O)        0.152    11.288 r  Inst_mi/mem11_reg_0_127_0_0_i_48/O
                         net (fo=100, routed)         1.676    12.964    Inst_mi/mem11_reg_0_127_0_0_i_48_n_0
    SLICE_X6Y55          LUT3 (Prop_lut3_I1_O)        0.360    13.324 f  Inst_mi/reg_reg_r1_0_31_24_29_i_44/O
                         net (fo=2, routed)           0.619    13.942    Inst_mi/reg_reg_r1_0_31_24_29_i_44_n_0
    SLICE_X6Y57          LUT4 (Prop_lut4_I0_O)        0.348    14.290 f  Inst_mi/reg_reg_r1_0_31_24_29_i_32/O
                         net (fo=1, routed)           0.898    15.189    Inst_mi/reg_reg_r1_0_31_24_29_i_32_n_0
    SLICE_X10Y55         LUT5 (Prop_lut5_I0_O)        0.124    15.313 f  Inst_mi/reg_reg_r1_0_31_24_29_i_28/O
                         net (fo=4, routed)           1.012    16.325    Inst_mi/sal0_i_29_0[23]
    SLICE_X11Y58         LUT4 (Prop_lut4_I1_O)        0.124    16.449 r  Inst_mi/reg_reg_r1_0_31_6_11_i_41/O
                         net (fo=4, routed)           0.540    16.988    Inst_mi/reg_reg_r1_0_31_6_11_i_41_n_0
    SLICE_X10Y58         LUT5 (Prop_lut5_I1_O)        0.124    17.112 r  Inst_mi/reg_reg_r1_0_31_6_11_i_35/O
                         net (fo=41, routed)          1.335    18.447    Inst_mi/reg_reg_r1_0_31_6_11_i_35_n_0
    SLICE_X11Y64         LUT5 (Prop_lut5_I3_O)        0.150    18.597 r  Inst_mi/reg_reg_r1_0_31_6_11_i_33/O
                         net (fo=7, routed)           1.050    19.648    Inst_md_io/Inst_md/reg_reg_r1_0_31_6_11_i_4
    SLICE_X19Y64         LUT6 (Prop_lut6_I0_O)        0.326    19.974 r  Inst_md_io/Inst_md/reg_reg_r1_0_31_6_11_i_21/O
                         net (fo=1, routed)           0.437    20.411    Inst_mi/cola_len_reg_reg[7]_7
    SLICE_X19Y65         LUT6 (Prop_lut6_I3_O)        0.124    20.535 r  Inst_mi/reg_reg_r1_0_31_6_11_i_4/O
                         net (fo=2, routed)           0.492    21.027    Inst_reg/reg_reg_r1_0_31_6_11/DIB0
    SLICE_X20Y64         RAMD32                                       r  Inst_reg/reg_reg_r1_0_31_6_11/RAMB/I
  -------------------------------------------------------------------    -------------------

                         (clock clk50mhz_clk_wiz_1 rise edge)
                                                     20.000    20.000 r  
    BUFGCTRL_X0Y16       BUFG                         0.000    20.000 r  clk_IBUF_BUFG_inst/O
                         net (fo=959, routed)         1.490    21.490    inst_divisor/inst/clk
    MMCME2_ADV_X0Y0      MMCME2_ADV (Prop_mmcme2_adv_CLKIN1_CLKOUT0)
                                                     -3.177    18.313 r  inst_divisor/inst/mmcm_adv_inst/CLKOUT0
                         net (fo=1, routed)           1.599    19.912    inst_divisor/inst/clk50mhz_clk_wiz_1
    BUFGCTRL_X0Y0        BUFG (Prop_bufg_I_O)         0.091    20.003 r  inst_divisor/inst/clkout1_buf/O
                         net (fo=922, routed)         1.484    21.487    Inst_reg/reg_reg_r1_0_31_6_11/WCLK
    SLICE_X20Y64         RAMD32                                       r  Inst_reg/reg_reg_r1_0_31_6_11/RAMB/CLK
                         clock pessimism              0.004    21.491    
                         clock uncertainty           -0.080    21.411    
    SLICE_X20Y64         RAMD32 (Setup_ramd32_CLK_I)
                                                     -0.185    21.226    Inst_reg/reg_reg_r1_0_31_6_11/RAMB
  -------------------------------------------------------------------
                         required time                         21.226    
                         arrival time                         -21.027    
  -------------------------------------------------------------------
                         slack                                  0.198    

Slack (MET) :             0.204ns  (required time - arrival time)
  Source:                 Inst_pc/s_reg[2]_rep/C
                            (rising edge-triggered cell FDRE clocked by clk50mhz_clk_wiz_1  {rise@0.000ns fall@10.000ns period=20.000ns})
  Destination:            Inst_reg/reg_reg_r2_0_31_6_11/RAMB/I
                            (rising edge-triggered cell RAMD32 clocked by clk50mhz_clk_wiz_1  {rise@0.000ns fall@10.000ns period=20.000ns})
  Path Group:             clk50mhz_clk_wiz_1
  Path Type:              Setup (Max at Slow Process Corner)
  Requirement:            20.000ns  (clk50mhz_clk_wiz_1 rise@20.000ns - clk50mhz_clk_wiz_1 rise@0.000ns)
  Data Path Delay:        19.362ns  (logic 3.773ns (19.487%)  route 15.589ns (80.513%))
  Logic Levels:           17  (LUT2=1 LUT3=1 LUT4=4 LUT5=4 LUT6=5 MUXF7=1 RAMD64E=1)
  Clock Path Skew:        -0.169ns (DCD - SCD + CPR)
    Destination Clock Delay (DCD):    1.486ns = ( 21.486 - 20.000 ) 
    Source Clock Delay      (SCD):    1.659ns
    Clock Pessimism Removal (CPR):    0.004ns
  Clock Uncertainty:      0.080ns  ((TSJ^2 + DJ^2)^1/2) / 2 + PE
    Total System Jitter     (TSJ):    0.071ns
    Discrete Jitter          (DJ):    0.144ns
    Phase Error              (PE):    0.000ns

    Location             Delay type                Incr(ns)  Path(ns)    Netlist Resource(s)
  -------------------------------------------------------------------    -------------------
                         (clock clk50mhz_clk_wiz_1 rise edge)
                                                      0.000     0.000 r  
    BUFGCTRL_X0Y16       BUFG                         0.000     0.000 r  clk_IBUF_BUFG_inst/O
                         net (fo=959, routed)         1.680     1.680    inst_divisor/inst/clk
    MMCME2_ADV_X0Y0      MMCME2_ADV (Prop_mmcme2_adv_CLKIN1_CLKOUT0)
                                                     -3.538    -1.858 r  inst_divisor/inst/mmcm_adv_inst/CLKOUT0
                         net (fo=1, routed)           1.760    -0.098    inst_divisor/inst/clk50mhz_clk_wiz_1
    BUFGCTRL_X0Y0        BUFG (Prop_bufg_I_O)         0.101     0.003 r  inst_divisor/inst/clkout1_buf/O
                         net (fo=922, routed)         1.656     1.659    Inst_pc/clk50mhz
    SLICE_X23Y60         FDRE                                         r  Inst_pc/s_reg[2]_rep/C
  -------------------------------------------------------------------    -------------------
    SLICE_X23Y60         FDRE (Prop_fdre_C_Q)         0.456     2.115 r  Inst_pc/s_reg[2]_rep/Q
                         net (fo=70, routed)          1.624     3.739    Inst_mi/mi_reg_256_383_31_31/DPRA0
    SLICE_X34Y59         RAMD64E (Prop_ramd64e_RADR0_O)
                                                      0.124     3.863 f  Inst_mi/mi_reg_256_383_31_31/DP.HIGH/O
                         net (fo=1, routed)           0.000     3.863    Inst_mi/mi_reg_256_383_31_31/DPO1
    SLICE_X34Y59         MUXF7 (Prop_muxf7_I1_O)      0.214     4.077 f  Inst_mi/mi_reg_256_383_31_31/F7.DP/O
                         net (fo=1, routed)           1.013     5.091    Inst_mi/mi_reg_256_383_31_31_n_0
    SLICE_X27Y58         LUT6 (Prop_lut6_I1_O)        0.297     5.388 f  Inst_mi/sal0_i_22/O
                         net (fo=6, routed)           0.980     6.368    Inst_mi/instruccion[31]
    SLICE_X25Y55         LUT4 (Prop_lut4_I2_O)        0.124     6.492 r  Inst_mi/suma_carry_i_28/O
                         net (fo=1, routed)           0.647     7.138    Inst_mi/suma_carry_i_28_n_0
    SLICE_X23Y55         LUT6 (Prop_lut6_I1_O)        0.124     7.262 r  Inst_mi/suma_carry_i_21/O
                         net (fo=8, routed)           1.099     8.362    Inst_mi/aluop[1]
    SLICE_X19Y50         LUT2 (Prop_lut2_I0_O)        0.152     8.514 r  Inst_mi/suma_carry_i_36/O
                         net (fo=1, routed)           0.548     9.062    Inst_mi/suma_carry_i_36_n_0
    SLICE_X19Y49         LUT6 (Prop_lut6_I2_O)        0.326     9.388 r  Inst_mi/suma_carry_i_26/O
                         net (fo=12, routed)          0.807    10.196    Inst_mi/alu_cntl[0]
    SLICE_X17Y50         LUT4 (Prop_lut4_I2_O)        0.124    10.320 r  Inst_mi/mem11_reg_0_127_0_0_i_91/O
                         net (fo=2, routed)           0.816    11.136    Inst_mi/Inst_alu/shift_amount18_out
    SLICE_X17Y50         LUT5 (Prop_lut5_I1_O)        0.152    11.288 r  Inst_mi/mem11_reg_0_127_0_0_i_48/O
                         net (fo=100, routed)         1.676    12.964    Inst_mi/mem11_reg_0_127_0_0_i_48_n_0
    SLICE_X6Y55          LUT3 (Prop_lut3_I1_O)        0.360    13.324 f  Inst_mi/reg_reg_r1_0_31_24_29_i_44/O
                         net (fo=2, routed)           0.619    13.942    Inst_mi/reg_reg_r1_0_31_24_29_i_44_n_0
    SLICE_X6Y57          LUT4 (Prop_lut4_I0_O)        0.348    14.290 f  Inst_mi/reg_reg_r1_0_31_24_29_i_32/O
                         net (fo=1, routed)           0.898    15.189    Inst_mi/reg_reg_r1_0_31_24_29_i_32_n_0
    SLICE_X10Y55         LUT5 (Prop_lut5_I0_O)        0.124    15.313 f  Inst_mi/reg_reg_r1_0_31_24_29_i_28/O
                         net (fo=4, routed)           1.012    16.325    Inst_mi/sal0_i_29_0[23]
    SLICE_X11Y58         LUT4 (Prop_lut4_I1_O)        0.124    16.449 r  Inst_mi/reg_reg_r1_0_31_6_11_i_41/O
                         net (fo=4, routed)           0.540    16.988    Inst_mi/reg_reg_r1_0_31_6_11_i_41_n_0
    SLICE_X10Y58         LUT5 (Prop_lut5_I1_O)        0.124    17.112 r  Inst_mi/reg_reg_r1_0_31_6_11_i_35/O
                         net (fo=41, routed)          1.335    18.447    Inst_mi/reg_reg_r1_0_31_6_11_i_35_n_0
    SLICE_X11Y64         LUT5 (Prop_lut5_I3_O)        0.150    18.597 r  Inst_mi/reg_reg_r1_0_31_6_11_i_33/O
                         net (fo=7, routed)           1.050    19.648    Inst_md_io/Inst_md/reg_reg_r1_0_31_6_11_i_4
    SLICE_X19Y64         LUT6 (Prop_lut6_I0_O)        0.326    19.974 r  Inst_md_io/Inst_md/reg_reg_r1_0_31_6_11_i_21/O
                         net (fo=1, routed)           0.437    20.411    Inst_mi/cola_len_reg_reg[7]_7
    SLICE_X19Y65         LUT6 (Prop_lut6_I3_O)        0.124    20.535 r  Inst_mi/reg_reg_r1_0_31_6_11_i_4/O
                         net (fo=2, routed)           0.486    21.021    Inst_reg/reg_reg_r2_0_31_6_11/DIB0
    SLICE_X20Y65         RAMD32                                       r  Inst_reg/reg_reg_r2_0_31_6_11/RAMB/I
  -------------------------------------------------------------------    -------------------

                         (clock clk50mhz_clk_wiz_1 rise edge)
                                                     20.000    20.000 r  
    BUFGCTRL_X0Y16       BUFG                         0.000    20.000 r  clk_IBUF_BUFG_inst/O
                         net (fo=959, routed)         1.490    21.490    inst_divisor/inst/clk
    MMCME2_ADV_X0Y0      MMCME2_ADV (Prop_mmcme2_adv_CLKIN1_CLKOUT0)
                                                     -3.177    18.313 r  inst_divisor/inst/mmcm_adv_inst/CLKOUT0
                         net (fo=1, routed)           1.599    19.912    inst_divisor/inst/clk50mhz_clk_wiz_1
    BUFGCTRL_X0Y0        BUFG (Prop_bufg_I_O)         0.091    20.003 r  inst_divisor/inst/clkout1_buf/O
                         net (fo=922, routed)         1.483    21.486    Inst_reg/reg_reg_r2_0_31_6_11/WCLK
    SLICE_X20Y65         RAMD32                                       r  Inst_reg/reg_reg_r2_0_31_6_11/RAMB/CLK
                         clock pessimism              0.004    21.490    
                         clock uncertainty           -0.080    21.410    
    SLICE_X20Y65         RAMD32 (Setup_ramd32_CLK_I)
                                                     -0.185    21.225    Inst_reg/reg_reg_r2_0_31_6_11/RAMB
  -------------------------------------------------------------------
                         required time                         21.225    
                         arrival time                         -21.021    
  -------------------------------------------------------------------
                         slack                                  0.204    

Slack (MET) :             0.212ns  (required time - arrival time)
  Source:                 Inst_pc/s_reg[2]_rep/C
                            (rising edge-triggered cell FDRE clocked by clk50mhz_clk_wiz_1  {rise@0.000ns fall@10.000ns period=20.000ns})
  Destination:            Inst_reg/reg_reg_r2_0_31_12_17/RAMA/I
                            (rising edge-triggered cell RAMD32 clocked by clk50mhz_clk_wiz_1  {rise@0.000ns fall@10.000ns period=20.000ns})
  Path Group:             clk50mhz_clk_wiz_1
  Path Type:              Setup (Max at Slow Process Corner)
  Requirement:            20.000ns  (clk50mhz_clk_wiz_1 rise@20.000ns - clk50mhz_clk_wiz_1 rise@0.000ns)
  Data Path Delay:        19.381ns  (logic 3.773ns (19.468%)  route 15.608ns (80.532%))
  Logic Levels:           17  (LUT2=1 LUT3=1 LUT4=4 LUT5=4 LUT6=5 MUXF7=1 RAMD64E=1)
  Clock Path Skew:        -0.166ns (DCD - SCD + CPR)
    Destination Clock Delay (DCD):    1.489ns = ( 21.489 - 20.000 ) 
    Source Clock Delay      (SCD):    1.659ns
    Clock Pessimism Removal (CPR):    0.004ns
  Clock Uncertainty:      0.080ns  ((TSJ^2 + DJ^2)^1/2) / 2 + PE
    Total System Jitter     (TSJ):    0.071ns
    Discrete Jitter          (DJ):    0.144ns
    Phase Error              (PE):    0.000ns

    Location             Delay type                Incr(ns)  Path(ns)    Netlist Resource(s)
  -------------------------------------------------------------------    -------------------
                         (clock clk50mhz_clk_wiz_1 rise edge)
                                                      0.000     0.000 r  
    BUFGCTRL_X0Y16       BUFG                         0.000     0.000 r  clk_IBUF_BUFG_inst/O
                         net (fo=959, routed)         1.680     1.680    inst_divisor/inst/clk
    MMCME2_ADV_X0Y0      MMCME2_ADV (Prop_mmcme2_adv_CLKIN1_CLKOUT0)
                                                     -3.538    -1.858 r  inst_divisor/inst/mmcm_adv_inst/CLKOUT0
                         net (fo=1, routed)           1.760    -0.098    inst_divisor/inst/clk50mhz_clk_wiz_1
    BUFGCTRL_X0Y0        BUFG (Prop_bufg_I_O)         0.101     0.003 r  inst_divisor/inst/clkout1_buf/O
                         net (fo=922, routed)         1.656     1.659    Inst_pc/clk50mhz
    SLICE_X23Y60         FDRE                                         r  Inst_pc/s_reg[2]_rep/C
  -------------------------------------------------------------------    -------------------
    SLICE_X23Y60         FDRE (Prop_fdre_C_Q)         0.456     2.115 r  Inst_pc/s_reg[2]_rep/Q
                         net (fo=70, routed)          1.624     3.739    Inst_mi/mi_reg_256_383_31_31/DPRA0
    SLICE_X34Y59         RAMD64E (Prop_ramd64e_RADR0_O)
                                                      0.124     3.863 f  Inst_mi/mi_reg_256_383_31_31/DP.HIGH/O
                         net (fo=1, routed)           0.000     3.863    Inst_mi/mi_reg_256_383_31_31/DPO1
    SLICE_X34Y59         MUXF7 (Prop_muxf7_I1_O)      0.214     4.077 f  Inst_mi/mi_reg_256_383_31_31/F7.DP/O
                         net (fo=1, routed)           1.013     5.091    Inst_mi/mi_reg_256_383_31_31_n_0
    SLICE_X27Y58         LUT6 (Prop_lut6_I1_O)        0.297     5.388 f  Inst_mi/sal0_i_22/O
                         net (fo=6, routed)           0.980     6.368    Inst_mi/instruccion[31]
    SLICE_X25Y55         LUT4 (Prop_lut4_I2_O)        0.124     6.492 r  Inst_mi/suma_carry_i_28/O
                         net (fo=1, routed)           0.647     7.138    Inst_mi/suma_carry_i_28_n_0
    SLICE_X23Y55         LUT6 (Prop_lut6_I1_O)        0.124     7.262 r  Inst_mi/suma_carry_i_21/O
                         net (fo=8, routed)           1.099     8.362    Inst_mi/aluop[1]
    SLICE_X19Y50         LUT2 (Prop_lut2_I0_O)        0.152     8.514 r  Inst_mi/suma_carry_i_36/O
                         net (fo=1, routed)           0.548     9.062    Inst_mi/suma_carry_i_36_n_0
    SLICE_X19Y49         LUT6 (Prop_lut6_I2_O)        0.326     9.388 r  Inst_mi/suma_carry_i_26/O
                         net (fo=12, routed)          0.807    10.196    Inst_mi/alu_cntl[0]
    SLICE_X17Y50         LUT4 (Prop_lut4_I2_O)        0.124    10.320 r  Inst_mi/mem11_reg_0_127_0_0_i_91/O
                         net (fo=2, routed)           0.816    11.136    Inst_mi/Inst_alu/shift_amount18_out
    SLICE_X17Y50         LUT5 (Prop_lut5_I1_O)        0.152    11.288 r  Inst_mi/mem11_reg_0_127_0_0_i_48/O
                         net (fo=100, routed)         1.676    12.964    Inst_mi/mem11_reg_0_127_0_0_i_48_n_0
    SLICE_X6Y55          LUT3 (Prop_lut3_I1_O)        0.360    13.324 f  Inst_mi/reg_reg_r1_0_31_24_29_i_44/O
                         net (fo=2, routed)           0.619    13.942    Inst_mi/reg_reg_r1_0_31_24_29_i_44_n_0
    SLICE_X6Y57          LUT4 (Prop_lut4_I0_O)        0.348    14.290 f  Inst_mi/reg_reg_r1_0_31_24_29_i_32/O
                         net (fo=1, routed)           0.898    15.189    Inst_mi/reg_reg_r1_0_31_24_29_i_32_n_0
    SLICE_X10Y55         LUT5 (Prop_lut5_I0_O)        0.124    15.313 f  Inst_mi/reg_reg_r1_0_31_24_29_i_28/O
                         net (fo=4, routed)           1.012    16.325    Inst_mi/sal0_i_29_0[23]
    SLICE_X11Y58         LUT4 (Prop_lut4_I1_O)        0.124    16.449 r  Inst_mi/reg_reg_r1_0_31_6_11_i_41/O
                         net (fo=4, routed)           0.540    16.988    Inst_mi/reg_reg_r1_0_31_6_11_i_41_n_0
    SLICE_X10Y58         LUT5 (Prop_lut5_I1_O)        0.124    17.112 r  Inst_mi/reg_reg_r1_0_31_6_11_i_35/O
                         net (fo=41, routed)          1.335    18.447    Inst_mi/reg_reg_r1_0_31_6_11_i_35_n_0
    SLICE_X11Y64         LUT5 (Prop_lut5_I3_O)        0.150    18.597 r  Inst_mi/reg_reg_r1_0_31_6_11_i_33/O
                         net (fo=7, routed)           1.105    19.703    Inst_mi/salida[3]_i_4_0
    SLICE_X21Y61         LUT6 (Prop_lut6_I0_O)        0.326    20.029 r  Inst_mi/reg_reg_r1_0_31_12_17_i_12/O
                         net (fo=1, routed)           0.264    20.293    Inst_mi/reg_reg_r1_0_31_12_17_i_12_n_0
    SLICE_X21Y61         LUT6 (Prop_lut6_I3_O)        0.124    20.417 r  Inst_mi/reg_reg_r1_0_31_12_17_i_2/O
                         net (fo=2, routed)           0.623    21.040    Inst_reg/reg_reg_r2_0_31_12_17/DIA0
    SLICE_X20Y61         RAMD32                                       r  Inst_reg/reg_reg_r2_0_31_12_17/RAMA/I
  -------------------------------------------------------------------    -------------------

                         (clock clk50mhz_clk_wiz_1 rise edge)
                                                     20.000    20.000 r  
    BUFGCTRL_X0Y16       BUFG                         0.000    20.000 r  clk_IBUF_BUFG_inst/O
                         net (fo=959, routed)         1.490    21.490    inst_divisor/inst/clk
    MMCME2_ADV_X0Y0      MMCME2_ADV (Prop_mmcme2_adv_CLKIN1_CLKOUT0)
                                                     -3.177    18.313 r  inst_divisor/inst/mmcm_adv_inst/CLKOUT0
                         net (fo=1, routed)           1.599    19.912    inst_divisor/inst/clk50mhz_clk_wiz_1
    BUFGCTRL_X0Y0        BUFG (Prop_bufg_I_O)         0.091    20.003 r  inst_divisor/inst/clkout1_buf/O
                         net (fo=922, routed)         1.486    21.489    Inst_reg/reg_reg_r2_0_31_12_17/WCLK
    SLICE_X20Y61         RAMD32                                       r  Inst_reg/reg_reg_r2_0_31_12_17/RAMA/CLK
                         clock pessimism              0.004    21.493    
                         clock uncertainty           -0.080    21.413    
    SLICE_X20Y61         RAMD32 (Setup_ramd32_CLK_I)
                                                     -0.161    21.252    Inst_reg/reg_reg_r2_0_31_12_17/RAMA
  -------------------------------------------------------------------
                         required time                         21.252    
                         arrival time                         -21.040    
  -------------------------------------------------------------------
                         slack                                  0.212    





Min Delay Paths
--------------------------------------------------------------------------------------
Slack (MET) :             0.052ns  (arrival time - required time)
  Source:                 inst_prog/Inst_control_prog/pal_reg[3][3]/C
                            (rising edge-triggered cell FDRE clocked by clk50mhz_clk_wiz_1  {rise@0.000ns fall@10.000ns period=20.000ns})
  Destination:            Inst_mi/mi_reg_128_255_3_3/SP.LOW/I
                            (rising edge-triggered cell RAMD64E clocked by clk50mhz_clk_wiz_1  {rise@0.000ns fall@10.000ns period=20.000ns})
  Path Group:             clk50mhz_clk_wiz_1
  Path Type:              Hold (Min at Fast Process Corner)
  Requirement:            0.000ns  (clk50mhz_clk_wiz_1 rise@0.000ns - clk50mhz_clk_wiz_1 rise@0.000ns)
  Data Path Delay:        0.209ns  (logic 0.141ns (67.433%)  route 0.068ns (32.567%))
  Logic Levels:           0  
  Clock Path Skew:        0.013ns (DCD - SCD - CPR)
    Destination Clock Delay (DCD):    0.833ns
    Source Clock Delay      (SCD):    0.565ns
    Clock Pessimism Removal (CPR):    0.255ns

    Location             Delay type                Incr(ns)  Path(ns)    Netlist Resource(s)
  -------------------------------------------------------------------    -------------------
                         (clock clk50mhz_clk_wiz_1 rise edge)
                                                      0.000     0.000 r  
    BUFGCTRL_X0Y16       BUFG                         0.000     0.000 r  clk_IBUF_BUFG_inst/O
                         net (fo=959, routed)         0.548     0.548    inst_divisor/inst/clk
    MMCME2_ADV_X0Y0      MMCME2_ADV (Prop_mmcme2_adv_CLKIN1_CLKOUT0)
                                                     -1.053    -0.506 r  inst_divisor/inst/mmcm_adv_inst/CLKOUT0
                         net (fo=1, routed)           0.482    -0.024    inst_divisor/inst/clk50mhz_clk_wiz_1
    BUFGCTRL_X0Y0        BUFG (Prop_bufg_I_O)         0.026     0.002 r  inst_divisor/inst/clkout1_buf/O
                         net (fo=922, routed)         0.563     0.565    inst_prog/Inst_control_prog/clk50mhz
    SLICE_X29Y46         FDRE                                         r  inst_prog/Inst_control_prog/pal_reg[3][3]/C
  -------------------------------------------------------------------    -------------------
    SLICE_X29Y46         FDRE (Prop_fdre_C_Q)         0.141     0.706 r  inst_prog/Inst_control_prog/pal_reg[3][3]/Q
                         net (fo=17, routed)          0.068     0.774    Inst_mi/mi_reg_128_255_3_3/D
    SLICE_X28Y46         RAMD64E                                      r  Inst_mi/mi_reg_128_255_3_3/SP.LOW/I
  -------------------------------------------------------------------    -------------------

                         (clock clk50mhz_clk_wiz_1 rise edge)
                                                      0.000     0.000 r  
    BUFGCTRL_X0Y16       BUFG                         0.000     0.000 r  clk_IBUF_BUFG_inst/O
                         net (fo=959, routed)         0.814     0.814    inst_divisor/inst/clk
    MMCME2_ADV_X0Y0      MMCME2_ADV (Prop_mmcme2_adv_CLKIN1_CLKOUT0)
                                                     -1.369    -0.555 r  inst_divisor/inst/mmcm_adv_inst/CLKOUT0
                         net (fo=1, routed)           0.528    -0.027    inst_divisor/inst/clk50mhz_clk_wiz_1
    BUFGCTRL_X0Y0        BUFG (Prop_bufg_I_O)         0.029     0.002 r  inst_divisor/inst/clkout1_buf/O
                         net (fo=922, routed)         0.831     0.833    Inst_mi/mi_reg_128_255_3_3/WCLK
    SLICE_X28Y46         RAMD64E                                      r  Inst_mi/mi_reg_128_255_3_3/SP.LOW/CLK
                         clock pessimism             -0.255     0.578    
    SLICE_X28Y46         RAMD64E (Hold_ramd64e_CLK_I)
                                                      0.144     0.722    Inst_mi/mi_reg_128_255_3_3/SP.LOW
  -------------------------------------------------------------------
                         required time                         -0.722    
                         arrival time                           0.774    
  -------------------------------------------------------------------
                         slack                                  0.052    

Slack (MET) :             0.069ns  (arrival time - required time)
  Source:                 inst_prog/Inst_control_prog/dirMIreg_reg[6]_rep/C
                            (rising edge-triggered cell FDRE clocked by clk50mhz_clk_wiz_1  {rise@0.000ns fall@10.000ns period=20.000ns})
  Destination:            Inst_mi/mi_reg_0_127_6_6/DP.HIGH/WADR6
                            (rising edge-triggered cell RAMD64E clocked by clk50mhz_clk_wiz_1  {rise@0.000ns fall@10.000ns period=20.000ns})
  Path Group:             clk50mhz_clk_wiz_1
  Path Type:              Hold (Min at Fast Process Corner)
  Requirement:            0.000ns  (clk50mhz_clk_wiz_1 rise@0.000ns - clk50mhz_clk_wiz_1 rise@0.000ns)
  Data Path Delay:        0.396ns  (logic 0.128ns (32.306%)  route 0.268ns (67.694%))
  Logic Levels:           0  
  Clock Path Skew:        0.267ns (DCD - SCD - CPR)
    Destination Clock Delay (DCD):    0.833ns
    Source Clock Delay      (SCD):    0.566ns
    Clock Pessimism Removal (CPR):    -0.000ns

    Location             Delay type                Incr(ns)  Path(ns)    Netlist Resource(s)
  -------------------------------------------------------------------    -------------------
                         (clock clk50mhz_clk_wiz_1 rise edge)
                                                      0.000     0.000 r  
    BUFGCTRL_X0Y16       BUFG                         0.000     0.000 r  clk_IBUF_BUFG_inst/O
                         net (fo=959, routed)         0.548     0.548    inst_divisor/inst/clk
    MMCME2_ADV_X0Y0      MMCME2_ADV (Prop_mmcme2_adv_CLKIN1_CLKOUT0)
                                                     -1.053    -0.506 r  inst_divisor/inst/mmcm_adv_inst/CLKOUT0
                         net (fo=1, routed)           0.482    -0.024    inst_divisor/inst/clk50mhz_clk_wiz_1
    BUFGCTRL_X0Y0        BUFG (Prop_bufg_I_O)         0.026     0.002 r  inst_divisor/inst/clkout1_buf/O
                         net (fo=922, routed)         0.564     0.566    inst_prog/Inst_control_prog/clk50mhz
    SLICE_X31Y47         FDRE                                         r  inst_prog/Inst_control_prog/dirMIreg_reg[6]_rep/C
  -------------------------------------------------------------------    -------------------
    SLICE_X31Y47         FDRE (Prop_fdre_C_Q)         0.128     0.694 r  inst_prog/Inst_control_prog/dirMIreg_reg[6]_rep/Q
                         net (fo=175, routed)         0.268     0.962    Inst_mi/mi_reg_0_127_6_6/A6
    SLICE_X28Y52         RAMD64E                                      r  Inst_mi/mi_reg_0_127_6_6/DP.HIGH/WADR6
  -------------------------------------------------------------------    -------------------

                         (clock clk50mhz_clk_wiz_1 rise edge)
                                                      0.000     0.000 r  
    BUFGCTRL_X0Y16       BUFG                         0.000     0.000 r  clk_IBUF_BUFG_inst/O
                         net (fo=959, routed)         0.814     0.814    inst_divisor/inst/clk
    MMCME2_ADV_X0Y0      MMCME2_ADV (Prop_mmcme2_adv_CLKIN1_CLKOUT0)
                                                     -1.369    -0.555 r  inst_divisor/inst/mmcm_adv_inst/CLKOUT0
                         net (fo=1, routed)           0.528    -0.027    inst_divisor/inst/clk50mhz_clk_wiz_1
    BUFGCTRL_X0Y0        BUFG (Prop_bufg_I_O)         0.029     0.002 r  inst_divisor/inst/clkout1_buf/O
                         net (fo=922, routed)         0.831     0.833    Inst_mi/mi_reg_0_127_6_6/WCLK
    SLICE_X28Y52         RAMD64E                                      r  Inst_mi/mi_reg_0_127_6_6/DP.HIGH/CLK
                         clock pessimism              0.000     0.833    
    SLICE_X28Y52         RAMD64E (Hold_ramd64e_CLK_WADR6)
                                                      0.060     0.893    Inst_mi/mi_reg_0_127_6_6/DP.HIGH
  -------------------------------------------------------------------
                         required time                         -0.893    
                         arrival time                           0.962    
  -------------------------------------------------------------------
                         slack                                  0.069    

Slack (MET) :             0.069ns  (arrival time - required time)
  Source:                 inst_prog/Inst_control_prog/dirMIreg_reg[6]_rep/C
                            (rising edge-triggered cell FDRE clocked by clk50mhz_clk_wiz_1  {rise@0.000ns fall@10.000ns period=20.000ns})
  Destination:            Inst_mi/mi_reg_0_127_6_6/DP.LOW/WADR6
                            (rising edge-triggered cell RAMD64E clocked by clk50mhz_clk_wiz_1  {rise@0.000ns fall@10.000ns period=20.000ns})
  Path Group:             clk50mhz_clk_wiz_1
  Path Type:              Hold (Min at Fast Process Corner)
  Requirement:            0.000ns  (clk50mhz_clk_wiz_1 rise@0.000ns - clk50mhz_clk_wiz_1 rise@0.000ns)
  Data Path Delay:        0.396ns  (logic 0.128ns (32.306%)  route 0.268ns (67.694%))
  Logic Levels:           0  
  Clock Path Skew:        0.267ns (DCD - SCD - CPR)
    Destination Clock Delay (DCD):    0.833ns
    Source Clock Delay      (SCD):    0.566ns
    Clock Pessimism Removal (CPR):    -0.000ns

    Location             Delay type                Incr(ns)  Path(ns)    Netlist Resource(s)
  -------------------------------------------------------------------    -------------------
                         (clock clk50mhz_clk_wiz_1 rise edge)
                                                      0.000     0.000 r  
    BUFGCTRL_X0Y16       BUFG                         0.000     0.000 r  clk_IBUF_BUFG_inst/O
                         net (fo=959, routed)         0.548     0.548    inst_divisor/inst/clk
    MMCME2_ADV_X0Y0      MMCME2_ADV (Prop_mmcme2_adv_CLKIN1_CLKOUT0)
                                                     -1.053    -0.506 r  inst_divisor/inst/mmcm_adv_inst/CLKOUT0
                         net (fo=1, routed)           0.482    -0.024    inst_divisor/inst/clk50mhz_clk_wiz_1
    BUFGCTRL_X0Y0        BUFG (Prop_bufg_I_O)         0.026     0.002 r  inst_divisor/inst/clkout1_buf/O
                         net (fo=922, routed)         0.564     0.566    inst_prog/Inst_control_prog/clk50mhz
    SLICE_X31Y47         FDRE                                         r  inst_prog/Inst_control_prog/dirMIreg_reg[6]_rep/C
  -------------------------------------------------------------------    -------------------
    SLICE_X31Y47         FDRE (Prop_fdre_C_Q)         0.128     0.694 r  inst_prog/Inst_control_prog/dirMIreg_reg[6]_rep/Q
                         net (fo=175, routed)         0.268     0.962    Inst_mi/mi_reg_0_127_6_6/A6
    SLICE_X28Y52         RAMD64E                                      r  Inst_mi/mi_reg_0_127_6_6/DP.LOW/WADR6
  -------------------------------------------------------------------    -------------------

                         (clock clk50mhz_clk_wiz_1 rise edge)
                                                      0.000     0.000 r  
    BUFGCTRL_X0Y16       BUFG                         0.000     0.000 r  clk_IBUF_BUFG_inst/O
                         net (fo=959, routed)         0.814     0.814    inst_divisor/inst/clk
    MMCME2_ADV_X0Y0      MMCME2_ADV (Prop_mmcme2_adv_CLKIN1_CLKOUT0)
                                                     -1.369    -0.555 r  inst_divisor/inst/mmcm_adv_inst/CLKOUT0
                         net (fo=1, routed)           0.528    -0.027    inst_divisor/inst/clk50mhz_clk_wiz_1
    BUFGCTRL_X0Y0        BUFG (Prop_bufg_I_O)         0.029     0.002 r  inst_divisor/inst/clkout1_buf/O
                         net (fo=922, routed)         0.831     0.833    Inst_mi/mi_reg_0_127_6_6/WCLK
    SLICE_X28Y52         RAMD64E                                      r  Inst_mi/mi_reg_0_127_6_6/DP.LOW/CLK
                         clock pessimism              0.000     0.833    
    SLICE_X28Y52         RAMD64E (Hold_ramd64e_CLK_WADR6)
                                                      0.060     0.893    Inst_mi/mi_reg_0_127_6_6/DP.LOW
  -------------------------------------------------------------------
                         required time                         -0.893    
                         arrival time                           0.962    
  -------------------------------------------------------------------
                         slack                                  0.069    

Slack (MET) :             0.069ns  (arrival time - required time)
  Source:                 inst_prog/Inst_control_prog/dirMIreg_reg[6]_rep/C
                            (rising edge-triggered cell FDRE clocked by clk50mhz_clk_wiz_1  {rise@0.000ns fall@10.000ns period=20.000ns})
  Destination:            Inst_mi/mi_reg_0_127_6_6/SP.HIGH/WADR6
                            (rising edge-triggered cell RAMD64E clocked by clk50mhz_clk_wiz_1  {rise@0.000ns fall@10.000ns period=20.000ns})
  Path Group:             clk50mhz_clk_wiz_1
  Path Type:              Hold (Min at Fast Process Corner)
  Requirement:            0.000ns  (clk50mhz_clk_wiz_1 rise@0.000ns - clk50mhz_clk_wiz_1 rise@0.000ns)
  Data Path Delay:        0.396ns  (logic 0.128ns (32.306%)  route 0.268ns (67.694%))
  Logic Levels:           0  
  Clock Path Skew:        0.267ns (DCD - SCD - CPR)
    Destination Clock Delay (DCD):    0.833ns
    Source Clock Delay      (SCD):    0.566ns
    Clock Pessimism Removal (CPR):    -0.000ns

    Location             Delay type                Incr(ns)  Path(ns)    Netlist Resource(s)
  -------------------------------------------------------------------    -------------------
                         (clock clk50mhz_clk_wiz_1 rise edge)
                                                      0.000     0.000 r  
    BUFGCTRL_X0Y16       BUFG                         0.000     0.000 r  clk_IBUF_BUFG_inst/O
                         net (fo=959, routed)         0.548     0.548    inst_divisor/inst/clk
    MMCME2_ADV_X0Y0      MMCME2_ADV (Prop_mmcme2_adv_CLKIN1_CLKOUT0)
                                                     -1.053    -0.506 r  inst_divisor/inst/mmcm_adv_inst/CLKOUT0
                         net (fo=1, routed)           0.482    -0.024    inst_divisor/inst/clk50mhz_clk_wiz_1
    BUFGCTRL_X0Y0        BUFG (Prop_bufg_I_O)         0.026     0.002 r  inst_divisor/inst/clkout1_buf/O
                         net (fo=922, routed)         0.564     0.566    inst_prog/Inst_control_prog/clk50mhz
    SLICE_X31Y47         FDRE                                         r  inst_prog/Inst_control_prog/dirMIreg_reg[6]_rep/C
  -------------------------------------------------------------------    -------------------
    SLICE_X31Y47         FDRE (Prop_fdre_C_Q)         0.128     0.694 r  inst_prog/Inst_control_prog/dirMIreg_reg[6]_rep/Q
                         net (fo=175, routed)         0.268     0.962    Inst_mi/mi_reg_0_127_6_6/A6
    SLICE_X28Y52         RAMD64E                                      r  Inst_mi/mi_reg_0_127_6_6/SP.HIGH/WADR6
  -------------------------------------------------------------------    -------------------

                         (clock clk50mhz_clk_wiz_1 rise edge)
                                                      0.000     0.000 r  
    BUFGCTRL_X0Y16       BUFG                         0.000     0.000 r  clk_IBUF_BUFG_inst/O
                         net (fo=959, routed)         0.814     0.814    inst_divisor/inst/clk
    MMCME2_ADV_X0Y0      MMCME2_ADV (Prop_mmcme2_adv_CLKIN1_CLKOUT0)
                                                     -1.369    -0.555 r  inst_divisor/inst/mmcm_adv_inst/CLKOUT0
                         net (fo=1, routed)           0.528    -0.027    inst_divisor/inst/clk50mhz_clk_wiz_1
    BUFGCTRL_X0Y0        BUFG (Prop_bufg_I_O)         0.029     0.002 r  inst_divisor/inst/clkout1_buf/O
                         net (fo=922, routed)         0.831     0.833    Inst_mi/mi_reg_0_127_6_6/WCLK
    SLICE_X28Y52         RAMD64E                                      r  Inst_mi/mi_reg_0_127_6_6/SP.HIGH/CLK
                         clock pessimism              0.000     0.833    
    SLICE_X28Y52         RAMD64E (Hold_ramd64e_CLK_WADR6)
                                                      0.060     0.893    Inst_mi/mi_reg_0_127_6_6/SP.HIGH
  -------------------------------------------------------------------
                         required time                         -0.893    
                         arrival time                           0.962    
  -------------------------------------------------------------------
                         slack                                  0.069    

Slack (MET) :             0.069ns  (arrival time - required time)
  Source:                 inst_prog/Inst_control_prog/dirMIreg_reg[6]_rep/C
                            (rising edge-triggered cell FDRE clocked by clk50mhz_clk_wiz_1  {rise@0.000ns fall@10.000ns period=20.000ns})
  Destination:            Inst_mi/mi_reg_0_127_6_6/SP.LOW/WADR6
                            (rising edge-triggered cell RAMD64E clocked by clk50mhz_clk_wiz_1  {rise@0.000ns fall@10.000ns period=20.000ns})
  Path Group:             clk50mhz_clk_wiz_1
  Path Type:              Hold (Min at Fast Process Corner)
  Requirement:            0.000ns  (clk50mhz_clk_wiz_1 rise@0.000ns - clk50mhz_clk_wiz_1 rise@0.000ns)
  Data Path Delay:        0.396ns  (logic 0.128ns (32.306%)  route 0.268ns (67.694%))
  Logic Levels:           0  
  Clock Path Skew:        0.267ns (DCD - SCD - CPR)
    Destination Clock Delay (DCD):    0.833ns
    Source Clock Delay      (SCD):    0.566ns
    Clock Pessimism Removal (CPR):    -0.000ns

    Location             Delay type                Incr(ns)  Path(ns)    Netlist Resource(s)
  -------------------------------------------------------------------    -------------------
                         (clock clk50mhz_clk_wiz_1 rise edge)
                                                      0.000     0.000 r  
    BUFGCTRL_X0Y16       BUFG                         0.000     0.000 r  clk_IBUF_BUFG_inst/O
                         net (fo=959, routed)         0.548     0.548    inst_divisor/inst/clk
    MMCME2_ADV_X0Y0      MMCME2_ADV (Prop_mmcme2_adv_CLKIN1_CLKOUT0)
                                                     -1.053    -0.506 r  inst_divisor/inst/mmcm_adv_inst/CLKOUT0
                         net (fo=1, routed)           0.482    -0.024    inst_divisor/inst/clk50mhz_clk_wiz_1
    BUFGCTRL_X0Y0        BUFG (Prop_bufg_I_O)         0.026     0.002 r  inst_divisor/inst/clkout1_buf/O
                         net (fo=922, routed)         0.564     0.566    inst_prog/Inst_control_prog/clk50mhz
    SLICE_X31Y47         FDRE                                         r  inst_prog/Inst_control_prog/dirMIreg_reg[6]_rep/C
  -------------------------------------------------------------------    -------------------
    SLICE_X31Y47         FDRE (Prop_fdre_C_Q)         0.128     0.694 r  inst_prog/Inst_control_prog/dirMIreg_reg[6]_rep/Q
                         net (fo=175, routed)         0.268     0.962    Inst_mi/mi_reg_0_127_6_6/A6
    SLICE_X28Y52         RAMD64E                                      r  Inst_mi/mi_reg_0_127_6_6/SP.LOW/WADR6
  -------------------------------------------------------------------    -------------------

                         (clock clk50mhz_clk_wiz_1 rise edge)
                                                      0.000     0.000 r  
    BUFGCTRL_X0Y16       BUFG                         0.000     0.000 r  clk_IBUF_BUFG_inst/O
                         net (fo=959, routed)         0.814     0.814    inst_divisor/inst/clk
    MMCME2_ADV_X0Y0      MMCME2_ADV (Prop_mmcme2_adv_CLKIN1_CLKOUT0)
                                                     -1.369    -0.555 r  inst_divisor/inst/mmcm_adv_inst/CLKOUT0
                         net (fo=1, routed)           0.528    -0.027    inst_divisor/inst/clk50mhz_clk_wiz_1
    BUFGCTRL_X0Y0        BUFG (Prop_bufg_I_O)         0.029     0.002 r  inst_divisor/inst/clkout1_buf/O
                         net (fo=922, routed)         0.831     0.833    Inst_mi/mi_reg_0_127_6_6/WCLK
    SLICE_X28Y52         RAMD64E                                      r  Inst_mi/mi_reg_0_127_6_6/SP.LOW/CLK
                         clock pessimism              0.000     0.833    
    SLICE_X28Y52         RAMD64E (Hold_ramd64e_CLK_WADR6)
                                                      0.060     0.893    Inst_mi/mi_reg_0_127_6_6/SP.LOW
  -------------------------------------------------------------------
                         required time                         -0.893    
                         arrival time                           0.962    
  -------------------------------------------------------------------
                         slack                                  0.069    

Slack (MET) :             0.072ns  (arrival time - required time)
  Source:                 inst_prog/Inst_control_prog/pal_reg[0][2]/C
                            (rising edge-triggered cell FDRE clocked by clk50mhz_clk_wiz_1  {rise@0.000ns fall@10.000ns period=20.000ns})
  Destination:            Inst_mi/mi_reg_256_383_26_26/SP.LOW/I
                            (rising edge-triggered cell RAMD64E clocked by clk50mhz_clk_wiz_1  {rise@0.000ns fall@10.000ns period=20.000ns})
  Path Group:             clk50mhz_clk_wiz_1
  Path Type:              Hold (Min at Fast Process Corner)
  Requirement:            0.000ns  (clk50mhz_clk_wiz_1 rise@0.000ns - clk50mhz_clk_wiz_1 rise@0.000ns)
  Data Path Delay:        0.481ns  (logic 0.141ns (29.302%)  route 0.340ns (70.698%))
  Logic Levels:           0  
  Clock Path Skew:        0.265ns (DCD - SCD - CPR)
    Destination Clock Delay (DCD):    0.828ns
    Source Clock Delay      (SCD):    0.563ns
    Clock Pessimism Removal (CPR):    -0.000ns

    Location             Delay type                Incr(ns)  Path(ns)    Netlist Resource(s)
  -------------------------------------------------------------------    -------------------
                         (clock clk50mhz_clk_wiz_1 rise edge)
                                                      0.000     0.000 r  
    BUFGCTRL_X0Y16       BUFG                         0.000     0.000 r  clk_IBUF_BUFG_inst/O
                         net (fo=959, routed)         0.548     0.548    inst_divisor/inst/clk
    MMCME2_ADV_X0Y0      MMCME2_ADV (Prop_mmcme2_adv_CLKIN1_CLKOUT0)
                                                     -1.053    -0.506 r  inst_divisor/inst/mmcm_adv_inst/CLKOUT0
                         net (fo=1, routed)           0.482    -0.024    inst_divisor/inst/clk50mhz_clk_wiz_1
    BUFGCTRL_X0Y0        BUFG (Prop_bufg_I_O)         0.026     0.002 r  inst_divisor/inst/clkout1_buf/O
                         net (fo=922, routed)         0.561     0.563    inst_prog/Inst_control_prog/clk50mhz
    SLICE_X25Y49         FDRE                                         r  inst_prog/Inst_control_prog/pal_reg[0][2]/C
  -------------------------------------------------------------------    -------------------
    SLICE_X25Y49         FDRE (Prop_fdre_C_Q)         0.141     0.704 r  inst_prog/Inst_control_prog/pal_reg[0][2]/Q
                         net (fo=17, routed)          0.340     1.044    Inst_mi/mi_reg_256_383_26_26/D
    SLICE_X24Y59         RAMD64E                                      r  Inst_mi/mi_reg_256_383_26_26/SP.LOW/I
  -------------------------------------------------------------------    -------------------

                         (clock clk50mhz_clk_wiz_1 rise edge)
                                                      0.000     0.000 r  
    BUFGCTRL_X0Y16       BUFG                         0.000     0.000 r  clk_IBUF_BUFG_inst/O
                         net (fo=959, routed)         0.814     0.814    inst_divisor/inst/clk
    MMCME2_ADV_X0Y0      MMCME2_ADV (Prop_mmcme2_adv_CLKIN1_CLKOUT0)
                                                     -1.369    -0.555 r  inst_divisor/inst/mmcm_adv_inst/CLKOUT0
                         net (fo=1, routed)           0.528    -0.027    inst_divisor/inst/clk50mhz_clk_wiz_1
    BUFGCTRL_X0Y0        BUFG (Prop_bufg_I_O)         0.029     0.002 r  inst_divisor/inst/clkout1_buf/O
                         net (fo=922, routed)         0.826     0.828    Inst_mi/mi_reg_256_383_26_26/WCLK
    SLICE_X24Y59         RAMD64E                                      r  Inst_mi/mi_reg_256_383_26_26/SP.LOW/CLK
                         clock pessimism              0.000     0.828    
    SLICE_X24Y59         RAMD64E (Hold_ramd64e_CLK_I)
                                                      0.144     0.972    Inst_mi/mi_reg_256_383_26_26/SP.LOW
  -------------------------------------------------------------------
                         required time                         -0.972    
                         arrival time                           1.044    
  -------------------------------------------------------------------
                         slack                                  0.072    

Slack (MET) :             0.083ns  (arrival time - required time)
  Source:                 inst_prog/Inst_control_prog/dirMIreg_reg[4]_rep__1/C
                            (rising edge-triggered cell FDRE clocked by clk50mhz_clk_wiz_1  {rise@0.000ns fall@10.000ns period=20.000ns})
  Destination:            Inst_mi/mi_reg_256_383_8_8/DP.HIGH/WADR4
                            (rising edge-triggered cell RAMD64E clocked by clk50mhz_clk_wiz_1  {rise@0.000ns fall@10.000ns period=20.000ns})
  Path Group:             clk50mhz_clk_wiz_1
  Path Type:              Hold (Min at Fast Process Corner)
  Requirement:            0.000ns  (clk50mhz_clk_wiz_1 rise@0.000ns - clk50mhz_clk_wiz_1 rise@0.000ns)
  Data Path Delay:        0.299ns  (logic 0.141ns (47.141%)  route 0.158ns (52.859%))
  Logic Levels:           0  
  Clock Path Skew:        0.016ns (DCD - SCD - CPR)
    Destination Clock Delay (DCD):    0.834ns
    Source Clock Delay      (SCD):    0.566ns
    Clock Pessimism Removal (CPR):    0.252ns

    Location             Delay type                Incr(ns)  Path(ns)    Netlist Resource(s)
  -------------------------------------------------------------------    -------------------
                         (clock clk50mhz_clk_wiz_1 rise edge)
                                                      0.000     0.000 r  
    BUFGCTRL_X0Y16       BUFG                         0.000     0.000 r  clk_IBUF_BUFG_inst/O
                         net (fo=959, routed)         0.548     0.548    inst_divisor/inst/clk
    MMCME2_ADV_X0Y0      MMCME2_ADV (Prop_mmcme2_adv_CLKIN1_CLKOUT0)
                                                     -1.053    -0.506 r  inst_divisor/inst/mmcm_adv_inst/CLKOUT0
                         net (fo=1, routed)           0.482    -0.024    inst_divisor/inst/clk50mhz_clk_wiz_1
    BUFGCTRL_X0Y0        BUFG (Prop_bufg_I_O)         0.026     0.002 r  inst_divisor/inst/clkout1_buf/O
                         net (fo=922, routed)         0.564     0.566    inst_prog/Inst_control_prog/clk50mhz
    SLICE_X18Y48         FDRE                                         r  inst_prog/Inst_control_prog/dirMIreg_reg[4]_rep__1/C
  -------------------------------------------------------------------    -------------------
    SLICE_X18Y48         FDRE (Prop_fdre_C_Q)         0.141     0.707 r  inst_prog/Inst_control_prog/dirMIreg_reg[4]_rep__1/Q
                         net (fo=206, routed)         0.158     0.865    Inst_mi/mi_reg_256_383_8_8/A4
    SLICE_X16Y48         RAMD64E                                      r  Inst_mi/mi_reg_256_383_8_8/DP.HIGH/WADR4
  -------------------------------------------------------------------    -------------------

                         (clock clk50mhz_clk_wiz_1 rise edge)
                                                      0.000     0.000 r  
    BUFGCTRL_X0Y16       BUFG                         0.000     0.000 r  clk_IBUF_BUFG_inst/O
                         net (fo=959, routed)         0.814     0.814    inst_divisor/inst/clk
    MMCME2_ADV_X0Y0      MMCME2_ADV (Prop_mmcme2_adv_CLKIN1_CLKOUT0)
                                                     -1.369    -0.555 r  inst_divisor/inst/mmcm_adv_inst/CLKOUT0
                         net (fo=1, routed)           0.528    -0.027    inst_divisor/inst/clk50mhz_clk_wiz_1
    BUFGCTRL_X0Y0        BUFG (Prop_bufg_I_O)         0.029     0.002 r  inst_divisor/inst/clkout1_buf/O
                         net (fo=922, routed)         0.832     0.834    Inst_mi/mi_reg_256_383_8_8/WCLK
    SLICE_X16Y48         RAMD64E                                      r  Inst_mi/mi_reg_256_383_8_8/DP.HIGH/CLK
                         clock pessimism             -0.252     0.582    
    SLICE_X16Y48         RAMD64E (Hold_ramd64e_CLK_WADR4)
                                                      0.200     0.782    Inst_mi/mi_reg_256_383_8_8/DP.HIGH
  -------------------------------------------------------------------
                         required time                         -0.782    
                         arrival time                           0.865    
  -------------------------------------------------------------------
                         slack                                  0.083    

Slack (MET) :             0.083ns  (arrival time - required time)
  Source:                 inst_prog/Inst_control_prog/dirMIreg_reg[4]_rep__1/C
                            (rising edge-triggered cell FDRE clocked by clk50mhz_clk_wiz_1  {rise@0.000ns fall@10.000ns period=20.000ns})
  Destination:            Inst_mi/mi_reg_256_383_8_8/DP.LOW/WADR4
                            (rising edge-triggered cell RAMD64E clocked by clk50mhz_clk_wiz_1  {rise@0.000ns fall@10.000ns period=20.000ns})
  Path Group:             clk50mhz_clk_wiz_1
  Path Type:              Hold (Min at Fast Process Corner)
  Requirement:            0.000ns  (clk50mhz_clk_wiz_1 rise@0.000ns - clk50mhz_clk_wiz_1 rise@0.000ns)
  Data Path Delay:        0.299ns  (logic 0.141ns (47.141%)  route 0.158ns (52.859%))
  Logic Levels:           0  
  Clock Path Skew:        0.016ns (DCD - SCD - CPR)
    Destination Clock Delay (DCD):    0.834ns
    Source Clock Delay      (SCD):    0.566ns
    Clock Pessimism Removal (CPR):    0.252ns

    Location             Delay type                Incr(ns)  Path(ns)    Netlist Resource(s)
  -------------------------------------------------------------------    -------------------
                         (clock clk50mhz_clk_wiz_1 rise edge)
                                                      0.000     0.000 r  
    BUFGCTRL_X0Y16       BUFG                         0.000     0.000 r  clk_IBUF_BUFG_inst/O
                         net (fo=959, routed)         0.548     0.548    inst_divisor/inst/clk
    MMCME2_ADV_X0Y0      MMCME2_ADV (Prop_mmcme2_adv_CLKIN1_CLKOUT0)
                                                     -1.053    -0.506 r  inst_divisor/inst/mmcm_adv_inst/CLKOUT0
                         net (fo=1, routed)           0.482    -0.024    inst_divisor/inst/clk50mhz_clk_wiz_1
    BUFGCTRL_X0Y0        BUFG (Prop_bufg_I_O)         0.026     0.002 r  inst_divisor/inst/clkout1_buf/O
                         net (fo=922, routed)         0.564     0.566    inst_prog/Inst_control_prog/clk50mhz
    SLICE_X18Y48         FDRE                                         r  inst_prog/Inst_control_prog/dirMIreg_reg[4]_rep__1/C
  -------------------------------------------------------------------    -------------------
    SLICE_X18Y48         FDRE (Prop_fdre_C_Q)         0.141     0.707 r  inst_prog/Inst_control_prog/dirMIreg_reg[4]_rep__1/Q
                         net (fo=206, routed)         0.158     0.865    Inst_mi/mi_reg_256_383_8_8/A4
    SLICE_X16Y48         RAMD64E                                      r  Inst_mi/mi_reg_256_383_8_8/DP.LOW/WADR4
  -------------------------------------------------------------------    -------------------

                         (clock clk50mhz_clk_wiz_1 rise edge)
                                                      0.000     0.000 r  
    BUFGCTRL_X0Y16       BUFG                         0.000     0.000 r  clk_IBUF_BUFG_inst/O
                         net (fo=959, routed)         0.814     0.814    inst_divisor/inst/clk
    MMCME2_ADV_X0Y0      MMCME2_ADV (Prop_mmcme2_adv_CLKIN1_CLKOUT0)
                                                     -1.369    -0.555 r  inst_divisor/inst/mmcm_adv_inst/CLKOUT0
                         net (fo=1, routed)           0.528    -0.027    inst_divisor/inst/clk50mhz_clk_wiz_1
    BUFGCTRL_X0Y0        BUFG (Prop_bufg_I_O)         0.029     0.002 r  inst_divisor/inst/clkout1_buf/O
                         net (fo=922, routed)         0.832     0.834    Inst_mi/mi_reg_256_383_8_8/WCLK
    SLICE_X16Y48         RAMD64E                                      r  Inst_mi/mi_reg_256_383_8_8/DP.LOW/CLK
                         clock pessimism             -0.252     0.582    
    SLICE_X16Y48         RAMD64E (Hold_ramd64e_CLK_WADR4)
                                                      0.200     0.782    Inst_mi/mi_reg_256_383_8_8/DP.LOW
  -------------------------------------------------------------------
                         required time                         -0.782    
                         arrival time                           0.865    
  -------------------------------------------------------------------
                         slack                                  0.083    

Slack (MET) :             0.083ns  (arrival time - required time)
  Source:                 inst_prog/Inst_control_prog/dirMIreg_reg[4]_rep__1/C
                            (rising edge-triggered cell FDRE clocked by clk50mhz_clk_wiz_1  {rise@0.000ns fall@10.000ns period=20.000ns})
  Destination:            Inst_mi/mi_reg_256_383_8_8/SP.HIGH/WADR4
                            (rising edge-triggered cell RAMD64E clocked by clk50mhz_clk_wiz_1  {rise@0.000ns fall@10.000ns period=20.000ns})
  Path Group:             clk50mhz_clk_wiz_1
  Path Type:              Hold (Min at Fast Process Corner)
  Requirement:            0.000ns  (clk50mhz_clk_wiz_1 rise@0.000ns - clk50mhz_clk_wiz_1 rise@0.000ns)
  Data Path Delay:        0.299ns  (logic 0.141ns (47.141%)  route 0.158ns (52.859%))
  Logic Levels:           0  
  Clock Path Skew:        0.016ns (DCD - SCD - CPR)
    Destination Clock Delay (DCD):    0.834ns
    Source Clock Delay      (SCD):    0.566ns
    Clock Pessimism Removal (CPR):    0.252ns

    Location             Delay type                Incr(ns)  Path(ns)    Netlist Resource(s)
  -------------------------------------------------------------------    -------------------
                         (clock clk50mhz_clk_wiz_1 rise edge)
                                                      0.000     0.000 r  
    BUFGCTRL_X0Y16       BUFG                         0.000     0.000 r  clk_IBUF_BUFG_inst/O
                         net (fo=959, routed)         0.548     0.548    inst_divisor/inst/clk
    MMCME2_ADV_X0Y0      MMCME2_ADV (Prop_mmcme2_adv_CLKIN1_CLKOUT0)
                                                     -1.053    -0.506 r  inst_divisor/inst/mmcm_adv_inst/CLKOUT0
                         net (fo=1, routed)           0.482    -0.024    inst_divisor/inst/clk50mhz_clk_wiz_1
    BUFGCTRL_X0Y0        BUFG (Prop_bufg_I_O)         0.026     0.002 r  inst_divisor/inst/clkout1_buf/O
                         net (fo=922, routed)         0.564     0.566    inst_prog/Inst_control_prog/clk50mhz
    SLICE_X18Y48         FDRE                                         r  inst_prog/Inst_control_prog/dirMIreg_reg[4]_rep__1/C
  -------------------------------------------------------------------    -------------------
    SLICE_X18Y48         FDRE (Prop_fdre_C_Q)         0.141     0.707 r  inst_prog/Inst_control_prog/dirMIreg_reg[4]_rep__1/Q
                         net (fo=206, routed)         0.158     0.865    Inst_mi/mi_reg_256_383_8_8/A4
    SLICE_X16Y48         RAMD64E                                      r  Inst_mi/mi_reg_256_383_8_8/SP.HIGH/WADR4
  -------------------------------------------------------------------    -------------------

                         (clock clk50mhz_clk_wiz_1 rise edge)
                                                      0.000     0.000 r  
    BUFGCTRL_X0Y16       BUFG                         0.000     0.000 r  clk_IBUF_BUFG_inst/O
                         net (fo=959, routed)         0.814     0.814    inst_divisor/inst/clk
    MMCME2_ADV_X0Y0      MMCME2_ADV (Prop_mmcme2_adv_CLKIN1_CLKOUT0)
                                                     -1.369    -0.555 r  inst_divisor/inst/mmcm_adv_inst/CLKOUT0
                         net (fo=1, routed)           0.528    -0.027    inst_divisor/inst/clk50mhz_clk_wiz_1
    BUFGCTRL_X0Y0        BUFG (Prop_bufg_I_O)         0.029     0.002 r  inst_divisor/inst/clkout1_buf/O
                         net (fo=922, routed)         0.832     0.834    Inst_mi/mi_reg_256_383_8_8/WCLK
    SLICE_X16Y48         RAMD64E                                      r  Inst_mi/mi_reg_256_383_8_8/SP.HIGH/CLK
                         clock pessimism             -0.252     0.582    
    SLICE_X16Y48         RAMD64E (Hold_ramd64e_CLK_WADR4)
                                                      0.200     0.782    Inst_mi/mi_reg_256_383_8_8/SP.HIGH
  -------------------------------------------------------------------
                         required time                         -0.782    
                         arrival time                           0.865    
  -------------------------------------------------------------------
                         slack                                  0.083    

Slack (MET) :             0.083ns  (arrival time - required time)
  Source:                 inst_prog/Inst_control_prog/dirMIreg_reg[4]_rep__1/C
                            (rising edge-triggered cell FDRE clocked by clk50mhz_clk_wiz_1  {rise@0.000ns fall@10.000ns period=20.000ns})
  Destination:            Inst_mi/mi_reg_256_383_8_8/SP.LOW/WADR4
                            (rising edge-triggered cell RAMD64E clocked by clk50mhz_clk_wiz_1  {rise@0.000ns fall@10.000ns period=20.000ns})
  Path Group:             clk50mhz_clk_wiz_1
  Path Type:              Hold (Min at Fast Process Corner)
  Requirement:            0.000ns  (clk50mhz_clk_wiz_1 rise@0.000ns - clk50mhz_clk_wiz_1 rise@0.000ns)
  Data Path Delay:        0.299ns  (logic 0.141ns (47.141%)  route 0.158ns (52.859%))
  Logic Levels:           0  
  Clock Path Skew:        0.016ns (DCD - SCD - CPR)
    Destination Clock Delay (DCD):    0.834ns
    Source Clock Delay      (SCD):    0.566ns
    Clock Pessimism Removal (CPR):    0.252ns

    Location             Delay type                Incr(ns)  Path(ns)    Netlist Resource(s)
  -------------------------------------------------------------------    -------------------
                         (clock clk50mhz_clk_wiz_1 rise edge)
                                                      0.000     0.000 r  
    BUFGCTRL_X0Y16       BUFG                         0.000     0.000 r  clk_IBUF_BUFG_inst/O
                         net (fo=959, routed)         0.548     0.548    inst_divisor/inst/clk
    MMCME2_ADV_X0Y0      MMCME2_ADV (Prop_mmcme2_adv_CLKIN1_CLKOUT0)
                                                     -1.053    -0.506 r  inst_divisor/inst/mmcm_adv_inst/CLKOUT0
                         net (fo=1, routed)           0.482    -0.024    inst_divisor/inst/clk50mhz_clk_wiz_1
    BUFGCTRL_X0Y0        BUFG (Prop_bufg_I_O)         0.026     0.002 r  inst_divisor/inst/clkout1_buf/O
                         net (fo=922, routed)         0.564     0.566    inst_prog/Inst_control_prog/clk50mhz
    SLICE_X18Y48         FDRE                                         r  inst_prog/Inst_control_prog/dirMIreg_reg[4]_rep__1/C
  -------------------------------------------------------------------    -------------------
    SLICE_X18Y48         FDRE (Prop_fdre_C_Q)         0.141     0.707 r  inst_prog/Inst_control_prog/dirMIreg_reg[4]_rep__1/Q
                         net (fo=206, routed)         0.158     0.865    Inst_mi/mi_reg_256_383_8_8/A4
    SLICE_X16Y48         RAMD64E                                      r  Inst_mi/mi_reg_256_383_8_8/SP.LOW/WADR4
  -------------------------------------------------------------------    -------------------

                         (clock clk50mhz_clk_wiz_1 rise edge)
                                                      0.000     0.000 r  
    BUFGCTRL_X0Y16       BUFG                         0.000     0.000 r  clk_IBUF_BUFG_inst/O
                         net (fo=959, routed)         0.814     0.814    inst_divisor/inst/clk
    MMCME2_ADV_X0Y0      MMCME2_ADV (Prop_mmcme2_adv_CLKIN1_CLKOUT0)
                                                     -1.369    -0.555 r  inst_divisor/inst/mmcm_adv_inst/CLKOUT0
                         net (fo=1, routed)           0.528    -0.027    inst_divisor/inst/clk50mhz_clk_wiz_1
    BUFGCTRL_X0Y0        BUFG (Prop_bufg_I_O)         0.029     0.002 r  inst_divisor/inst/clkout1_buf/O
                         net (fo=922, routed)         0.832     0.834    Inst_mi/mi_reg_256_383_8_8/WCLK
    SLICE_X16Y48         RAMD64E                                      r  Inst_mi/mi_reg_256_383_8_8/SP.LOW/CLK
                         clock pessimism             -0.252     0.582    
    SLICE_X16Y48         RAMD64E (Hold_ramd64e_CLK_WADR4)
                                                      0.200     0.782    Inst_mi/mi_reg_256_383_8_8/SP.LOW
  -------------------------------------------------------------------
                         required time                         -0.782    
                         arrival time                           0.865    
  -------------------------------------------------------------------
                         slack                                  0.083    





Pulse Width Checks
--------------------------------------------------------------------------------------
Clock Name:         clk50mhz_clk_wiz_1
Waveform(ns):       { 0.000 10.000 }
Period(ns):         20.000
Sources:            { inst_divisor/inst/mmcm_adv_inst/CLKOUT0 }

Check Type        Corner  Lib Pin             Reference Pin  Required(ns)  Actual(ns)  Slack(ns)  Location         Pin
Min Period        n/a     BUFG/I              n/a            2.155         20.000      17.845     BUFGCTRL_X0Y0    inst_divisor/inst/clkout1_buf/I
Min Period        n/a     MMCME2_ADV/CLKOUT0  n/a            1.249         20.000      18.751     MMCME2_ADV_X0Y0  inst_divisor/inst/mmcm_adv_inst/CLKOUT0
Min Period        n/a     FDRE/C              n/a            1.000         20.000      19.000     SLICE_X5Y45      Inst_md_io/clk_div_reg[0]/C
Min Period        n/a     FDRE/C              n/a            1.000         20.000      19.000     SLICE_X5Y47      Inst_md_io/clk_div_reg[10]/C
Min Period        n/a     FDRE/C              n/a            1.000         20.000      19.000     SLICE_X5Y47      Inst_md_io/clk_div_reg[11]/C
Min Period        n/a     FDRE/C              n/a            1.000         20.000      19.000     SLICE_X5Y48      Inst_md_io/clk_div_reg[12]/C
Min Period        n/a     FDRE/C              n/a            1.000         20.000      19.000     SLICE_X5Y48      Inst_md_io/clk_div_reg[13]/C
Min Period        n/a     FDRE/C              n/a            1.000         20.000      19.000     SLICE_X5Y48      Inst_md_io/clk_div_reg[14]/C
Min Period        n/a     FDRE/C              n/a            1.000         20.000      19.000     SLICE_X5Y48      Inst_md_io/clk_div_reg[15]/C
Min Period        n/a     FDRE/C              n/a            1.000         20.000      19.000     SLICE_X5Y49      Inst_md_io/clk_div_reg[16]/C
Max Period        n/a     MMCME2_ADV/CLKOUT0  n/a            213.360       20.000      193.360    MMCME2_ADV_X0Y0  inst_divisor/inst/mmcm_adv_inst/CLKOUT0
Low Pulse Width   Slow    RAMS64E/CLK         n/a            1.250         10.000      8.750      SLICE_X12Y63     Inst_md_io/Inst_md/mem00_reg_0_127_0_0/HIGH/CLK
Low Pulse Width   Fast    RAMS64E/CLK         n/a            1.250         10.000      8.750      SLICE_X12Y63     Inst_md_io/Inst_md/mem00_reg_0_127_0_0/HIGH/CLK
Low Pulse Width   Slow    RAMS64E/CLK         n/a            1.250         10.000      8.750      SLICE_X12Y63     Inst_md_io/Inst_md/mem00_reg_0_127_0_0/LOW/CLK
Low Pulse Width   Fast    RAMS64E/CLK         n/a            1.250         10.000      8.750      SLICE_X12Y63     Inst_md_io/Inst_md/mem00_reg_0_127_0_0/LOW/CLK
Low Pulse Width   Slow    RAMS64E/CLK         n/a            1.250         10.000      8.750      SLICE_X12Y63     Inst_md_io/Inst_md/mem00_reg_0_127_1_1/HIGH/CLK
Low Pulse Width   Fast    RAMS64E/CLK         n/a            1.250         10.000      8.750      SLICE_X12Y63     Inst_md_io/Inst_md/mem00_reg_0_127_1_1/HIGH/CLK
Low Pulse Width   Slow    RAMS64E/CLK         n/a            1.250         10.000      8.750      SLICE_X12Y63     Inst_md_io/Inst_md/mem00_reg_0_127_1_1/LOW/CLK
Low Pulse Width   Fast    RAMS64E/CLK         n/a            1.250         10.000      8.750      SLICE_X12Y63     Inst_md_io/Inst_md/mem00_reg_0_127_1_1/LOW/CLK
Low Pulse Width   Slow    RAMS64E/CLK         n/a            1.250         10.000      8.750      SLICE_X12Y64     Inst_md_io/Inst_md/mem00_reg_0_127_2_2/HIGH/CLK
Low Pulse Width   Fast    RAMS64E/CLK         n/a            1.250         10.000      8.750      SLICE_X12Y64     Inst_md_io/Inst_md/mem00_reg_0_127_2_2/HIGH/CLK
High Pulse Width  Slow    RAMS64E/CLK         n/a            1.250         10.000      8.750      SLICE_X12Y63     Inst_md_io/Inst_md/mem00_reg_0_127_0_0/HIGH/CLK
High Pulse Width  Fast    RAMS64E/CLK         n/a            1.250         10.000      8.750      SLICE_X12Y63     Inst_md_io/Inst_md/mem00_reg_0_127_0_0/HIGH/CLK
High Pulse Width  Slow    RAMS64E/CLK         n/a            1.250         10.000      8.750      SLICE_X12Y63     Inst_md_io/Inst_md/mem00_reg_0_127_0_0/LOW/CLK
High Pulse Width  Fast    RAMS64E/CLK         n/a            1.250         10.000      8.750      SLICE_X12Y63     Inst_md_io/Inst_md/mem00_reg_0_127_0_0/LOW/CLK
High Pulse Width  Slow    RAMS64E/CLK         n/a            1.250         10.000      8.750      SLICE_X12Y63     Inst_md_io/Inst_md/mem00_reg_0_127_1_1/HIGH/CLK
High Pulse Width  Fast    RAMS64E/CLK         n/a            1.250         10.000      8.750      SLICE_X12Y63     Inst_md_io/Inst_md/mem00_reg_0_127_1_1/HIGH/CLK
High Pulse Width  Slow    RAMS64E/CLK         n/a            1.250         10.000      8.750      SLICE_X12Y63     Inst_md_io/Inst_md/mem00_reg_0_127_1_1/LOW/CLK
High Pulse Width  Fast    RAMS64E/CLK         n/a            1.250         10.000      8.750      SLICE_X12Y63     Inst_md_io/Inst_md/mem00_reg_0_127_1_1/LOW/CLK
High Pulse Width  Slow    RAMS64E/CLK         n/a            1.250         10.000      8.750      SLICE_X12Y64     Inst_md_io/Inst_md/mem00_reg_0_127_2_2/HIGH/CLK
High Pulse Width  Fast    RAMS64E/CLK         n/a            1.250         10.000      8.750      SLICE_X12Y64     Inst_md_io/Inst_md/mem00_reg_0_127_2_2/HIGH/CLK



---------------------------------------------------------------------------------------------------
From Clock:  clkfbout_clk_wiz_1
  To Clock:  clkfbout_clk_wiz_1

Setup :           NA  Failing Endpoints,  Worst Slack           NA  ,  Total Violation           NA
Hold  :           NA  Failing Endpoints,  Worst Slack           NA  ,  Total Violation           NA
PW    :            0  Failing Endpoints,  Worst Slack        5.845ns,  Total Violation        0.000ns
---------------------------------------------------------------------------------------------------


Pulse Width Checks
--------------------------------------------------------------------------------------
Clock Name:         clkfbout_clk_wiz_1
Waveform(ns):       { 0.000 4.000 }
Period(ns):         8.000
Sources:            { inst_divisor/inst/mmcm_adv_inst/CLKFBOUT }

Check Type  Corner  Lib Pin              Reference Pin  Required(ns)  Actual(ns)  Slack(ns)  Location         Pin
Min Period  n/a     BUFG/I               n/a            2.155         8.000       5.845      BUFGCTRL_X0Y1    inst_divisor/inst/clkf_buf/I
Min Period  n/a     MMCME2_ADV/CLKFBOUT  n/a            1.249         8.000       6.751      MMCME2_ADV_X0Y0  inst_divisor/inst/mmcm_adv_inst/CLKFBOUT
Min Period  n/a     MMCME2_ADV/CLKFBIN   n/a            1.249         8.000       6.751      MMCME2_ADV_X0Y0  inst_divisor/inst/mmcm_adv_inst/CLKFBIN
Max Period  n/a     MMCME2_ADV/CLKFBIN   n/a            100.000       8.000       92.000     MMCME2_ADV_X0Y0  inst_divisor/inst/mmcm_adv_inst/CLKFBIN
Max Period  n/a     MMCME2_ADV/CLKFBOUT  n/a            213.360       8.000       205.360    MMCME2_ADV_X0Y0  inst_divisor/inst/mmcm_adv_inst/CLKFBOUT



---------------------------------------------------------------------------------------------------
From Clock:  sys_clk_pin
  To Clock:  sys_clk_pin

Setup :         1129  Failing Endpoints,  Worst Slack       -3.390ns,  Total Violation     -872.956ns
Hold  :            0  Failing Endpoints,  Worst Slack        0.098ns,  Total Violation        0.000ns
PW    :            0  Failing Endpoints,  Worst Slack        3.500ns,  Total Violation        0.000ns
---------------------------------------------------------------------------------------------------


Max Delay Paths
--------------------------------------------------------------------------------------
Slack (VIOLATED) :        -3.390ns  (required time - arrival time)
  Source:                 Inst_md_io/Inst_VGA/rand_y_unit/counter_reg[9]/C
                            (rising edge-triggered cell FDRE clocked by sys_clk_pin  {rise@0.000ns fall@4.000ns period=8.000ns})
  Destination:            Inst_md_io/Inst_VGA/rand_y_unit/rnd_val_reg[4]/D
                            (rising edge-triggered cell FDRE clocked by sys_clk_pin  {rise@0.000ns fall@4.000ns period=8.000ns})
  Path Group:             sys_clk_pin
  Path Type:              Setup (Max at Slow Process Corner)
  Requirement:            8.000ns  (sys_clk_pin rise@8.000ns - sys_clk_pin rise@0.000ns)
  Data Path Delay:        11.378ns  (logic 5.894ns (51.802%)  route 5.484ns (48.198%))
  Logic Levels:           17  (CARRY4=11 LUT2=1 LUT3=4 LUT5=1)
  Clock Path Skew:        -0.052ns (DCD - SCD + CPR)
    Destination Clock Delay (DCD):    4.867ns = ( 12.867 - 8.000 ) 
    Source Clock Delay      (SCD):    5.310ns
    Clock Pessimism Removal (CPR):    0.391ns
  Clock Uncertainty:      0.035ns  ((TSJ^2 + TIJ^2)^1/2 + DJ) / 2 + PE
    Total System Jitter     (TSJ):    0.071ns
    Total Input Jitter      (TIJ):    0.000ns
    Discrete Jitter          (DJ):    0.000ns
    Phase Error              (PE):    0.000ns

    Location             Delay type                Incr(ns)  Path(ns)    Netlist Resource(s)
  -------------------------------------------------------------------    -------------------
                         (clock sys_clk_pin rise edge)
                                                      0.000     0.000 r  
    L16                                               0.000     0.000 r  clk (IN)
                         net (fo=0)                   0.000     0.000    clk
    L16                  IBUF (Prop_ibuf_I_O)         1.491     1.491 r  clk_IBUF_inst/O
                         net (fo=1, routed)           2.076     3.567    clk_IBUF
    BUFGCTRL_X0Y16       BUFG (Prop_bufg_I_O)         0.101     3.668 r  clk_IBUF_BUFG_inst/O
                         net (fo=959, routed)         1.642     5.310    Inst_md_io/Inst_VGA/rand_y_unit/clk
    SLICE_X31Y76         FDRE                                         r  Inst_md_io/Inst_VGA/rand_y_unit/counter_reg[9]/C
  -------------------------------------------------------------------    -------------------
    SLICE_X31Y76         FDRE (Prop_fdre_C_Q)         0.456     5.766 r  Inst_md_io/Inst_VGA/rand_y_unit/counter_reg[9]/Q
                         net (fo=35, routed)          0.706     6.473    Inst_md_io/Inst_VGA/rand_y_unit/ROTATE_RIGHT[4]
    SLICE_X30Y75         LUT3 (Prop_lut3_I2_O)        0.124     6.597 r  Inst_md_io/Inst_VGA/rand_y_unit/rnd_val[5]_i_89/O
                         net (fo=3, routed)           0.845     7.442    Inst_md_io/Inst_VGA/rand_y_unit/rnd_val[5]_i_89_n_0
    SLICE_X29Y76         CARRY4 (Prop_carry4_DI[1]_CO[3])
                                                      0.507     7.949 r  Inst_md_io/Inst_VGA/rand_y_unit/rnd_val_reg[5]_i_234/CO[3]
                         net (fo=1, routed)           0.000     7.949    Inst_md_io/Inst_VGA/rand_y_unit/rnd_val_reg[5]_i_234_n_0
    SLICE_X29Y77         CARRY4 (Prop_carry4_CI_CO[3])
                                                      0.114     8.063 r  Inst_md_io/Inst_VGA/rand_y_unit/rnd_val_reg[5]_i_209/CO[3]
                         net (fo=1, routed)           0.000     8.063    Inst_md_io/Inst_VGA/rand_y_unit/rnd_val_reg[5]_i_209_n_0
    SLICE_X29Y78         CARRY4 (Prop_carry4_CI_CO[3])
                                                      0.114     8.177 r  Inst_md_io/Inst_VGA/rand_y_unit/rnd_val_reg[5]_i_165/CO[3]
                         net (fo=1, routed)           0.000     8.177    Inst_md_io/Inst_VGA/rand_y_unit/rnd_val_reg[5]_i_165_n_0
    SLICE_X29Y79         CARRY4 (Prop_carry4_CI_CO[3])
                                                      0.114     8.291 r  Inst_md_io/Inst_VGA/rand_y_unit/rnd_val_reg[5]_i_127/CO[3]
                         net (fo=1, routed)           0.000     8.291    Inst_md_io/Inst_VGA/rand_y_unit/rnd_val_reg[5]_i_127_n_0
    SLICE_X29Y80         CARRY4 (Prop_carry4_CI_O[1])
                                                      0.334     8.625 r  Inst_md_io/Inst_VGA/rand_y_unit/rnd_val_reg[5]_i_153/O[1]
                         net (fo=2, routed)           0.674     9.299    Inst_md_io/Inst_VGA/rand_y_unit/rnd_val_reg[5]_i_153_n_6
    SLICE_X25Y79         LUT3 (Prop_lut3_I0_O)        0.303     9.602 r  Inst_md_io/Inst_VGA/rand_y_unit/rnd_val[5]_i_143/O
                         net (fo=1, routed)           0.000     9.602    Inst_md_io/Inst_VGA/rand_y_unit/rnd_val[5]_i_143_n_0
    SLICE_X25Y79         CARRY4 (Prop_carry4_S[3]_CO[3])
                                                      0.401    10.003 r  Inst_md_io/Inst_VGA/rand_y_unit/rnd_val_reg[5]_i_55/CO[3]
                         net (fo=1, routed)           0.000    10.003    Inst_md_io/Inst_VGA/rand_y_unit/rnd_val_reg[5]_i_55_n_0
    SLICE_X25Y80         CARRY4 (Prop_carry4_CI_O[0])
                                                      0.222    10.225 r  Inst_md_io/Inst_VGA/rand_y_unit/rnd_val_reg[5]_i_34/O[0]
                         net (fo=3, routed)           0.678    10.902    Inst_md_io/Inst_VGA/rand_y_unit/rnd_val_reg[5]_i_34_n_7
    SLICE_X27Y81         LUT3 (Prop_lut3_I1_O)        0.299    11.201 r  Inst_md_io/Inst_VGA/rand_y_unit/rnd_val[5]_i_53/O
                         net (fo=2, routed)           0.305    11.507    Inst_md_io/Inst_VGA/rand_y_unit/rnd_val[5]_i_53_n_0
    SLICE_X27Y80         LUT5 (Prop_lut5_I1_O)        0.124    11.631 r  Inst_md_io/Inst_VGA/rand_y_unit/rnd_val[5]_i_21/O
                         net (fo=2, routed)           0.579    12.209    Inst_md_io/Inst_VGA/rand_y_unit/rnd_val[5]_i_21_n_0
    SLICE_X26Y79         CARRY4 (Prop_carry4_DI[1]_CO[3])
                                                      0.507    12.716 r  Inst_md_io/Inst_VGA/rand_y_unit/rnd_val_reg[5]_i_10/CO[3]
                         net (fo=1, routed)           0.000    12.716    Inst_md_io/Inst_VGA/rand_y_unit/rnd_val_reg[5]_i_10_n_0
    SLICE_X26Y80         CARRY4 (Prop_carry4_CI_O[1])
                                                      0.334    13.050 r  Inst_md_io/Inst_VGA/rand_y_unit/rnd_val_reg[5]_i_9/O[1]
                         net (fo=2, routed)           0.562    13.613    Inst_md_io/Inst_VGA/rand_y_unit/rnd_val_reg[5]_i_9_n_6
    SLICE_X24Y81         CARRY4 (Prop_carry4_S[0]_O[1])
                                                      0.730    14.343 r  Inst_md_io/Inst_VGA/rand_y_unit/rnd_val_reg[5]_i_6/O[1]
                         net (fo=1, routed)           0.538    14.881    Inst_md_io/Inst_VGA/rand_y_unit/rnd_val_reg[5]_i_6_n_6
    SLICE_X28Y81         LUT2 (Prop_lut2_I1_O)        0.306    15.187 r  Inst_md_io/Inst_VGA/rand_y_unit/rnd_val[5]_i_4/O
                         net (fo=1, routed)           0.000    15.187    Inst_md_io/Inst_VGA/rand_y_unit/rnd_val[5]_i_4_n_0
    SLICE_X28Y81         CARRY4 (Prop_carry4_S[1]_O[2])
                                                      0.578    15.765 r  Inst_md_io/Inst_VGA/rand_y_unit/rnd_val_reg[5]_i_2/O[2]
                         net (fo=2, routed)           0.596    16.361    Inst_md_io/Inst_VGA/rand_y_unit/rnd_val_reg[5]_i_2_n_5
    SLICE_X27Y81         LUT3 (Prop_lut3_I0_O)        0.327    16.688 r  Inst_md_io/Inst_VGA/rand_y_unit/rnd_val[4]_i_1/O
                         net (fo=1, routed)           0.000    16.688    Inst_md_io/Inst_VGA/rand_y_unit/rnd_val4[4]
    SLICE_X27Y81         FDRE                                         r  Inst_md_io/Inst_VGA/rand_y_unit/rnd_val_reg[4]/D
  -------------------------------------------------------------------    -------------------

                         (clock sys_clk_pin rise edge)
                                                      8.000     8.000 r  
    L16                                               0.000     8.000 r  clk (IN)
                         net (fo=0)                   0.000     8.000    clk
    L16                  IBUF (Prop_ibuf_I_O)         1.421     9.421 r  clk_IBUF_inst/O
                         net (fo=1, routed)           1.880    11.301    clk_IBUF
    BUFGCTRL_X0Y16       BUFG (Prop_bufg_I_O)         0.091    11.392 r  clk_IBUF_BUFG_inst/O
                         net (fo=959, routed)         1.476    12.867    Inst_md_io/Inst_VGA/rand_y_unit/clk
    SLICE_X27Y81         FDRE                                         r  Inst_md_io/Inst_VGA/rand_y_unit/rnd_val_reg[4]/C
                         clock pessimism              0.391    13.258    
                         clock uncertainty           -0.035    13.223    
    SLICE_X27Y81         FDRE (Setup_fdre_C_D)        0.075    13.298    Inst_md_io/Inst_VGA/rand_y_unit/rnd_val_reg[4]
  -------------------------------------------------------------------
                         required time                         13.298    
                         arrival time                         -16.688    
  -------------------------------------------------------------------
                         slack                                 -3.390    

Slack (VIOLATED) :        -3.281ns  (required time - arrival time)
  Source:                 Inst_md_io/Inst_VGA/rand_y_unit/counter_reg[9]/C
                            (rising edge-triggered cell FDRE clocked by sys_clk_pin  {rise@0.000ns fall@4.000ns period=8.000ns})
  Destination:            Inst_md_io/Inst_VGA/rand_y_unit/rnd_val_reg[5]/D
                            (rising edge-triggered cell FDRE clocked by sys_clk_pin  {rise@0.000ns fall@4.000ns period=8.000ns})
  Path Group:             sys_clk_pin
  Path Type:              Setup (Max at Slow Process Corner)
  Requirement:            8.000ns  (sys_clk_pin rise@8.000ns - sys_clk_pin rise@0.000ns)
  Data Path Delay:        11.225ns  (logic 5.536ns (49.317%)  route 5.689ns (50.683%))
  Logic Levels:           17  (CARRY4=11 LUT2=1 LUT3=4 LUT5=1)
  Clock Path Skew:        -0.052ns (DCD - SCD + CPR)
    Destination Clock Delay (DCD):    4.867ns = ( 12.867 - 8.000 ) 
    Source Clock Delay      (SCD):    5.310ns
    Clock Pessimism Removal (CPR):    0.391ns
  Clock Uncertainty:      0.035ns  ((TSJ^2 + TIJ^2)^1/2 + DJ) / 2 + PE
    Total System Jitter     (TSJ):    0.071ns
    Total Input Jitter      (TIJ):    0.000ns
    Discrete Jitter          (DJ):    0.000ns
    Phase Error              (PE):    0.000ns

    Location             Delay type                Incr(ns)  Path(ns)    Netlist Resource(s)
  -------------------------------------------------------------------    -------------------
                         (clock sys_clk_pin rise edge)
                                                      0.000     0.000 r  
    L16                                               0.000     0.000 r  clk (IN)
                         net (fo=0)                   0.000     0.000    clk
    L16                  IBUF (Prop_ibuf_I_O)         1.491     1.491 r  clk_IBUF_inst/O
                         net (fo=1, routed)           2.076     3.567    clk_IBUF
    BUFGCTRL_X0Y16       BUFG (Prop_bufg_I_O)         0.101     3.668 r  clk_IBUF_BUFG_inst/O
                         net (fo=959, routed)         1.642     5.310    Inst_md_io/Inst_VGA/rand_y_unit/clk
    SLICE_X31Y76         FDRE                                         r  Inst_md_io/Inst_VGA/rand_y_unit/counter_reg[9]/C
  -------------------------------------------------------------------    -------------------
    SLICE_X31Y76         FDRE (Prop_fdre_C_Q)         0.456     5.766 r  Inst_md_io/Inst_VGA/rand_y_unit/counter_reg[9]/Q
                         net (fo=35, routed)          0.706     6.473    Inst_md_io/Inst_VGA/rand_y_unit/ROTATE_RIGHT[4]
    SLICE_X30Y75         LUT3 (Prop_lut3_I2_O)        0.124     6.597 r  Inst_md_io/Inst_VGA/rand_y_unit/rnd_val[5]_i_89/O
                         net (fo=3, routed)           0.845     7.442    Inst_md_io/Inst_VGA/rand_y_unit/rnd_val[5]_i_89_n_0
    SLICE_X29Y76         CARRY4 (Prop_carry4_DI[1]_CO[3])
                                                      0.507     7.949 r  Inst_md_io/Inst_VGA/rand_y_unit/rnd_val_reg[5]_i_234/CO[3]
                         net (fo=1, routed)           0.000     7.949    Inst_md_io/Inst_VGA/rand_y_unit/rnd_val_reg[5]_i_234_n_0
    SLICE_X29Y77         CARRY4 (Prop_carry4_CI_CO[3])
                                                      0.114     8.063 r  Inst_md_io/Inst_VGA/rand_y_unit/rnd_val_reg[5]_i_209/CO[3]
                         net (fo=1, routed)           0.000     8.063    Inst_md_io/Inst_VGA/rand_y_unit/rnd_val_reg[5]_i_209_n_0
    SLICE_X29Y78         CARRY4 (Prop_carry4_CI_CO[3])
                                                      0.114     8.177 r  Inst_md_io/Inst_VGA/rand_y_unit/rnd_val_reg[5]_i_165/CO[3]
                         net (fo=1, routed)           0.000     8.177    Inst_md_io/Inst_VGA/rand_y_unit/rnd_val_reg[5]_i_165_n_0
    SLICE_X29Y79         CARRY4 (Prop_carry4_CI_CO[3])
                                                      0.114     8.291 r  Inst_md_io/Inst_VGA/rand_y_unit/rnd_val_reg[5]_i_127/CO[3]
                         net (fo=1, routed)           0.000     8.291    Inst_md_io/Inst_VGA/rand_y_unit/rnd_val_reg[5]_i_127_n_0
    SLICE_X29Y80         CARRY4 (Prop_carry4_CI_O[1])
                                                      0.334     8.625 r  Inst_md_io/Inst_VGA/rand_y_unit/rnd_val_reg[5]_i_153/O[1]
                         net (fo=2, routed)           0.674     9.299    Inst_md_io/Inst_VGA/rand_y_unit/rnd_val_reg[5]_i_153_n_6
    SLICE_X25Y79         LUT3 (Prop_lut3_I0_O)        0.303     9.602 r  Inst_md_io/Inst_VGA/rand_y_unit/rnd_val[5]_i_143/O
                         net (fo=1, routed)           0.000     9.602    Inst_md_io/Inst_VGA/rand_y_unit/rnd_val[5]_i_143_n_0
    SLICE_X25Y79         CARRY4 (Prop_carry4_S[3]_CO[3])
                                                      0.401    10.003 r  Inst_md_io/Inst_VGA/rand_y_unit/rnd_val_reg[5]_i_55/CO[3]
                         net (fo=1, routed)           0.000    10.003    Inst_md_io/Inst_VGA/rand_y_unit/rnd_val_reg[5]_i_55_n_0
    SLICE_X25Y80         CARRY4 (Prop_carry4_CI_O[0])
                                                      0.222    10.225 r  Inst_md_io/Inst_VGA/rand_y_unit/rnd_val_reg[5]_i_34/O[0]
                         net (fo=3, routed)           0.678    10.902    Inst_md_io/Inst_VGA/rand_y_unit/rnd_val_reg[5]_i_34_n_7
    SLICE_X27Y81         LUT3 (Prop_lut3_I1_O)        0.299    11.201 r  Inst_md_io/Inst_VGA/rand_y_unit/rnd_val[5]_i_53/O
                         net (fo=2, routed)           0.305    11.507    Inst_md_io/Inst_VGA/rand_y_unit/rnd_val[5]_i_53_n_0
    SLICE_X27Y80         LUT5 (Prop_lut5_I1_O)        0.124    11.631 r  Inst_md_io/Inst_VGA/rand_y_unit/rnd_val[5]_i_21/O
                         net (fo=2, routed)           0.579    12.209    Inst_md_io/Inst_VGA/rand_y_unit/rnd_val[5]_i_21_n_0
    SLICE_X26Y79         CARRY4 (Prop_carry4_DI[1]_CO[3])
                                                      0.507    12.716 r  Inst_md_io/Inst_VGA/rand_y_unit/rnd_val_reg[5]_i_10/CO[3]
                         net (fo=1, routed)           0.000    12.716    Inst_md_io/Inst_VGA/rand_y_unit/rnd_val_reg[5]_i_10_n_0
    SLICE_X26Y80         CARRY4 (Prop_carry4_CI_O[1])
                                                      0.334    13.050 r  Inst_md_io/Inst_VGA/rand_y_unit/rnd_val_reg[5]_i_9/O[1]
                         net (fo=2, routed)           0.562    13.613    Inst_md_io/Inst_VGA/rand_y_unit/rnd_val_reg[5]_i_9_n_6
    SLICE_X24Y81         CARRY4 (Prop_carry4_S[0]_O[0])
                                                      0.555    14.168 r  Inst_md_io/Inst_VGA/rand_y_unit/rnd_val_reg[5]_i_6/O[0]
                         net (fo=1, routed)           0.680    14.848    Inst_md_io/Inst_VGA/rand_y_unit/rnd_val_reg[5]_i_6_n_7
    SLICE_X28Y81         LUT2 (Prop_lut2_I1_O)        0.295    15.143 r  Inst_md_io/Inst_VGA/rand_y_unit/rnd_val[5]_i_5/O
                         net (fo=1, routed)           0.000    15.143    Inst_md_io/Inst_VGA/rand_y_unit/rnd_val[5]_i_5_n_0
    SLICE_X28Y81         CARRY4 (Prop_carry4_S[0]_O[1])
                                                      0.427    15.570 r  Inst_md_io/Inst_VGA/rand_y_unit/rnd_val_reg[5]_i_2/O[1]
                         net (fo=2, routed)           0.660    16.230    Inst_md_io/Inst_VGA/rand_y_unit/rnd_val_reg[5]_i_2_n_6
    SLICE_X27Y81         LUT3 (Prop_lut3_I1_O)        0.306    16.536 r  Inst_md_io/Inst_VGA/rand_y_unit/rnd_val[5]_i_1/O
                         net (fo=1, routed)           0.000    16.536    Inst_md_io/Inst_VGA/rand_y_unit/rnd_val4[5]
    SLICE_X27Y81         FDRE                                         r  Inst_md_io/Inst_VGA/rand_y_unit/rnd_val_reg[5]/D
  -------------------------------------------------------------------    -------------------

                         (clock sys_clk_pin rise edge)
                                                      8.000     8.000 r  
    L16                                               0.000     8.000 r  clk (IN)
                         net (fo=0)                   0.000     8.000    clk
    L16                  IBUF (Prop_ibuf_I_O)         1.421     9.421 r  clk_IBUF_inst/O
                         net (fo=1, routed)           1.880    11.301    clk_IBUF
    BUFGCTRL_X0Y16       BUFG (Prop_bufg_I_O)         0.091    11.392 r  clk_IBUF_BUFG_inst/O
                         net (fo=959, routed)         1.476    12.867    Inst_md_io/Inst_VGA/rand_y_unit/clk
    SLICE_X27Y81         FDRE                                         r  Inst_md_io/Inst_VGA/rand_y_unit/rnd_val_reg[5]/C
                         clock pessimism              0.391    13.258    
                         clock uncertainty           -0.035    13.223    
    SLICE_X27Y81         FDRE (Setup_fdre_C_D)        0.032    13.255    Inst_md_io/Inst_VGA/rand_y_unit/rnd_val_reg[5]
  -------------------------------------------------------------------
                         required time                         13.255    
                         arrival time                         -16.536    
  -------------------------------------------------------------------
                         slack                                 -3.281    

Slack (VIOLATED) :        -2.762ns  (required time - arrival time)
  Source:                 Inst_md_io/Inst_VGA/rand_x_unit/rnd_val_reg[0]/C
                            (rising edge-triggered cell FDRE clocked by sys_clk_pin  {rise@0.000ns fall@4.000ns period=8.000ns})
  Destination:            Inst_md_io/Inst_VGA/fruta_generada_reg/D
                            (rising edge-triggered cell FDRE clocked by sys_clk_pin  {rise@0.000ns fall@4.000ns period=8.000ns})
  Path Group:             sys_clk_pin
  Path Type:              Setup (Max at Slow Process Corner)
  Requirement:            8.000ns  (sys_clk_pin rise@8.000ns - sys_clk_pin rise@0.000ns)
  Data Path Delay:        10.519ns  (logic 1.448ns (13.766%)  route 9.071ns (86.234%))
  Logic Levels:           8  (LUT5=3 LUT6=5)
  Clock Path Skew:        -0.146ns (DCD - SCD + CPR)
    Destination Clock Delay (DCD):    4.881ns = ( 12.881 - 8.000 ) 
    Source Clock Delay      (SCD):    5.318ns
    Clock Pessimism Removal (CPR):    0.291ns
  Clock Uncertainty:      0.035ns  ((TSJ^2 + TIJ^2)^1/2 + DJ) / 2 + PE
    Total System Jitter     (TSJ):    0.071ns
    Total Input Jitter      (TIJ):    0.000ns
    Discrete Jitter          (DJ):    0.000ns
    Phase Error              (PE):    0.000ns

    Location             Delay type                Incr(ns)  Path(ns)    Netlist Resource(s)
  -------------------------------------------------------------------    -------------------
                         (clock sys_clk_pin rise edge)
                                                      0.000     0.000 r  
    L16                                               0.000     0.000 r  clk (IN)
                         net (fo=0)                   0.000     0.000    clk
    L16                  IBUF (Prop_ibuf_I_O)         1.491     1.491 r  clk_IBUF_inst/O
                         net (fo=1, routed)           2.076     3.567    clk_IBUF
    BUFGCTRL_X0Y16       BUFG (Prop_bufg_I_O)         0.101     3.668 r  clk_IBUF_BUFG_inst/O
                         net (fo=959, routed)         1.650     5.318    Inst_md_io/Inst_VGA/rand_x_unit/clk
    SLICE_X25Y85         FDRE                                         r  Inst_md_io/Inst_VGA/rand_x_unit/rnd_val_reg[0]/C
  -------------------------------------------------------------------    -------------------
    SLICE_X25Y85         FDRE (Prop_fdre_C_Q)         0.456     5.774 f  Inst_md_io/Inst_VGA/rand_x_unit/rnd_val_reg[0]/Q
                         net (fo=103, routed)         1.579     7.354    Inst_md_io/Inst_VGA/rand_x_unit/randomNumber[0]
    SLICE_X27Y72         LUT6 (Prop_lut6_I1_O)        0.124     7.478 r  Inst_md_io/Inst_VGA/rand_x_unit/FSM_sequential_fruit_state[1]_i_407/O
                         net (fo=1, routed)           0.575     8.052    Inst_md_io/Inst_VGA/rand_x_unit/FSM_sequential_fruit_state[1]_i_407_n_0
    SLICE_X31Y72         LUT5 (Prop_lut5_I4_O)        0.124     8.176 r  Inst_md_io/Inst_VGA/rand_x_unit/FSM_sequential_fruit_state[1]_i_272/O
                         net (fo=1, routed)           1.478     9.654    Inst_md_io/Inst_VGA/rand_x_unit/FSM_sequential_fruit_state[1]_i_272_n_0
    SLICE_X39Y89         LUT6 (Prop_lut6_I0_O)        0.124     9.778 f  Inst_md_io/Inst_VGA/rand_x_unit/FSM_sequential_fruit_state[1]_i_138/O
                         net (fo=1, routed)           0.351    10.129    Inst_md_io/Inst_VGA/rand_x_unit/FSM_sequential_fruit_state[1]_i_138_n_0
    SLICE_X38Y89         LUT6 (Prop_lut6_I5_O)        0.124    10.253 f  Inst_md_io/Inst_VGA/rand_x_unit/FSM_sequential_fruit_state[1]_i_73/O
                         net (fo=1, routed)           1.460    11.713    Inst_md_io/Inst_VGA/rand_y_unit/FSM_sequential_fruit_state[1]_i_8_1
    SLICE_X24Y72         LUT6 (Prop_lut6_I5_O)        0.124    11.837 f  Inst_md_io/Inst_VGA/rand_y_unit/FSM_sequential_fruit_state[1]_i_34/O
                         net (fo=1, routed)           0.294    12.132    Inst_md_io/Inst_VGA/rand_y_unit/FSM_sequential_fruit_state[1]_i_34_n_0
    SLICE_X22Y72         LUT5 (Prop_lut5_I1_O)        0.124    12.256 f  Inst_md_io/Inst_VGA/rand_y_unit/FSM_sequential_fruit_state[1]_i_8/O
                         net (fo=1, routed)           0.559    12.814    Inst_md_io/Inst_VGA/rand_x_unit/FSM_sequential_fruit_state_reg[1]
    SLICE_X22Y71         LUT6 (Prop_lut6_I4_O)        0.124    12.938 f  Inst_md_io/Inst_VGA/rand_x_unit/FSM_sequential_fruit_state[1]_i_2/O
                         net (fo=6, routed)           0.834    13.773    Inst_md_io/Inst_VGA/rand_x_unit/FSM_sequential_fruit_state[1]_i_9
    SLICE_X18Y63         LUT5 (Prop_lut5_I1_O)        0.124    13.897 r  Inst_md_io/Inst_VGA/rand_x_unit/fruta_generada_i_1/O
                         net (fo=2, routed)           1.940    15.837    Inst_md_io/Inst_VGA/rand_x_unit_n_3
    SLICE_X11Y62         FDRE                                         r  Inst_md_io/Inst_VGA/fruta_generada_reg/D
  -------------------------------------------------------------------    -------------------

                         (clock sys_clk_pin rise edge)
                                                      8.000     8.000 r  
    L16                                               0.000     8.000 r  clk (IN)
                         net (fo=0)                   0.000     8.000    clk
    L16                  IBUF (Prop_ibuf_I_O)         1.421     9.421 r  clk_IBUF_inst/O
                         net (fo=1, routed)           1.880    11.301    clk_IBUF
    BUFGCTRL_X0Y16       BUFG (Prop_bufg_I_O)         0.091    11.392 r  clk_IBUF_BUFG_inst/O
                         net (fo=959, routed)         1.490    12.881    Inst_md_io/Inst_VGA/clk
    SLICE_X11Y62         FDRE                                         r  Inst_md_io/Inst_VGA/fruta_generada_reg/C
                         clock pessimism              0.291    13.172    
                         clock uncertainty           -0.035    13.137    
    SLICE_X11Y62         FDRE (Setup_fdre_C_D)       -0.061    13.076    Inst_md_io/Inst_VGA/fruta_generada_reg
  -------------------------------------------------------------------
                         required time                         13.076    
                         arrival time                         -15.837    
  -------------------------------------------------------------------
                         slack                                 -2.762    

Slack (VIOLATED) :        -2.697ns  (required time - arrival time)
  Source:                 Inst_md_io/Inst_VGA/rand_x_unit/rnd_val_reg[0]/C
                            (rising edge-triggered cell FDRE clocked by sys_clk_pin  {rise@0.000ns fall@4.000ns period=8.000ns})
  Destination:            Inst_md_io/Inst_VGA/fruit_x_s_reg[5]/R
                            (rising edge-triggered cell FDRE clocked by sys_clk_pin  {rise@0.000ns fall@4.000ns period=8.000ns})
  Path Group:             sys_clk_pin
  Path Type:              Setup (Max at Slow Process Corner)
  Requirement:            8.000ns  (sys_clk_pin rise@8.000ns - sys_clk_pin rise@0.000ns)
  Data Path Delay:        10.077ns  (logic 1.448ns (14.369%)  route 8.629ns (85.631%))
  Logic Levels:           8  (LUT3=1 LUT5=2 LUT6=5)
  Clock Path Skew:        -0.155ns (DCD - SCD + CPR)
    Destination Clock Delay (DCD):    4.872ns = ( 12.872 - 8.000 ) 
    Source Clock Delay      (SCD):    5.318ns
    Clock Pessimism Removal (CPR):    0.291ns
  Clock Uncertainty:      0.035ns  ((TSJ^2 + TIJ^2)^1/2 + DJ) / 2 + PE
    Total System Jitter     (TSJ):    0.071ns
    Total Input Jitter      (TIJ):    0.000ns
    Discrete Jitter          (DJ):    0.000ns
    Phase Error              (PE):    0.000ns

    Location             Delay type                Incr(ns)  Path(ns)    Netlist Resource(s)
  -------------------------------------------------------------------    -------------------
                         (clock sys_clk_pin rise edge)
                                                      0.000     0.000 r  
    L16                                               0.000     0.000 r  clk (IN)
                         net (fo=0)                   0.000     0.000    clk
    L16                  IBUF (Prop_ibuf_I_O)         1.491     1.491 r  clk_IBUF_inst/O
                         net (fo=1, routed)           2.076     3.567    clk_IBUF
    BUFGCTRL_X0Y16       BUFG (Prop_bufg_I_O)         0.101     3.668 r  clk_IBUF_BUFG_inst/O
                         net (fo=959, routed)         1.650     5.318    Inst_md_io/Inst_VGA/rand_x_unit/clk
    SLICE_X25Y85         FDRE                                         r  Inst_md_io/Inst_VGA/rand_x_unit/rnd_val_reg[0]/C
  -------------------------------------------------------------------    -------------------
    SLICE_X25Y85         FDRE (Prop_fdre_C_Q)         0.456     5.774 r  Inst_md_io/Inst_VGA/rand_x_unit/rnd_val_reg[0]/Q
                         net (fo=103, routed)         1.579     7.354    Inst_md_io/Inst_VGA/rand_x_unit/randomNumber[0]
    SLICE_X27Y72         LUT6 (Prop_lut6_I1_O)        0.124     7.478 f  Inst_md_io/Inst_VGA/rand_x_unit/FSM_sequential_fruit_state[1]_i_407/O
                         net (fo=1, routed)           0.575     8.052    Inst_md_io/Inst_VGA/rand_x_unit/FSM_sequential_fruit_state[1]_i_407_n_0
    SLICE_X31Y72         LUT5 (Prop_lut5_I4_O)        0.124     8.176 f  Inst_md_io/Inst_VGA/rand_x_unit/FSM_sequential_fruit_state[1]_i_272/O
                         net (fo=1, routed)           1.478     9.654    Inst_md_io/Inst_VGA/rand_x_unit/FSM_sequential_fruit_state[1]_i_272_n_0
    SLICE_X39Y89         LUT6 (Prop_lut6_I0_O)        0.124     9.778 r  Inst_md_io/Inst_VGA/rand_x_unit/FSM_sequential_fruit_state[1]_i_138/O
                         net (fo=1, routed)           0.351    10.129    Inst_md_io/Inst_VGA/rand_x_unit/FSM_sequential_fruit_state[1]_i_138_n_0
    SLICE_X38Y89         LUT6 (Prop_lut6_I5_O)        0.124    10.253 r  Inst_md_io/Inst_VGA/rand_x_unit/FSM_sequential_fruit_state[1]_i_73/O
                         net (fo=1, routed)           1.460    11.713    Inst_md_io/Inst_VGA/rand_y_unit/FSM_sequential_fruit_state[1]_i_8_1
    SLICE_X24Y72         LUT6 (Prop_lut6_I5_O)        0.124    11.837 r  Inst_md_io/Inst_VGA/rand_y_unit/FSM_sequential_fruit_state[1]_i_34/O
                         net (fo=1, routed)           0.294    12.132    Inst_md_io/Inst_VGA/rand_y_unit/FSM_sequential_fruit_state[1]_i_34_n_0
    SLICE_X22Y72         LUT5 (Prop_lut5_I1_O)        0.124    12.256 r  Inst_md_io/Inst_VGA/rand_y_unit/FSM_sequential_fruit_state[1]_i_8/O
                         net (fo=1, routed)           0.559    12.814    Inst_md_io/Inst_VGA/rand_x_unit/FSM_sequential_fruit_state_reg[1]
    SLICE_X22Y71         LUT6 (Prop_lut6_I4_O)        0.124    12.938 r  Inst_md_io/Inst_VGA/rand_x_unit/FSM_sequential_fruit_state[1]_i_2/O
                         net (fo=6, routed)           0.473    13.411    Inst_md_io/Inst_VGA/rand_x_unit/FSM_sequential_fruit_state[1]_i_9
    SLICE_X23Y69         LUT3 (Prop_lut3_I1_O)        0.124    13.535 r  Inst_md_io/Inst_VGA/rand_x_unit/fruit_y_s[5]_i_1/O
                         net (fo=22, routed)          1.860    15.395    Inst_md_io/Inst_VGA/rand_x_unit_n_5
    SLICE_X18Y65         FDRE                                         r  Inst_md_io/Inst_VGA/fruit_x_s_reg[5]/R
  -------------------------------------------------------------------    -------------------

                         (clock sys_clk_pin rise edge)
                                                      8.000     8.000 r  
    L16                                               0.000     8.000 r  clk (IN)
                         net (fo=0)                   0.000     8.000    clk
    L16                  IBUF (Prop_ibuf_I_O)         1.421     9.421 r  clk_IBUF_inst/O
                         net (fo=1, routed)           1.880    11.301    clk_IBUF
    BUFGCTRL_X0Y16       BUFG (Prop_bufg_I_O)         0.091    11.392 r  clk_IBUF_BUFG_inst/O
                         net (fo=959, routed)         1.481    12.872    Inst_md_io/Inst_VGA/clk
    SLICE_X18Y65         FDRE                                         r  Inst_md_io/Inst_VGA/fruit_x_s_reg[5]/C
                         clock pessimism              0.291    13.163    
                         clock uncertainty           -0.035    13.128    
    SLICE_X18Y65         FDRE (Setup_fdre_C_R)       -0.429    12.699    Inst_md_io/Inst_VGA/fruit_x_s_reg[5]
  -------------------------------------------------------------------
                         required time                         12.699    
                         arrival time                         -15.395    
  -------------------------------------------------------------------
                         slack                                 -2.697    

Slack (VIOLATED) :        -2.697ns  (required time - arrival time)
  Source:                 Inst_md_io/Inst_VGA/rand_x_unit/rnd_val_reg[0]/C
                            (rising edge-triggered cell FDRE clocked by sys_clk_pin  {rise@0.000ns fall@4.000ns period=8.000ns})
  Destination:            Inst_md_io/Inst_VGA/fruit_y_s_reg[1]/S
                            (rising edge-triggered cell FDSE clocked by sys_clk_pin  {rise@0.000ns fall@4.000ns period=8.000ns})
  Path Group:             sys_clk_pin
  Path Type:              Setup (Max at Slow Process Corner)
  Requirement:            8.000ns  (sys_clk_pin rise@8.000ns - sys_clk_pin rise@0.000ns)
  Data Path Delay:        10.077ns  (logic 1.448ns (14.369%)  route 8.629ns (85.631%))
  Logic Levels:           8  (LUT3=1 LUT5=2 LUT6=5)
  Clock Path Skew:        -0.155ns (DCD - SCD + CPR)
    Destination Clock Delay (DCD):    4.872ns = ( 12.872 - 8.000 ) 
    Source Clock Delay      (SCD):    5.318ns
    Clock Pessimism Removal (CPR):    0.291ns
  Clock Uncertainty:      0.035ns  ((TSJ^2 + TIJ^2)^1/2 + DJ) / 2 + PE
    Total System Jitter     (TSJ):    0.071ns
    Total Input Jitter      (TIJ):    0.000ns
    Discrete Jitter          (DJ):    0.000ns
    Phase Error              (PE):    0.000ns

    Location             Delay type                Incr(ns)  Path(ns)    Netlist Resource(s)
  -------------------------------------------------------------------    -------------------
                         (clock sys_clk_pin rise edge)
                                                      0.000     0.000 r  
    L16                                               0.000     0.000 r  clk (IN)
                         net (fo=0)                   0.000     0.000    clk
    L16                  IBUF (Prop_ibuf_I_O)         1.491     1.491 r  clk_IBUF_inst/O
                         net (fo=1, routed)           2.076     3.567    clk_IBUF
    BUFGCTRL_X0Y16       BUFG (Prop_bufg_I_O)         0.101     3.668 r  clk_IBUF_BUFG_inst/O
                         net (fo=959, routed)         1.650     5.318    Inst_md_io/Inst_VGA/rand_x_unit/clk
    SLICE_X25Y85         FDRE                                         r  Inst_md_io/Inst_VGA/rand_x_unit/rnd_val_reg[0]/C
  -------------------------------------------------------------------    -------------------
    SLICE_X25Y85         FDRE (Prop_fdre_C_Q)         0.456     5.774 r  Inst_md_io/Inst_VGA/rand_x_unit/rnd_val_reg[0]/Q
                         net (fo=103, routed)         1.579     7.354    Inst_md_io/Inst_VGA/rand_x_unit/randomNumber[0]
    SLICE_X27Y72         LUT6 (Prop_lut6_I1_O)        0.124     7.478 f  Inst_md_io/Inst_VGA/rand_x_unit/FSM_sequential_fruit_state[1]_i_407/O
                         net (fo=1, routed)           0.575     8.052    Inst_md_io/Inst_VGA/rand_x_unit/FSM_sequential_fruit_state[1]_i_407_n_0
    SLICE_X31Y72         LUT5 (Prop_lut5_I4_O)        0.124     8.176 f  Inst_md_io/Inst_VGA/rand_x_unit/FSM_sequential_fruit_state[1]_i_272/O
                         net (fo=1, routed)           1.478     9.654    Inst_md_io/Inst_VGA/rand_x_unit/FSM_sequential_fruit_state[1]_i_272_n_0
    SLICE_X39Y89         LUT6 (Prop_lut6_I0_O)        0.124     9.778 r  Inst_md_io/Inst_VGA/rand_x_unit/FSM_sequential_fruit_state[1]_i_138/O
                         net (fo=1, routed)           0.351    10.129    Inst_md_io/Inst_VGA/rand_x_unit/FSM_sequential_fruit_state[1]_i_138_n_0
    SLICE_X38Y89         LUT6 (Prop_lut6_I5_O)        0.124    10.253 r  Inst_md_io/Inst_VGA/rand_x_unit/FSM_sequential_fruit_state[1]_i_73/O
                         net (fo=1, routed)           1.460    11.713    Inst_md_io/Inst_VGA/rand_y_unit/FSM_sequential_fruit_state[1]_i_8_1
    SLICE_X24Y72         LUT6 (Prop_lut6_I5_O)        0.124    11.837 r  Inst_md_io/Inst_VGA/rand_y_unit/FSM_sequential_fruit_state[1]_i_34/O
                         net (fo=1, routed)           0.294    12.132    Inst_md_io/Inst_VGA/rand_y_unit/FSM_sequential_fruit_state[1]_i_34_n_0
    SLICE_X22Y72         LUT5 (Prop_lut5_I1_O)        0.124    12.256 r  Inst_md_io/Inst_VGA/rand_y_unit/FSM_sequential_fruit_state[1]_i_8/O
                         net (fo=1, routed)           0.559    12.814    Inst_md_io/Inst_VGA/rand_x_unit/FSM_sequential_fruit_state_reg[1]
    SLICE_X22Y71         LUT6 (Prop_lut6_I4_O)        0.124    12.938 r  Inst_md_io/Inst_VGA/rand_x_unit/FSM_sequential_fruit_state[1]_i_2/O
                         net (fo=6, routed)           0.473    13.411    Inst_md_io/Inst_VGA/rand_x_unit/FSM_sequential_fruit_state[1]_i_9
    SLICE_X23Y69         LUT3 (Prop_lut3_I1_O)        0.124    13.535 r  Inst_md_io/Inst_VGA/rand_x_unit/fruit_y_s[5]_i_1/O
                         net (fo=22, routed)          1.860    15.395    Inst_md_io/Inst_VGA/rand_x_unit_n_5
    SLICE_X18Y65         FDSE                                         r  Inst_md_io/Inst_VGA/fruit_y_s_reg[1]/S
  -------------------------------------------------------------------    -------------------

                         (clock sys_clk_pin rise edge)
                                                      8.000     8.000 r  
    L16                                               0.000     8.000 r  clk (IN)
                         net (fo=0)                   0.000     8.000    clk
    L16                  IBUF (Prop_ibuf_I_O)         1.421     9.421 r  clk_IBUF_inst/O
                         net (fo=1, routed)           1.880    11.301    clk_IBUF
    BUFGCTRL_X0Y16       BUFG (Prop_bufg_I_O)         0.091    11.392 r  clk_IBUF_BUFG_inst/O
                         net (fo=959, routed)         1.481    12.872    Inst_md_io/Inst_VGA/clk
    SLICE_X18Y65         FDSE                                         r  Inst_md_io/Inst_VGA/fruit_y_s_reg[1]/C
                         clock pessimism              0.291    13.163    
                         clock uncertainty           -0.035    13.128    
    SLICE_X18Y65         FDSE (Setup_fdse_C_S)       -0.429    12.699    Inst_md_io/Inst_VGA/fruit_y_s_reg[1]
  -------------------------------------------------------------------
                         required time                         12.699    
                         arrival time                         -15.395    
  -------------------------------------------------------------------
                         slack                                 -2.697    

Slack (VIOLATED) :        -2.691ns  (required time - arrival time)
  Source:                 Inst_md_io/Inst_VGA/rand_x_unit/rnd_val_reg[0]/C
                            (rising edge-triggered cell FDRE clocked by sys_clk_pin  {rise@0.000ns fall@4.000ns period=8.000ns})
  Destination:            Inst_md_io/Inst_VGA/fruit_y_s_reg[0]_replica/R
                            (rising edge-triggered cell FDRE clocked by sys_clk_pin  {rise@0.000ns fall@4.000ns period=8.000ns})
  Path Group:             sys_clk_pin
  Path Type:              Setup (Max at Slow Process Corner)
  Requirement:            8.000ns  (sys_clk_pin rise@8.000ns - sys_clk_pin rise@0.000ns)
  Data Path Delay:        10.073ns  (logic 1.448ns (14.375%)  route 8.625ns (85.625%))
  Logic Levels:           8  (LUT3=1 LUT5=2 LUT6=5)
  Clock Path Skew:        -0.154ns (DCD - SCD + CPR)
    Destination Clock Delay (DCD):    4.873ns = ( 12.873 - 8.000 ) 
    Source Clock Delay      (SCD):    5.318ns
    Clock Pessimism Removal (CPR):    0.291ns
  Clock Uncertainty:      0.035ns  ((TSJ^2 + TIJ^2)^1/2 + DJ) / 2 + PE
    Total System Jitter     (TSJ):    0.071ns
    Total Input Jitter      (TIJ):    0.000ns
    Discrete Jitter          (DJ):    0.000ns
    Phase Error              (PE):    0.000ns

    Location             Delay type                Incr(ns)  Path(ns)    Netlist Resource(s)
  -------------------------------------------------------------------    -------------------
                         (clock sys_clk_pin rise edge)
                                                      0.000     0.000 r  
    L16                                               0.000     0.000 r  clk (IN)
                         net (fo=0)                   0.000     0.000    clk
    L16                  IBUF (Prop_ibuf_I_O)         1.491     1.491 r  clk_IBUF_inst/O
                         net (fo=1, routed)           2.076     3.567    clk_IBUF
    BUFGCTRL_X0Y16       BUFG (Prop_bufg_I_O)         0.101     3.668 r  clk_IBUF_BUFG_inst/O
                         net (fo=959, routed)         1.650     5.318    Inst_md_io/Inst_VGA/rand_x_unit/clk
    SLICE_X25Y85         FDRE                                         r  Inst_md_io/Inst_VGA/rand_x_unit/rnd_val_reg[0]/C
  -------------------------------------------------------------------    -------------------
    SLICE_X25Y85         FDRE (Prop_fdre_C_Q)         0.456     5.774 r  Inst_md_io/Inst_VGA/rand_x_unit/rnd_val_reg[0]/Q
                         net (fo=103, routed)         1.579     7.354    Inst_md_io/Inst_VGA/rand_x_unit/randomNumber[0]
    SLICE_X27Y72         LUT6 (Prop_lut6_I1_O)        0.124     7.478 f  Inst_md_io/Inst_VGA/rand_x_unit/FSM_sequential_fruit_state[1]_i_407/O
                         net (fo=1, routed)           0.575     8.052    Inst_md_io/Inst_VGA/rand_x_unit/FSM_sequential_fruit_state[1]_i_407_n_0
    SLICE_X31Y72         LUT5 (Prop_lut5_I4_O)        0.124     8.176 f  Inst_md_io/Inst_VGA/rand_x_unit/FSM_sequential_fruit_state[1]_i_272/O
                         net (fo=1, routed)           1.478     9.654    Inst_md_io/Inst_VGA/rand_x_unit/FSM_sequential_fruit_state[1]_i_272_n_0
    SLICE_X39Y89         LUT6 (Prop_lut6_I0_O)        0.124     9.778 r  Inst_md_io/Inst_VGA/rand_x_unit/FSM_sequential_fruit_state[1]_i_138/O
                         net (fo=1, routed)           0.351    10.129    Inst_md_io/Inst_VGA/rand_x_unit/FSM_sequential_fruit_state[1]_i_138_n_0
    SLICE_X38Y89         LUT6 (Prop_lut6_I5_O)        0.124    10.253 r  Inst_md_io/Inst_VGA/rand_x_unit/FSM_sequential_fruit_state[1]_i_73/O
                         net (fo=1, routed)           1.460    11.713    Inst_md_io/Inst_VGA/rand_y_unit/FSM_sequential_fruit_state[1]_i_8_1
    SLICE_X24Y72         LUT6 (Prop_lut6_I5_O)        0.124    11.837 r  Inst_md_io/Inst_VGA/rand_y_unit/FSM_sequential_fruit_state[1]_i_34/O
                         net (fo=1, routed)           0.294    12.132    Inst_md_io/Inst_VGA/rand_y_unit/FSM_sequential_fruit_state[1]_i_34_n_0
    SLICE_X22Y72         LUT5 (Prop_lut5_I1_O)        0.124    12.256 r  Inst_md_io/Inst_VGA/rand_y_unit/FSM_sequential_fruit_state[1]_i_8/O
                         net (fo=1, routed)           0.559    12.814    Inst_md_io/Inst_VGA/rand_x_unit/FSM_sequential_fruit_state_reg[1]
    SLICE_X22Y71         LUT6 (Prop_lut6_I4_O)        0.124    12.938 r  Inst_md_io/Inst_VGA/rand_x_unit/FSM_sequential_fruit_state[1]_i_2/O
                         net (fo=6, routed)           0.473    13.411    Inst_md_io/Inst_VGA/rand_x_unit/FSM_sequential_fruit_state[1]_i_9
    SLICE_X23Y69         LUT3 (Prop_lut3_I1_O)        0.124    13.535 r  Inst_md_io/Inst_VGA/rand_x_unit/fruit_y_s[5]_i_1/O
                         net (fo=22, routed)          1.856    15.391    Inst_md_io/Inst_VGA/rand_x_unit_n_5
    SLICE_X19Y63         FDRE                                         r  Inst_md_io/Inst_VGA/fruit_y_s_reg[0]_replica/R
  -------------------------------------------------------------------    -------------------

                         (clock sys_clk_pin rise edge)
                                                      8.000     8.000 r  
    L16                                               0.000     8.000 r  clk (IN)
                         net (fo=0)                   0.000     8.000    clk
    L16                  IBUF (Prop_ibuf_I_O)         1.421     9.421 r  clk_IBUF_inst/O
                         net (fo=1, routed)           1.880    11.301    clk_IBUF
    BUFGCTRL_X0Y16       BUFG (Prop_bufg_I_O)         0.091    11.392 r  clk_IBUF_BUFG_inst/O
                         net (fo=959, routed)         1.482    12.873    Inst_md_io/Inst_VGA/clk
    SLICE_X19Y63         FDRE                                         r  Inst_md_io/Inst_VGA/fruit_y_s_reg[0]_replica/C
                         clock pessimism              0.291    13.164    
                         clock uncertainty           -0.035    13.129    
    SLICE_X19Y63         FDRE (Setup_fdre_C_R)       -0.429    12.700    Inst_md_io/Inst_VGA/fruit_y_s_reg[0]_replica
  -------------------------------------------------------------------
                         required time                         12.700    
                         arrival time                         -15.391    
  -------------------------------------------------------------------
                         slack                                 -2.691    

Slack (VIOLATED) :        -2.648ns  (required time - arrival time)
  Source:                 Inst_md_io/Inst_VGA/rand_x_unit/rnd_val_reg[0]/C
                            (rising edge-triggered cell FDRE clocked by sys_clk_pin  {rise@0.000ns fall@4.000ns period=8.000ns})
  Destination:            Inst_md_io/Inst_VGA/fruit_y_s_reg[2]/R
                            (rising edge-triggered cell FDRE clocked by sys_clk_pin  {rise@0.000ns fall@4.000ns period=8.000ns})
  Path Group:             sys_clk_pin
  Path Type:              Setup (Max at Slow Process Corner)
  Requirement:            8.000ns  (sys_clk_pin rise@8.000ns - sys_clk_pin rise@0.000ns)
  Data Path Delay:        10.028ns  (logic 1.448ns (14.439%)  route 8.580ns (85.561%))
  Logic Levels:           8  (LUT3=1 LUT5=2 LUT6=5)
  Clock Path Skew:        -0.155ns (DCD - SCD + CPR)
    Destination Clock Delay (DCD):    4.872ns = ( 12.872 - 8.000 ) 
    Source Clock Delay      (SCD):    5.318ns
    Clock Pessimism Removal (CPR):    0.291ns
  Clock Uncertainty:      0.035ns  ((TSJ^2 + TIJ^2)^1/2 + DJ) / 2 + PE
    Total System Jitter     (TSJ):    0.071ns
    Total Input Jitter      (TIJ):    0.000ns
    Discrete Jitter          (DJ):    0.000ns
    Phase Error              (PE):    0.000ns

    Location             Delay type                Incr(ns)  Path(ns)    Netlist Resource(s)
  -------------------------------------------------------------------    -------------------
                         (clock sys_clk_pin rise edge)
                                                      0.000     0.000 r  
    L16                                               0.000     0.000 r  clk (IN)
                         net (fo=0)                   0.000     0.000    clk
    L16                  IBUF (Prop_ibuf_I_O)         1.491     1.491 r  clk_IBUF_inst/O
                         net (fo=1, routed)           2.076     3.567    clk_IBUF
    BUFGCTRL_X0Y16       BUFG (Prop_bufg_I_O)         0.101     3.668 r  clk_IBUF_BUFG_inst/O
                         net (fo=959, routed)         1.650     5.318    Inst_md_io/Inst_VGA/rand_x_unit/clk
    SLICE_X25Y85         FDRE                                         r  Inst_md_io/Inst_VGA/rand_x_unit/rnd_val_reg[0]/C
  -------------------------------------------------------------------    -------------------
    SLICE_X25Y85         FDRE (Prop_fdre_C_Q)         0.456     5.774 r  Inst_md_io/Inst_VGA/rand_x_unit/rnd_val_reg[0]/Q
                         net (fo=103, routed)         1.579     7.354    Inst_md_io/Inst_VGA/rand_x_unit/randomNumber[0]
    SLICE_X27Y72         LUT6 (Prop_lut6_I1_O)        0.124     7.478 f  Inst_md_io/Inst_VGA/rand_x_unit/FSM_sequential_fruit_state[1]_i_407/O
                         net (fo=1, routed)           0.575     8.052    Inst_md_io/Inst_VGA/rand_x_unit/FSM_sequential_fruit_state[1]_i_407_n_0
    SLICE_X31Y72         LUT5 (Prop_lut5_I4_O)        0.124     8.176 f  Inst_md_io/Inst_VGA/rand_x_unit/FSM_sequential_fruit_state[1]_i_272/O
                         net (fo=1, routed)           1.478     9.654    Inst_md_io/Inst_VGA/rand_x_unit/FSM_sequential_fruit_state[1]_i_272_n_0
    SLICE_X39Y89         LUT6 (Prop_lut6_I0_O)        0.124     9.778 r  Inst_md_io/Inst_VGA/rand_x_unit/FSM_sequential_fruit_state[1]_i_138/O
                         net (fo=1, routed)           0.351    10.129    Inst_md_io/Inst_VGA/rand_x_unit/FSM_sequential_fruit_state[1]_i_138_n_0
    SLICE_X38Y89         LUT6 (Prop_lut6_I5_O)        0.124    10.253 r  Inst_md_io/Inst_VGA/rand_x_unit/FSM_sequential_fruit_state[1]_i_73/O
                         net (fo=1, routed)           1.460    11.713    Inst_md_io/Inst_VGA/rand_y_unit/FSM_sequential_fruit_state[1]_i_8_1
    SLICE_X24Y72         LUT6 (Prop_lut6_I5_O)        0.124    11.837 r  Inst_md_io/Inst_VGA/rand_y_unit/FSM_sequential_fruit_state[1]_i_34/O
                         net (fo=1, routed)           0.294    12.132    Inst_md_io/Inst_VGA/rand_y_unit/FSM_sequential_fruit_state[1]_i_34_n_0
    SLICE_X22Y72         LUT5 (Prop_lut5_I1_O)        0.124    12.256 r  Inst_md_io/Inst_VGA/rand_y_unit/FSM_sequential_fruit_state[1]_i_8/O
                         net (fo=1, routed)           0.559    12.814    Inst_md_io/Inst_VGA/rand_x_unit/FSM_sequential_fruit_state_reg[1]
    SLICE_X22Y71         LUT6 (Prop_lut6_I4_O)        0.124    12.938 r  Inst_md_io/Inst_VGA/rand_x_unit/FSM_sequential_fruit_state[1]_i_2/O
                         net (fo=6, routed)           0.473    13.411    Inst_md_io/Inst_VGA/rand_x_unit/FSM_sequential_fruit_state[1]_i_9
    SLICE_X23Y69         LUT3 (Prop_lut3_I1_O)        0.124    13.535 r  Inst_md_io/Inst_VGA/rand_x_unit/fruit_y_s[5]_i_1/O
                         net (fo=22, routed)          1.812    15.347    Inst_md_io/Inst_VGA/rand_x_unit_n_5
    SLICE_X17Y65         FDRE                                         r  Inst_md_io/Inst_VGA/fruit_y_s_reg[2]/R
  -------------------------------------------------------------------    -------------------

                         (clock sys_clk_pin rise edge)
                                                      8.000     8.000 r  
    L16                                               0.000     8.000 r  clk (IN)
                         net (fo=0)                   0.000     8.000    clk
    L16                  IBUF (Prop_ibuf_I_O)         1.421     9.421 r  clk_IBUF_inst/O
                         net (fo=1, routed)           1.880    11.301    clk_IBUF
    BUFGCTRL_X0Y16       BUFG (Prop_bufg_I_O)         0.091    11.392 r  clk_IBUF_BUFG_inst/O
                         net (fo=959, routed)         1.481    12.872    Inst_md_io/Inst_VGA/clk
    SLICE_X17Y65         FDRE                                         r  Inst_md_io/Inst_VGA/fruit_y_s_reg[2]/C
                         clock pessimism              0.291    13.163    
                         clock uncertainty           -0.035    13.128    
    SLICE_X17Y65         FDRE (Setup_fdre_C_R)       -0.429    12.699    Inst_md_io/Inst_VGA/fruit_y_s_reg[2]
  -------------------------------------------------------------------
                         required time                         12.699    
                         arrival time                         -15.347    
  -------------------------------------------------------------------
                         slack                                 -2.648    

Slack (VIOLATED) :        -2.642ns  (required time - arrival time)
  Source:                 Inst_md_io/Inst_VGA/rand_x_unit/rnd_val_reg[0]/C
                            (rising edge-triggered cell FDRE clocked by sys_clk_pin  {rise@0.000ns fall@4.000ns period=8.000ns})
  Destination:            Inst_md_io/Inst_VGA/fruit_y_s_reg[0]_replica/CE
                            (rising edge-triggered cell FDRE clocked by sys_clk_pin  {rise@0.000ns fall@4.000ns period=8.000ns})
  Path Group:             sys_clk_pin
  Path Type:              Setup (Max at Slow Process Corner)
  Requirement:            8.000ns  (sys_clk_pin rise@8.000ns - sys_clk_pin rise@0.000ns)
  Data Path Delay:        10.248ns  (logic 1.448ns (14.130%)  route 8.800ns (85.870%))
  Logic Levels:           8  (LUT3=1 LUT5=2 LUT6=5)
  Clock Path Skew:        -0.154ns (DCD - SCD + CPR)
    Destination Clock Delay (DCD):    4.873ns = ( 12.873 - 8.000 ) 
    Source Clock Delay      (SCD):    5.318ns
    Clock Pessimism Removal (CPR):    0.291ns
  Clock Uncertainty:      0.035ns  ((TSJ^2 + TIJ^2)^1/2 + DJ) / 2 + PE
    Total System Jitter     (TSJ):    0.071ns
    Total Input Jitter      (TIJ):    0.000ns
    Discrete Jitter          (DJ):    0.000ns
    Phase Error              (PE):    0.000ns

    Location             Delay type                Incr(ns)  Path(ns)    Netlist Resource(s)
  -------------------------------------------------------------------    -------------------
                         (clock sys_clk_pin rise edge)
                                                      0.000     0.000 r  
    L16                                               0.000     0.000 r  clk (IN)
                         net (fo=0)                   0.000     0.000    clk
    L16                  IBUF (Prop_ibuf_I_O)         1.491     1.491 r  clk_IBUF_inst/O
                         net (fo=1, routed)           2.076     3.567    clk_IBUF
    BUFGCTRL_X0Y16       BUFG (Prop_bufg_I_O)         0.101     3.668 r  clk_IBUF_BUFG_inst/O
                         net (fo=959, routed)         1.650     5.318    Inst_md_io/Inst_VGA/rand_x_unit/clk
    SLICE_X25Y85         FDRE                                         r  Inst_md_io/Inst_VGA/rand_x_unit/rnd_val_reg[0]/C
  -------------------------------------------------------------------    -------------------
    SLICE_X25Y85         FDRE (Prop_fdre_C_Q)         0.456     5.774 f  Inst_md_io/Inst_VGA/rand_x_unit/rnd_val_reg[0]/Q
                         net (fo=103, routed)         1.579     7.354    Inst_md_io/Inst_VGA/rand_x_unit/randomNumber[0]
    SLICE_X27Y72         LUT6 (Prop_lut6_I1_O)        0.124     7.478 r  Inst_md_io/Inst_VGA/rand_x_unit/FSM_sequential_fruit_state[1]_i_407/O
                         net (fo=1, routed)           0.575     8.052    Inst_md_io/Inst_VGA/rand_x_unit/FSM_sequential_fruit_state[1]_i_407_n_0
    SLICE_X31Y72         LUT5 (Prop_lut5_I4_O)        0.124     8.176 r  Inst_md_io/Inst_VGA/rand_x_unit/FSM_sequential_fruit_state[1]_i_272/O
                         net (fo=1, routed)           1.478     9.654    Inst_md_io/Inst_VGA/rand_x_unit/FSM_sequential_fruit_state[1]_i_272_n_0
    SLICE_X39Y89         LUT6 (Prop_lut6_I0_O)        0.124     9.778 f  Inst_md_io/Inst_VGA/rand_x_unit/FSM_sequential_fruit_state[1]_i_138/O
                         net (fo=1, routed)           0.351    10.129    Inst_md_io/Inst_VGA/rand_x_unit/FSM_sequential_fruit_state[1]_i_138_n_0
    SLICE_X38Y89         LUT6 (Prop_lut6_I5_O)        0.124    10.253 f  Inst_md_io/Inst_VGA/rand_x_unit/FSM_sequential_fruit_state[1]_i_73/O
                         net (fo=1, routed)           1.460    11.713    Inst_md_io/Inst_VGA/rand_y_unit/FSM_sequential_fruit_state[1]_i_8_1
    SLICE_X24Y72         LUT6 (Prop_lut6_I5_O)        0.124    11.837 f  Inst_md_io/Inst_VGA/rand_y_unit/FSM_sequential_fruit_state[1]_i_34/O
                         net (fo=1, routed)           0.294    12.132    Inst_md_io/Inst_VGA/rand_y_unit/FSM_sequential_fruit_state[1]_i_34_n_0
    SLICE_X22Y72         LUT5 (Prop_lut5_I1_O)        0.124    12.256 f  Inst_md_io/Inst_VGA/rand_y_unit/FSM_sequential_fruit_state[1]_i_8/O
                         net (fo=1, routed)           0.559    12.814    Inst_md_io/Inst_VGA/rand_x_unit/FSM_sequential_fruit_state_reg[1]
    SLICE_X22Y71         LUT6 (Prop_lut6_I4_O)        0.124    12.938 f  Inst_md_io/Inst_VGA/rand_x_unit/FSM_sequential_fruit_state[1]_i_2/O
                         net (fo=6, routed)           0.623    13.561    Inst_md_io/Inst_VGA/rand_x_unit/FSM_sequential_fruit_state[1]_i_9
    SLICE_X20Y69         LUT3 (Prop_lut3_I1_O)        0.124    13.685 r  Inst_md_io/Inst_VGA/rand_x_unit/fruit_y_s[5]_i_2/O
                         net (fo=22, routed)          1.881    15.566    Inst_md_io/Inst_VGA/rand_x_unit_n_4
    SLICE_X19Y63         FDRE                                         r  Inst_md_io/Inst_VGA/fruit_y_s_reg[0]_replica/CE
  -------------------------------------------------------------------    -------------------

                         (clock sys_clk_pin rise edge)
                                                      8.000     8.000 r  
    L16                                               0.000     8.000 r  clk (IN)
                         net (fo=0)                   0.000     8.000    clk
    L16                  IBUF (Prop_ibuf_I_O)         1.421     9.421 r  clk_IBUF_inst/O
                         net (fo=1, routed)           1.880    11.301    clk_IBUF
    BUFGCTRL_X0Y16       BUFG (Prop_bufg_I_O)         0.091    11.392 r  clk_IBUF_BUFG_inst/O
                         net (fo=959, routed)         1.482    12.873    Inst_md_io/Inst_VGA/clk
    SLICE_X19Y63         FDRE                                         r  Inst_md_io/Inst_VGA/fruit_y_s_reg[0]_replica/C
                         clock pessimism              0.291    13.164    
                         clock uncertainty           -0.035    13.129    
    SLICE_X19Y63         FDRE (Setup_fdre_C_CE)      -0.205    12.924    Inst_md_io/Inst_VGA/fruit_y_s_reg[0]_replica
  -------------------------------------------------------------------
                         required time                         12.924    
                         arrival time                         -15.566    
  -------------------------------------------------------------------
                         slack                                 -2.642    

Slack (VIOLATED) :        -2.639ns  (required time - arrival time)
  Source:                 Inst_md_io/Inst_VGA/rand_x_unit/rnd_val_reg[0]/C
                            (rising edge-triggered cell FDRE clocked by sys_clk_pin  {rise@0.000ns fall@4.000ns period=8.000ns})
  Destination:            Inst_md_io/Inst_VGA/fruit_y_s_reg[5]/R
                            (rising edge-triggered cell FDRE clocked by sys_clk_pin  {rise@0.000ns fall@4.000ns period=8.000ns})
  Path Group:             sys_clk_pin
  Path Type:              Setup (Max at Slow Process Corner)
  Requirement:            8.000ns  (sys_clk_pin rise@8.000ns - sys_clk_pin rise@0.000ns)
  Data Path Delay:        10.019ns  (logic 1.448ns (14.452%)  route 8.571ns (85.548%))
  Logic Levels:           8  (LUT3=1 LUT5=2 LUT6=5)
  Clock Path Skew:        -0.155ns (DCD - SCD + CPR)
    Destination Clock Delay (DCD):    4.872ns = ( 12.872 - 8.000 ) 
    Source Clock Delay      (SCD):    5.318ns
    Clock Pessimism Removal (CPR):    0.291ns
  Clock Uncertainty:      0.035ns  ((TSJ^2 + TIJ^2)^1/2 + DJ) / 2 + PE
    Total System Jitter     (TSJ):    0.071ns
    Total Input Jitter      (TIJ):    0.000ns
    Discrete Jitter          (DJ):    0.000ns
    Phase Error              (PE):    0.000ns

    Location             Delay type                Incr(ns)  Path(ns)    Netlist Resource(s)
  -------------------------------------------------------------------    -------------------
                         (clock sys_clk_pin rise edge)
                                                      0.000     0.000 r  
    L16                                               0.000     0.000 r  clk (IN)
                         net (fo=0)                   0.000     0.000    clk
    L16                  IBUF (Prop_ibuf_I_O)         1.491     1.491 r  clk_IBUF_inst/O
                         net (fo=1, routed)           2.076     3.567    clk_IBUF
    BUFGCTRL_X0Y16       BUFG (Prop_bufg_I_O)         0.101     3.668 r  clk_IBUF_BUFG_inst/O
                         net (fo=959, routed)         1.650     5.318    Inst_md_io/Inst_VGA/rand_x_unit/clk
    SLICE_X25Y85         FDRE                                         r  Inst_md_io/Inst_VGA/rand_x_unit/rnd_val_reg[0]/C
  -------------------------------------------------------------------    -------------------
    SLICE_X25Y85         FDRE (Prop_fdre_C_Q)         0.456     5.774 r  Inst_md_io/Inst_VGA/rand_x_unit/rnd_val_reg[0]/Q
                         net (fo=103, routed)         1.579     7.354    Inst_md_io/Inst_VGA/rand_x_unit/randomNumber[0]
    SLICE_X27Y72         LUT6 (Prop_lut6_I1_O)        0.124     7.478 f  Inst_md_io/Inst_VGA/rand_x_unit/FSM_sequential_fruit_state[1]_i_407/O
                         net (fo=1, routed)           0.575     8.052    Inst_md_io/Inst_VGA/rand_x_unit/FSM_sequential_fruit_state[1]_i_407_n_0
    SLICE_X31Y72         LUT5 (Prop_lut5_I4_O)        0.124     8.176 f  Inst_md_io/Inst_VGA/rand_x_unit/FSM_sequential_fruit_state[1]_i_272/O
                         net (fo=1, routed)           1.478     9.654    Inst_md_io/Inst_VGA/rand_x_unit/FSM_sequential_fruit_state[1]_i_272_n_0
    SLICE_X39Y89         LUT6 (Prop_lut6_I0_O)        0.124     9.778 r  Inst_md_io/Inst_VGA/rand_x_unit/FSM_sequential_fruit_state[1]_i_138/O
                         net (fo=1, routed)           0.351    10.129    Inst_md_io/Inst_VGA/rand_x_unit/FSM_sequential_fruit_state[1]_i_138_n_0
    SLICE_X38Y89         LUT6 (Prop_lut6_I5_O)        0.124    10.253 r  Inst_md_io/Inst_VGA/rand_x_unit/FSM_sequential_fruit_state[1]_i_73/O
                         net (fo=1, routed)           1.460    11.713    Inst_md_io/Inst_VGA/rand_y_unit/FSM_sequential_fruit_state[1]_i_8_1
    SLICE_X24Y72         LUT6 (Prop_lut6_I5_O)        0.124    11.837 r  Inst_md_io/Inst_VGA/rand_y_unit/FSM_sequential_fruit_state[1]_i_34/O
                         net (fo=1, routed)           0.294    12.132    Inst_md_io/Inst_VGA/rand_y_unit/FSM_sequential_fruit_state[1]_i_34_n_0
    SLICE_X22Y72         LUT5 (Prop_lut5_I1_O)        0.124    12.256 r  Inst_md_io/Inst_VGA/rand_y_unit/FSM_sequential_fruit_state[1]_i_8/O
                         net (fo=1, routed)           0.559    12.814    Inst_md_io/Inst_VGA/rand_x_unit/FSM_sequential_fruit_state_reg[1]
    SLICE_X22Y71         LUT6 (Prop_lut6_I4_O)        0.124    12.938 r  Inst_md_io/Inst_VGA/rand_x_unit/FSM_sequential_fruit_state[1]_i_2/O
                         net (fo=6, routed)           0.473    13.411    Inst_md_io/Inst_VGA/rand_x_unit/FSM_sequential_fruit_state[1]_i_9
    SLICE_X23Y69         LUT3 (Prop_lut3_I1_O)        0.124    13.535 r  Inst_md_io/Inst_VGA/rand_x_unit/fruit_y_s[5]_i_1/O
                         net (fo=22, routed)          1.803    15.338    Inst_md_io/Inst_VGA/rand_x_unit_n_5
    SLICE_X21Y63         FDRE                                         r  Inst_md_io/Inst_VGA/fruit_y_s_reg[5]/R
  -------------------------------------------------------------------    -------------------

                         (clock sys_clk_pin rise edge)
                                                      8.000     8.000 r  
    L16                                               0.000     8.000 r  clk (IN)
                         net (fo=0)                   0.000     8.000    clk
    L16                  IBUF (Prop_ibuf_I_O)         1.421     9.421 r  clk_IBUF_inst/O
                         net (fo=1, routed)           1.880    11.301    clk_IBUF
    BUFGCTRL_X0Y16       BUFG (Prop_bufg_I_O)         0.091    11.392 r  clk_IBUF_BUFG_inst/O
                         net (fo=959, routed)         1.481    12.872    Inst_md_io/Inst_VGA/clk
    SLICE_X21Y63         FDRE                                         r  Inst_md_io/Inst_VGA/fruit_y_s_reg[5]/C
                         clock pessimism              0.291    13.163    
                         clock uncertainty           -0.035    13.128    
    SLICE_X21Y63         FDRE (Setup_fdre_C_R)       -0.429    12.699    Inst_md_io/Inst_VGA/fruit_y_s_reg[5]
  -------------------------------------------------------------------
                         required time                         12.699    
                         arrival time                         -15.338    
  -------------------------------------------------------------------
                         slack                                 -2.639    

Slack (VIOLATED) :        -2.631ns  (required time - arrival time)
  Source:                 Inst_md_io/Inst_VGA/rand_x_unit/rnd_val_reg[0]/C
                            (rising edge-triggered cell FDRE clocked by sys_clk_pin  {rise@0.000ns fall@4.000ns period=8.000ns})
  Destination:            Inst_md_io/Inst_VGA/fruit_y_s_reg[2]/CE
                            (rising edge-triggered cell FDRE clocked by sys_clk_pin  {rise@0.000ns fall@4.000ns period=8.000ns})
  Path Group:             sys_clk_pin
  Path Type:              Setup (Max at Slow Process Corner)
  Requirement:            8.000ns  (sys_clk_pin rise@8.000ns - sys_clk_pin rise@0.000ns)
  Data Path Delay:        10.236ns  (logic 1.448ns (14.146%)  route 8.788ns (85.853%))
  Logic Levels:           8  (LUT3=1 LUT5=2 LUT6=5)
  Clock Path Skew:        -0.155ns (DCD - SCD + CPR)
    Destination Clock Delay (DCD):    4.872ns = ( 12.872 - 8.000 ) 
    Source Clock Delay      (SCD):    5.318ns
    Clock Pessimism Removal (CPR):    0.291ns
  Clock Uncertainty:      0.035ns  ((TSJ^2 + TIJ^2)^1/2 + DJ) / 2 + PE
    Total System Jitter     (TSJ):    0.071ns
    Total Input Jitter      (TIJ):    0.000ns
    Discrete Jitter          (DJ):    0.000ns
    Phase Error              (PE):    0.000ns

    Location             Delay type                Incr(ns)  Path(ns)    Netlist Resource(s)
  -------------------------------------------------------------------    -------------------
                         (clock sys_clk_pin rise edge)
                                                      0.000     0.000 r  
    L16                                               0.000     0.000 r  clk (IN)
                         net (fo=0)                   0.000     0.000    clk
    L16                  IBUF (Prop_ibuf_I_O)         1.491     1.491 r  clk_IBUF_inst/O
                         net (fo=1, routed)           2.076     3.567    clk_IBUF
    BUFGCTRL_X0Y16       BUFG (Prop_bufg_I_O)         0.101     3.668 r  clk_IBUF_BUFG_inst/O
                         net (fo=959, routed)         1.650     5.318    Inst_md_io/Inst_VGA/rand_x_unit/clk
    SLICE_X25Y85         FDRE                                         r  Inst_md_io/Inst_VGA/rand_x_unit/rnd_val_reg[0]/C
  -------------------------------------------------------------------    -------------------
    SLICE_X25Y85         FDRE (Prop_fdre_C_Q)         0.456     5.774 f  Inst_md_io/Inst_VGA/rand_x_unit/rnd_val_reg[0]/Q
                         net (fo=103, routed)         1.579     7.354    Inst_md_io/Inst_VGA/rand_x_unit/randomNumber[0]
    SLICE_X27Y72         LUT6 (Prop_lut6_I1_O)        0.124     7.478 r  Inst_md_io/Inst_VGA/rand_x_unit/FSM_sequential_fruit_state[1]_i_407/O
                         net (fo=1, routed)           0.575     8.052    Inst_md_io/Inst_VGA/rand_x_unit/FSM_sequential_fruit_state[1]_i_407_n_0
    SLICE_X31Y72         LUT5 (Prop_lut5_I4_O)        0.124     8.176 r  Inst_md_io/Inst_VGA/rand_x_unit/FSM_sequential_fruit_state[1]_i_272/O
                         net (fo=1, routed)           1.478     9.654    Inst_md_io/Inst_VGA/rand_x_unit/FSM_sequential_fruit_state[1]_i_272_n_0
    SLICE_X39Y89         LUT6 (Prop_lut6_I0_O)        0.124     9.778 f  Inst_md_io/Inst_VGA/rand_x_unit/FSM_sequential_fruit_state[1]_i_138/O
                         net (fo=1, routed)           0.351    10.129    Inst_md_io/Inst_VGA/rand_x_unit/FSM_sequential_fruit_state[1]_i_138_n_0
    SLICE_X38Y89         LUT6 (Prop_lut6_I5_O)        0.124    10.253 f  Inst_md_io/Inst_VGA/rand_x_unit/FSM_sequential_fruit_state[1]_i_73/O
                         net (fo=1, routed)           1.460    11.713    Inst_md_io/Inst_VGA/rand_y_unit/FSM_sequential_fruit_state[1]_i_8_1
    SLICE_X24Y72         LUT6 (Prop_lut6_I5_O)        0.124    11.837 f  Inst_md_io/Inst_VGA/rand_y_unit/FSM_sequential_fruit_state[1]_i_34/O
                         net (fo=1, routed)           0.294    12.132    Inst_md_io/Inst_VGA/rand_y_unit/FSM_sequential_fruit_state[1]_i_34_n_0
    SLICE_X22Y72         LUT5 (Prop_lut5_I1_O)        0.124    12.256 f  Inst_md_io/Inst_VGA/rand_y_unit/FSM_sequential_fruit_state[1]_i_8/O
                         net (fo=1, routed)           0.559    12.814    Inst_md_io/Inst_VGA/rand_x_unit/FSM_sequential_fruit_state_reg[1]
    SLICE_X22Y71         LUT6 (Prop_lut6_I4_O)        0.124    12.938 f  Inst_md_io/Inst_VGA/rand_x_unit/FSM_sequential_fruit_state[1]_i_2/O
                         net (fo=6, routed)           0.623    13.561    Inst_md_io/Inst_VGA/rand_x_unit/FSM_sequential_fruit_state[1]_i_9
    SLICE_X20Y69         LUT3 (Prop_lut3_I1_O)        0.124    13.685 r  Inst_md_io/Inst_VGA/rand_x_unit/fruit_y_s[5]_i_2/O
                         net (fo=22, routed)          1.869    15.554    Inst_md_io/Inst_VGA/rand_x_unit_n_4
    SLICE_X17Y65         FDRE                                         r  Inst_md_io/Inst_VGA/fruit_y_s_reg[2]/CE
  -------------------------------------------------------------------    -------------------

                         (clock sys_clk_pin rise edge)
                                                      8.000     8.000 r  
    L16                                               0.000     8.000 r  clk (IN)
                         net (fo=0)                   0.000     8.000    clk
    L16                  IBUF (Prop_ibuf_I_O)         1.421     9.421 r  clk_IBUF_inst/O
                         net (fo=1, routed)           1.880    11.301    clk_IBUF
    BUFGCTRL_X0Y16       BUFG (Prop_bufg_I_O)         0.091    11.392 r  clk_IBUF_BUFG_inst/O
                         net (fo=959, routed)         1.481    12.872    Inst_md_io/Inst_VGA/clk
    SLICE_X17Y65         FDRE                                         r  Inst_md_io/Inst_VGA/fruit_y_s_reg[2]/C
                         clock pessimism              0.291    13.163    
                         clock uncertainty           -0.035    13.128    
    SLICE_X17Y65         FDRE (Setup_fdre_C_CE)      -0.205    12.923    Inst_md_io/Inst_VGA/fruit_y_s_reg[2]
  -------------------------------------------------------------------
                         required time                         12.923    
                         arrival time                         -15.554    
  -------------------------------------------------------------------
                         slack                                 -2.631    





Min Delay Paths
--------------------------------------------------------------------------------------
Slack (MET) :             0.098ns  (arrival time - required time)
  Source:                 Inst_md_io/Inst_VGA/colaX_reg[17][5]/C
                            (rising edge-triggered cell FDRE clocked by sys_clk_pin  {rise@0.000ns fall@4.000ns period=8.000ns})
  Destination:            Inst_md_io/Inst_VGA/colaX_reg[18][5]/D
                            (rising edge-triggered cell FDRE clocked by sys_clk_pin  {rise@0.000ns fall@4.000ns period=8.000ns})
  Path Group:             sys_clk_pin
  Path Type:              Hold (Min at Fast Process Corner)
  Requirement:            0.000ns  (sys_clk_pin rise@0.000ns - sys_clk_pin rise@0.000ns)
  Data Path Delay:        0.428ns  (logic 0.164ns (38.350%)  route 0.264ns (61.650%))
  Logic Levels:           0  
  Clock Path Skew:        0.263ns (DCD - SCD - CPR)
    Destination Clock Delay (DCD):    1.983ns
    Source Clock Delay      (SCD):    1.468ns
    Clock Pessimism Removal (CPR):    0.252ns

    Location             Delay type                Incr(ns)  Path(ns)    Netlist Resource(s)
  -------------------------------------------------------------------    -------------------
                         (clock sys_clk_pin rise edge)
                                                      0.000     0.000 r  
    L16                                               0.000     0.000 r  clk (IN)
                         net (fo=0)                   0.000     0.000    clk
    L16                  IBUF (Prop_ibuf_I_O)         0.259     0.259 r  clk_IBUF_inst/O
                         net (fo=1, routed)           0.627     0.886    clk_IBUF
    BUFGCTRL_X0Y16       BUFG (Prop_bufg_I_O)         0.026     0.912 r  clk_IBUF_BUFG_inst/O
                         net (fo=959, routed)         0.556     1.468    Inst_md_io/Inst_VGA/clk
    SLICE_X20Y94         FDRE                                         r  Inst_md_io/Inst_VGA/colaX_reg[17][5]/C
  -------------------------------------------------------------------    -------------------
    SLICE_X20Y94         FDRE (Prop_fdre_C_Q)         0.164     1.632 r  Inst_md_io/Inst_VGA/colaX_reg[17][5]/Q
                         net (fo=6, routed)           0.264     1.895    Inst_md_io/Inst_VGA/colaX_reg[17]_37[5]
    SLICE_X25Y91         FDRE                                         r  Inst_md_io/Inst_VGA/colaX_reg[18][5]/D
  -------------------------------------------------------------------    -------------------

                         (clock sys_clk_pin rise edge)
                                                      0.000     0.000 r  
    L16                                               0.000     0.000 r  clk (IN)
                         net (fo=0)                   0.000     0.000    clk
    L16                  IBUF (Prop_ibuf_I_O)         0.447     0.447 r  clk_IBUF_inst/O
                         net (fo=1, routed)           0.683     1.130    clk_IBUF
    BUFGCTRL_X0Y16       BUFG (Prop_bufg_I_O)         0.029     1.159 r  clk_IBUF_BUFG_inst/O
                         net (fo=959, routed)         0.824     1.983    Inst_md_io/Inst_VGA/clk
    SLICE_X25Y91         FDRE                                         r  Inst_md_io/Inst_VGA/colaX_reg[18][5]/C
                         clock pessimism             -0.252     1.731    
    SLICE_X25Y91         FDRE (Hold_fdre_C_D)         0.066     1.797    Inst_md_io/Inst_VGA/colaX_reg[18][5]
  -------------------------------------------------------------------
                         required time                         -1.797    
                         arrival time                           1.895    
  -------------------------------------------------------------------
                         slack                                  0.098    

Slack (MET) :             0.111ns  (arrival time - required time)
  Source:                 Inst_md_io/Inst_VGA/colaX_reg[17][2]/C
                            (rising edge-triggered cell FDRE clocked by sys_clk_pin  {rise@0.000ns fall@4.000ns period=8.000ns})
  Destination:            Inst_md_io/Inst_VGA/colaX_reg[18][2]/D
                            (rising edge-triggered cell FDRE clocked by sys_clk_pin  {rise@0.000ns fall@4.000ns period=8.000ns})
  Path Group:             sys_clk_pin
  Path Type:              Hold (Min at Fast Process Corner)
  Requirement:            0.000ns  (sys_clk_pin rise@0.000ns - sys_clk_pin rise@0.000ns)
  Data Path Delay:        0.432ns  (logic 0.141ns (32.611%)  route 0.291ns (67.389%))
  Logic Levels:           0  
  Clock Path Skew:        0.262ns (DCD - SCD - CPR)
    Destination Clock Delay (DCD):    1.982ns
    Source Clock Delay      (SCD):    1.468ns
    Clock Pessimism Removal (CPR):    0.252ns

    Location             Delay type                Incr(ns)  Path(ns)    Netlist Resource(s)
  -------------------------------------------------------------------    -------------------
                         (clock sys_clk_pin rise edge)
                                                      0.000     0.000 r  
    L16                                               0.000     0.000 r  clk (IN)
                         net (fo=0)                   0.000     0.000    clk
    L16                  IBUF (Prop_ibuf_I_O)         0.259     0.259 r  clk_IBUF_inst/O
                         net (fo=1, routed)           0.627     0.886    clk_IBUF
    BUFGCTRL_X0Y16       BUFG (Prop_bufg_I_O)         0.026     0.912 r  clk_IBUF_BUFG_inst/O
                         net (fo=959, routed)         0.556     1.468    Inst_md_io/Inst_VGA/clk
    SLICE_X21Y93         FDRE                                         r  Inst_md_io/Inst_VGA/colaX_reg[17][2]/C
  -------------------------------------------------------------------    -------------------
    SLICE_X21Y93         FDRE (Prop_fdre_C_Q)         0.141     1.609 r  Inst_md_io/Inst_VGA/colaX_reg[17][2]/Q
                         net (fo=7, routed)           0.291     1.900    Inst_md_io/Inst_VGA/colaX_reg[17]_37[2]
    SLICE_X24Y89         FDRE                                         r  Inst_md_io/Inst_VGA/colaX_reg[18][2]/D
  -------------------------------------------------------------------    -------------------

                         (clock sys_clk_pin rise edge)
                                                      0.000     0.000 r  
    L16                                               0.000     0.000 r  clk (IN)
                         net (fo=0)                   0.000     0.000    clk
    L16                  IBUF (Prop_ibuf_I_O)         0.447     0.447 r  clk_IBUF_inst/O
                         net (fo=1, routed)           0.683     1.130    clk_IBUF
    BUFGCTRL_X0Y16       BUFG (Prop_bufg_I_O)         0.029     1.159 r  clk_IBUF_BUFG_inst/O
                         net (fo=959, routed)         0.823     1.982    Inst_md_io/Inst_VGA/clk
    SLICE_X24Y89         FDRE                                         r  Inst_md_io/Inst_VGA/colaX_reg[18][2]/C
                         clock pessimism             -0.252     1.730    
    SLICE_X24Y89         FDRE (Hold_fdre_C_D)         0.059     1.789    Inst_md_io/Inst_VGA/colaX_reg[18][2]
  -------------------------------------------------------------------
                         required time                         -1.789    
                         arrival time                           1.900    
  -------------------------------------------------------------------
                         slack                                  0.111    

Slack (MET) :             0.125ns  (arrival time - required time)
  Source:                 Inst_md_io/Inst_VGA/colaX_reg[3][1]/C
                            (rising edge-triggered cell FDRE clocked by sys_clk_pin  {rise@0.000ns fall@4.000ns period=8.000ns})
  Destination:            Inst_md_io/Inst_VGA/colaX_reg[4][1]/D
                            (rising edge-triggered cell FDRE clocked by sys_clk_pin  {rise@0.000ns fall@4.000ns period=8.000ns})
  Path Group:             sys_clk_pin
  Path Type:              Hold (Min at Fast Process Corner)
  Requirement:            0.000ns  (sys_clk_pin rise@0.000ns - sys_clk_pin rise@0.000ns)
  Data Path Delay:        0.437ns  (logic 0.141ns (32.247%)  route 0.296ns (67.753%))
  Logic Levels:           0  
  Clock Path Skew:        0.266ns (DCD - SCD - CPR)
    Destination Clock Delay (DCD):    1.987ns
    Source Clock Delay      (SCD):    1.469ns
    Clock Pessimism Removal (CPR):    0.252ns

    Location             Delay type                Incr(ns)  Path(ns)    Netlist Resource(s)
  -------------------------------------------------------------------    -------------------
                         (clock sys_clk_pin rise edge)
                                                      0.000     0.000 r  
    L16                                               0.000     0.000 r  clk (IN)
                         net (fo=0)                   0.000     0.000    clk
    L16                  IBUF (Prop_ibuf_I_O)         0.259     0.259 r  clk_IBUF_inst/O
                         net (fo=1, routed)           0.627     0.886    clk_IBUF
    BUFGCTRL_X0Y16       BUFG (Prop_bufg_I_O)         0.026     0.912 r  clk_IBUF_BUFG_inst/O
                         net (fo=959, routed)         0.557     1.469    Inst_md_io/Inst_VGA/clk
    SLICE_X25Y97         FDRE                                         r  Inst_md_io/Inst_VGA/colaX_reg[3][1]/C
  -------------------------------------------------------------------    -------------------
    SLICE_X25Y97         FDRE (Prop_fdre_C_Q)         0.141     1.610 r  Inst_md_io/Inst_VGA/colaX_reg[3][1]/Q
                         net (fo=6, routed)           0.296     1.906    Inst_md_io/Inst_VGA/colaX_reg[3]_11[1]
    SLICE_X17Y95         FDRE                                         r  Inst_md_io/Inst_VGA/colaX_reg[4][1]/D
  -------------------------------------------------------------------    -------------------

                         (clock sys_clk_pin rise edge)
                                                      0.000     0.000 r  
    L16                                               0.000     0.000 r  clk (IN)
                         net (fo=0)                   0.000     0.000    clk
    L16                  IBUF (Prop_ibuf_I_O)         0.447     0.447 r  clk_IBUF_inst/O
                         net (fo=1, routed)           0.683     1.130    clk_IBUF
    BUFGCTRL_X0Y16       BUFG (Prop_bufg_I_O)         0.029     1.159 r  clk_IBUF_BUFG_inst/O
                         net (fo=959, routed)         0.828     1.987    Inst_md_io/Inst_VGA/clk
    SLICE_X17Y95         FDRE                                         r  Inst_md_io/Inst_VGA/colaX_reg[4][1]/C
                         clock pessimism             -0.252     1.735    
    SLICE_X17Y95         FDRE (Hold_fdre_C_D)         0.046     1.781    Inst_md_io/Inst_VGA/colaX_reg[4][1]
  -------------------------------------------------------------------
                         required time                         -1.781    
                         arrival time                           1.906    
  -------------------------------------------------------------------
                         slack                                  0.125    

Slack (MET) :             0.125ns  (arrival time - required time)
  Source:                 Inst_md_io/Inst_VGA/colaY_reg[43][3]/C
                            (rising edge-triggered cell FDRE clocked by sys_clk_pin  {rise@0.000ns fall@4.000ns period=8.000ns})
  Destination:            Inst_md_io/Inst_VGA/colaY_reg[44][3]/D
                            (rising edge-triggered cell FDRE clocked by sys_clk_pin  {rise@0.000ns fall@4.000ns period=8.000ns})
  Path Group:             sys_clk_pin
  Path Type:              Hold (Min at Fast Process Corner)
  Requirement:            0.000ns  (sys_clk_pin rise@0.000ns - sys_clk_pin rise@0.000ns)
  Data Path Delay:        0.444ns  (logic 0.141ns (31.779%)  route 0.303ns (68.221%))
  Logic Levels:           0  
  Clock Path Skew:        0.267ns (DCD - SCD - CPR)
    Destination Clock Delay (DCD):    1.987ns
    Source Clock Delay      (SCD):    1.468ns
    Clock Pessimism Removal (CPR):    0.252ns

    Location             Delay type                Incr(ns)  Path(ns)    Netlist Resource(s)
  -------------------------------------------------------------------    -------------------
                         (clock sys_clk_pin rise edge)
                                                      0.000     0.000 r  
    L16                                               0.000     0.000 r  clk (IN)
                         net (fo=0)                   0.000     0.000    clk
    L16                  IBUF (Prop_ibuf_I_O)         0.259     0.259 r  clk_IBUF_inst/O
                         net (fo=1, routed)           0.627     0.886    clk_IBUF
    BUFGCTRL_X0Y16       BUFG (Prop_bufg_I_O)         0.026     0.912 r  clk_IBUF_BUFG_inst/O
                         net (fo=959, routed)         0.556     1.468    Inst_md_io/Inst_VGA/clk
    SLICE_X23Y94         FDRE                                         r  Inst_md_io/Inst_VGA/colaY_reg[43][3]/C
  -------------------------------------------------------------------    -------------------
    SLICE_X23Y94         FDRE (Prop_fdre_C_Q)         0.141     1.609 r  Inst_md_io/Inst_VGA/colaY_reg[43][3]/Q
                         net (fo=8, routed)           0.303     1.912    Inst_md_io/Inst_VGA/colaY_reg[43]_86[3]
    SLICE_X18Y96         FDRE                                         r  Inst_md_io/Inst_VGA/colaY_reg[44][3]/D
  -------------------------------------------------------------------    -------------------

                         (clock sys_clk_pin rise edge)
                                                      0.000     0.000 r  
    L16                                               0.000     0.000 r  clk (IN)
                         net (fo=0)                   0.000     0.000    clk
    L16                  IBUF (Prop_ibuf_I_O)         0.447     0.447 r  clk_IBUF_inst/O
                         net (fo=1, routed)           0.683     1.130    clk_IBUF
    BUFGCTRL_X0Y16       BUFG (Prop_bufg_I_O)         0.029     1.159 r  clk_IBUF_BUFG_inst/O
                         net (fo=959, routed)         0.828     1.987    Inst_md_io/Inst_VGA/clk
    SLICE_X18Y96         FDRE                                         r  Inst_md_io/Inst_VGA/colaY_reg[44][3]/C
                         clock pessimism             -0.252     1.735    
    SLICE_X18Y96         FDRE (Hold_fdre_C_D)         0.051     1.786    Inst_md_io/Inst_VGA/colaY_reg[44][3]
  -------------------------------------------------------------------
                         required time                         -1.786    
                         arrival time                           1.912    
  -------------------------------------------------------------------
                         slack                                  0.125    

Slack (MET) :             0.129ns  (arrival time - required time)
  Source:                 Inst_md_io/Inst_VGA/colaY_reg[60][0]/C
                            (rising edge-triggered cell FDRE clocked by sys_clk_pin  {rise@0.000ns fall@4.000ns period=8.000ns})
  Destination:            Inst_md_io/Inst_VGA/colaY_reg[61][0]/D
                            (rising edge-triggered cell FDRE clocked by sys_clk_pin  {rise@0.000ns fall@4.000ns period=8.000ns})
  Path Group:             sys_clk_pin
  Path Type:              Hold (Min at Fast Process Corner)
  Requirement:            0.000ns  (sys_clk_pin rise@0.000ns - sys_clk_pin rise@0.000ns)
  Data Path Delay:        0.466ns  (logic 0.141ns (30.283%)  route 0.325ns (69.717%))
  Logic Levels:           0  
  Clock Path Skew:        0.266ns (DCD - SCD - CPR)
    Destination Clock Delay (DCD):    1.976ns
    Source Clock Delay      (SCD):    1.458ns
    Clock Pessimism Removal (CPR):    0.252ns

    Location             Delay type                Incr(ns)  Path(ns)    Netlist Resource(s)
  -------------------------------------------------------------------    -------------------
                         (clock sys_clk_pin rise edge)
                                                      0.000     0.000 r  
    L16                                               0.000     0.000 r  clk (IN)
                         net (fo=0)                   0.000     0.000    clk
    L16                  IBUF (Prop_ibuf_I_O)         0.259     0.259 r  clk_IBUF_inst/O
                         net (fo=1, routed)           0.627     0.886    clk_IBUF
    BUFGCTRL_X0Y16       BUFG (Prop_bufg_I_O)         0.026     0.912 r  clk_IBUF_BUFG_inst/O
                         net (fo=959, routed)         0.546     1.458    Inst_md_io/Inst_VGA/clk
    SLICE_X21Y72         FDRE                                         r  Inst_md_io/Inst_VGA/colaY_reg[60][0]/C
  -------------------------------------------------------------------    -------------------
    SLICE_X21Y72         FDRE (Prop_fdre_C_Q)         0.141     1.599 r  Inst_md_io/Inst_VGA/colaY_reg[60][0]/Q
                         net (fo=13, routed)          0.325     1.923    Inst_md_io/Inst_VGA/colaY_reg[60]_120[0]
    SLICE_X27Y70         FDRE                                         r  Inst_md_io/Inst_VGA/colaY_reg[61][0]/D
  -------------------------------------------------------------------    -------------------

                         (clock sys_clk_pin rise edge)
                                                      0.000     0.000 r  
    L16                                               0.000     0.000 r  clk (IN)
                         net (fo=0)                   0.000     0.000    clk
    L16                  IBUF (Prop_ibuf_I_O)         0.447     0.447 r  clk_IBUF_inst/O
                         net (fo=1, routed)           0.683     1.130    clk_IBUF
    BUFGCTRL_X0Y16       BUFG (Prop_bufg_I_O)         0.029     1.159 r  clk_IBUF_BUFG_inst/O
                         net (fo=959, routed)         0.817     1.976    Inst_md_io/Inst_VGA/clk
    SLICE_X27Y70         FDRE                                         r  Inst_md_io/Inst_VGA/colaY_reg[61][0]/C
                         clock pessimism             -0.252     1.724    
    SLICE_X27Y70         FDRE (Hold_fdre_C_D)         0.070     1.794    Inst_md_io/Inst_VGA/colaY_reg[61][0]
  -------------------------------------------------------------------
                         required time                         -1.794    
                         arrival time                           1.923    
  -------------------------------------------------------------------
                         slack                                  0.129    

Slack (MET) :             0.134ns  (arrival time - required time)
  Source:                 Inst_md_io/Inst_VGA/colaX_reg[17][1]/C
                            (rising edge-triggered cell FDRE clocked by sys_clk_pin  {rise@0.000ns fall@4.000ns period=8.000ns})
  Destination:            Inst_md_io/Inst_VGA/colaX_reg[18][1]/D
                            (rising edge-triggered cell FDRE clocked by sys_clk_pin  {rise@0.000ns fall@4.000ns period=8.000ns})
  Path Group:             sys_clk_pin
  Path Type:              Hold (Min at Fast Process Corner)
  Requirement:            0.000ns  (sys_clk_pin rise@0.000ns - sys_clk_pin rise@0.000ns)
  Data Path Delay:        0.467ns  (logic 0.141ns (30.203%)  route 0.326ns (69.797%))
  Logic Levels:           0  
  Clock Path Skew:        0.263ns (DCD - SCD - CPR)
    Destination Clock Delay (DCD):    1.983ns
    Source Clock Delay      (SCD):    1.468ns
    Clock Pessimism Removal (CPR):    0.252ns

    Location             Delay type                Incr(ns)  Path(ns)    Netlist Resource(s)
  -------------------------------------------------------------------    -------------------
                         (clock sys_clk_pin rise edge)
                                                      0.000     0.000 r  
    L16                                               0.000     0.000 r  clk (IN)
                         net (fo=0)                   0.000     0.000    clk
    L16                  IBUF (Prop_ibuf_I_O)         0.259     0.259 r  clk_IBUF_inst/O
                         net (fo=1, routed)           0.627     0.886    clk_IBUF
    BUFGCTRL_X0Y16       BUFG (Prop_bufg_I_O)         0.026     0.912 r  clk_IBUF_BUFG_inst/O
                         net (fo=959, routed)         0.556     1.468    Inst_md_io/Inst_VGA/clk
    SLICE_X21Y94         FDRE                                         r  Inst_md_io/Inst_VGA/colaX_reg[17][1]/C
  -------------------------------------------------------------------    -------------------
    SLICE_X21Y94         FDRE (Prop_fdre_C_Q)         0.141     1.609 r  Inst_md_io/Inst_VGA/colaX_reg[17][1]/Q
                         net (fo=5, routed)           0.326     1.935    Inst_md_io/Inst_VGA/colaX_reg[17]_37[1]
    SLICE_X25Y91         FDRE                                         r  Inst_md_io/Inst_VGA/colaX_reg[18][1]/D
  -------------------------------------------------------------------    -------------------

                         (clock sys_clk_pin rise edge)
                                                      0.000     0.000 r  
    L16                                               0.000     0.000 r  clk (IN)
                         net (fo=0)                   0.000     0.000    clk
    L16                  IBUF (Prop_ibuf_I_O)         0.447     0.447 r  clk_IBUF_inst/O
                         net (fo=1, routed)           0.683     1.130    clk_IBUF
    BUFGCTRL_X0Y16       BUFG (Prop_bufg_I_O)         0.029     1.159 r  clk_IBUF_BUFG_inst/O
                         net (fo=959, routed)         0.824     1.983    Inst_md_io/Inst_VGA/clk
    SLICE_X25Y91         FDRE                                         r  Inst_md_io/Inst_VGA/colaX_reg[18][1]/C
                         clock pessimism             -0.252     1.731    
    SLICE_X25Y91         FDRE (Hold_fdre_C_D)         0.070     1.801    Inst_md_io/Inst_VGA/colaX_reg[18][1]
  -------------------------------------------------------------------
                         required time                         -1.801    
                         arrival time                           1.935    
  -------------------------------------------------------------------
                         slack                                  0.134    

Slack (MET) :             0.152ns  (arrival time - required time)
  Source:                 Inst_md_io/Inst_VGA/colaX_reg[3][4]/C
                            (rising edge-triggered cell FDRE clocked by sys_clk_pin  {rise@0.000ns fall@4.000ns period=8.000ns})
  Destination:            Inst_md_io/Inst_VGA/colaX_reg[4][4]/D
                            (rising edge-triggered cell FDRE clocked by sys_clk_pin  {rise@0.000ns fall@4.000ns period=8.000ns})
  Path Group:             sys_clk_pin
  Path Type:              Hold (Min at Fast Process Corner)
  Requirement:            0.000ns  (sys_clk_pin rise@0.000ns - sys_clk_pin rise@0.000ns)
  Data Path Delay:        0.473ns  (logic 0.141ns (29.831%)  route 0.332ns (70.169%))
  Logic Levels:           0  
  Clock Path Skew:        0.268ns (DCD - SCD - CPR)
    Destination Clock Delay (DCD):    1.987ns
    Source Clock Delay      (SCD):    1.467ns
    Clock Pessimism Removal (CPR):    0.252ns

    Location             Delay type                Incr(ns)  Path(ns)    Netlist Resource(s)
  -------------------------------------------------------------------    -------------------
                         (clock sys_clk_pin rise edge)
                                                      0.000     0.000 r  
    L16                                               0.000     0.000 r  clk (IN)
                         net (fo=0)                   0.000     0.000    clk
    L16                  IBUF (Prop_ibuf_I_O)         0.259     0.259 r  clk_IBUF_inst/O
                         net (fo=1, routed)           0.627     0.886    clk_IBUF
    BUFGCTRL_X0Y16       BUFG (Prop_bufg_I_O)         0.026     0.912 r  clk_IBUF_BUFG_inst/O
                         net (fo=959, routed)         0.555     1.467    Inst_md_io/Inst_VGA/clk
    SLICE_X25Y92         FDRE                                         r  Inst_md_io/Inst_VGA/colaX_reg[3][4]/C
  -------------------------------------------------------------------    -------------------
    SLICE_X25Y92         FDRE (Prop_fdre_C_Q)         0.141     1.608 r  Inst_md_io/Inst_VGA/colaX_reg[3][4]/Q
                         net (fo=8, routed)           0.332     1.940    Inst_md_io/Inst_VGA/colaX_reg[3]_11[4]
    SLICE_X16Y93         FDRE                                         r  Inst_md_io/Inst_VGA/colaX_reg[4][4]/D
  -------------------------------------------------------------------    -------------------

                         (clock sys_clk_pin rise edge)
                                                      0.000     0.000 r  
    L16                                               0.000     0.000 r  clk (IN)
                         net (fo=0)                   0.000     0.000    clk
    L16                  IBUF (Prop_ibuf_I_O)         0.447     0.447 r  clk_IBUF_inst/O
                         net (fo=1, routed)           0.683     1.130    clk_IBUF
    BUFGCTRL_X0Y16       BUFG (Prop_bufg_I_O)         0.029     1.159 r  clk_IBUF_BUFG_inst/O
                         net (fo=959, routed)         0.828     1.987    Inst_md_io/Inst_VGA/clk
    SLICE_X16Y93         FDRE                                         r  Inst_md_io/Inst_VGA/colaX_reg[4][4]/C
                         clock pessimism             -0.252     1.735    
    SLICE_X16Y93         FDRE (Hold_fdre_C_D)         0.052     1.787    Inst_md_io/Inst_VGA/colaX_reg[4][4]
  -------------------------------------------------------------------
                         required time                         -1.787    
                         arrival time                           1.940    
  -------------------------------------------------------------------
                         slack                                  0.152    

Slack (MET) :             0.168ns  (arrival time - required time)
  Source:                 Inst_md_io/Inst_VGA/sync_unit/frame_unit/hc_reg_reg[7]_rep/C
                            (rising edge-triggered cell FDRE clocked by sys_clk_pin  {rise@0.000ns fall@4.000ns period=8.000ns})
  Destination:            Inst_md_io/Inst_VGA/sync_unit/frame_unit/hc_reg_reg[9]/D
                            (rising edge-triggered cell FDRE clocked by sys_clk_pin  {rise@0.000ns fall@4.000ns period=8.000ns})
  Path Group:             sys_clk_pin
  Path Type:              Hold (Min at Fast Process Corner)
  Requirement:            0.000ns  (sys_clk_pin rise@0.000ns - sys_clk_pin rise@0.000ns)
  Data Path Delay:        0.524ns  (logic 0.186ns (35.522%)  route 0.338ns (64.478%))
  Logic Levels:           1  (LUT6=1)
  Clock Path Skew:        0.264ns (DCD - SCD - CPR)
    Destination Clock Delay (DCD):    1.971ns
    Source Clock Delay      (SCD):    1.455ns
    Clock Pessimism Removal (CPR):    0.252ns

    Location             Delay type                Incr(ns)  Path(ns)    Netlist Resource(s)
  -------------------------------------------------------------------    -------------------
                         (clock sys_clk_pin rise edge)
                                                      0.000     0.000 r  
    L16                                               0.000     0.000 r  clk (IN)
                         net (fo=0)                   0.000     0.000    clk
    L16                  IBUF (Prop_ibuf_I_O)         0.259     0.259 r  clk_IBUF_inst/O
                         net (fo=1, routed)           0.627     0.886    clk_IBUF
    BUFGCTRL_X0Y16       BUFG (Prop_bufg_I_O)         0.026     0.912 r  clk_IBUF_BUFG_inst/O
                         net (fo=959, routed)         0.543     1.455    Inst_md_io/Inst_VGA/sync_unit/frame_unit/clk
    SLICE_X21Y75         FDRE                                         r  Inst_md_io/Inst_VGA/sync_unit/frame_unit/hc_reg_reg[7]_rep/C
  -------------------------------------------------------------------    -------------------
    SLICE_X21Y75         FDRE (Prop_fdre_C_Q)         0.141     1.596 r  Inst_md_io/Inst_VGA/sync_unit/frame_unit/hc_reg_reg[7]_rep/Q
                         net (fo=172, routed)         0.338     1.933    Inst_md_io/Inst_VGA/sync_unit/frame_unit/hc_reg_reg[7]_rep_n_0
    SLICE_X25Y72         LUT6 (Prop_lut6_I2_O)        0.045     1.978 r  Inst_md_io/Inst_VGA/sync_unit/frame_unit/hc_reg[9]_i_1/O
                         net (fo=1, routed)           0.000     1.978    Inst_md_io/Inst_VGA/sync_unit/frame_unit/hc_next[9]
    SLICE_X25Y72         FDRE                                         r  Inst_md_io/Inst_VGA/sync_unit/frame_unit/hc_reg_reg[9]/D
  -------------------------------------------------------------------    -------------------

                         (clock sys_clk_pin rise edge)
                                                      0.000     0.000 r  
    L16                                               0.000     0.000 r  clk (IN)
                         net (fo=0)                   0.000     0.000    clk
    L16                  IBUF (Prop_ibuf_I_O)         0.447     0.447 r  clk_IBUF_inst/O
                         net (fo=1, routed)           0.683     1.130    clk_IBUF
    BUFGCTRL_X0Y16       BUFG (Prop_bufg_I_O)         0.029     1.159 r  clk_IBUF_BUFG_inst/O
                         net (fo=959, routed)         0.812     1.971    Inst_md_io/Inst_VGA/sync_unit/frame_unit/clk
    SLICE_X25Y72         FDRE                                         r  Inst_md_io/Inst_VGA/sync_unit/frame_unit/hc_reg_reg[9]/C
                         clock pessimism             -0.252     1.719    
    SLICE_X25Y72         FDRE (Hold_fdre_C_D)         0.091     1.810    Inst_md_io/Inst_VGA/sync_unit/frame_unit/hc_reg_reg[9]
  -------------------------------------------------------------------
                         required time                         -1.810    
                         arrival time                           1.978    
  -------------------------------------------------------------------
                         slack                                  0.168    

Slack (MET) :             0.173ns  (arrival time - required time)
  Source:                 Inst_md_io/Inst_VGA/colaX_reg[17][3]/C
                            (rising edge-triggered cell FDRE clocked by sys_clk_pin  {rise@0.000ns fall@4.000ns period=8.000ns})
  Destination:            Inst_md_io/Inst_VGA/colaX_reg[18][3]/D
                            (rising edge-triggered cell FDRE clocked by sys_clk_pin  {rise@0.000ns fall@4.000ns period=8.000ns})
  Path Group:             sys_clk_pin
  Path Type:              Hold (Min at Fast Process Corner)
  Requirement:            0.000ns  (sys_clk_pin rise@0.000ns - sys_clk_pin rise@0.000ns)
  Data Path Delay:        0.487ns  (logic 0.141ns (28.932%)  route 0.346ns (71.068%))
  Logic Levels:           0  
  Clock Path Skew:        0.262ns (DCD - SCD - CPR)
    Destination Clock Delay (DCD):    1.982ns
    Source Clock Delay      (SCD):    1.468ns
    Clock Pessimism Removal (CPR):    0.252ns

    Location             Delay type                Incr(ns)  Path(ns)    Netlist Resource(s)
  -------------------------------------------------------------------    -------------------
                         (clock sys_clk_pin rise edge)
                                                      0.000     0.000 r  
    L16                                               0.000     0.000 r  clk (IN)
                         net (fo=0)                   0.000     0.000    clk
    L16                  IBUF (Prop_ibuf_I_O)         0.259     0.259 r  clk_IBUF_inst/O
                         net (fo=1, routed)           0.627     0.886    clk_IBUF
    BUFGCTRL_X0Y16       BUFG (Prop_bufg_I_O)         0.026     0.912 r  clk_IBUF_BUFG_inst/O
                         net (fo=959, routed)         0.556     1.468    Inst_md_io/Inst_VGA/clk
    SLICE_X21Y94         FDRE                                         r  Inst_md_io/Inst_VGA/colaX_reg[17][3]/C
  -------------------------------------------------------------------    -------------------
    SLICE_X21Y94         FDRE (Prop_fdre_C_Q)         0.141     1.609 r  Inst_md_io/Inst_VGA/colaX_reg[17][3]/Q
                         net (fo=7, routed)           0.346     1.955    Inst_md_io/Inst_VGA/colaX_reg[17]_37[3]
    SLICE_X24Y89         FDRE                                         r  Inst_md_io/Inst_VGA/colaX_reg[18][3]/D
  -------------------------------------------------------------------    -------------------

                         (clock sys_clk_pin rise edge)
                                                      0.000     0.000 r  
    L16                                               0.000     0.000 r  clk (IN)
                         net (fo=0)                   0.000     0.000    clk
    L16                  IBUF (Prop_ibuf_I_O)         0.447     0.447 r  clk_IBUF_inst/O
                         net (fo=1, routed)           0.683     1.130    clk_IBUF
    BUFGCTRL_X0Y16       BUFG (Prop_bufg_I_O)         0.029     1.159 r  clk_IBUF_BUFG_inst/O
                         net (fo=959, routed)         0.823     1.982    Inst_md_io/Inst_VGA/clk
    SLICE_X24Y89         FDRE                                         r  Inst_md_io/Inst_VGA/colaX_reg[18][3]/C
                         clock pessimism             -0.252     1.730    
    SLICE_X24Y89         FDRE (Hold_fdre_C_D)         0.052     1.782    Inst_md_io/Inst_VGA/colaX_reg[18][3]
  -------------------------------------------------------------------
                         required time                         -1.782    
                         arrival time                           1.955    
  -------------------------------------------------------------------
                         slack                                  0.173    

Slack (MET) :             0.176ns  (arrival time - required time)
  Source:                 Inst_md_io/Inst_VGA/colaY_reg[50][3]/C
                            (rising edge-triggered cell FDRE clocked by sys_clk_pin  {rise@0.000ns fall@4.000ns period=8.000ns})
  Destination:            Inst_md_io/Inst_VGA/colaY_reg[51][3]/D
                            (rising edge-triggered cell FDRE clocked by sys_clk_pin  {rise@0.000ns fall@4.000ns period=8.000ns})
  Path Group:             sys_clk_pin
  Path Type:              Hold (Min at Fast Process Corner)
  Requirement:            0.000ns  (sys_clk_pin rise@0.000ns - sys_clk_pin rise@0.000ns)
  Data Path Delay:        0.280ns  (logic 0.141ns (50.295%)  route 0.139ns (49.705%))
  Logic Levels:           0  
  Clock Path Skew:        0.034ns (DCD - SCD - CPR)
    Destination Clock Delay (DCD):    1.976ns
    Source Clock Delay      (SCD):    1.461ns
    Clock Pessimism Removal (CPR):    0.481ns

    Location             Delay type                Incr(ns)  Path(ns)    Netlist Resource(s)
  -------------------------------------------------------------------    -------------------
                         (clock sys_clk_pin rise edge)
                                                      0.000     0.000 r  
    L16                                               0.000     0.000 r  clk (IN)
                         net (fo=0)                   0.000     0.000    clk
    L16                  IBUF (Prop_ibuf_I_O)         0.259     0.259 r  clk_IBUF_inst/O
                         net (fo=1, routed)           0.627     0.886    clk_IBUF
    BUFGCTRL_X0Y16       BUFG (Prop_bufg_I_O)         0.026     0.912 r  clk_IBUF_BUFG_inst/O
                         net (fo=959, routed)         0.549     1.461    Inst_md_io/Inst_VGA/clk
    SLICE_X17Y71         FDRE                                         r  Inst_md_io/Inst_VGA/colaY_reg[50][3]/C
  -------------------------------------------------------------------    -------------------
    SLICE_X17Y71         FDRE (Prop_fdre_C_Q)         0.141     1.602 r  Inst_md_io/Inst_VGA/colaY_reg[50][3]/Q
                         net (fo=6, routed)           0.139     1.741    Inst_md_io/Inst_VGA/colaY_reg[50]_100[3]
    SLICE_X15Y70         FDRE                                         r  Inst_md_io/Inst_VGA/colaY_reg[51][3]/D
  -------------------------------------------------------------------    -------------------

                         (clock sys_clk_pin rise edge)
                                                      0.000     0.000 r  
    L16                                               0.000     0.000 r  clk (IN)
                         net (fo=0)                   0.000     0.000    clk
    L16                  IBUF (Prop_ibuf_I_O)         0.447     0.447 r  clk_IBUF_inst/O
                         net (fo=1, routed)           0.683     1.130    clk_IBUF
    BUFGCTRL_X0Y16       BUFG (Prop_bufg_I_O)         0.029     1.159 r  clk_IBUF_BUFG_inst/O
                         net (fo=959, routed)         0.817     1.976    Inst_md_io/Inst_VGA/clk
    SLICE_X15Y70         FDRE                                         r  Inst_md_io/Inst_VGA/colaY_reg[51][3]/C
                         clock pessimism             -0.481     1.495    
    SLICE_X15Y70         FDRE (Hold_fdre_C_D)         0.070     1.565    Inst_md_io/Inst_VGA/colaY_reg[51][3]
  -------------------------------------------------------------------
                         required time                         -1.565    
                         arrival time                           1.741    
  -------------------------------------------------------------------
                         slack                                  0.176    





Pulse Width Checks
--------------------------------------------------------------------------------------
Clock Name:         sys_clk_pin
Waveform(ns):       { 0.000 4.000 }
Period(ns):         8.000
Sources:            { clk }

Check Type        Corner  Lib Pin  Reference Pin  Required(ns)  Actual(ns)  Slack(ns)  Location        Pin
Min Period        n/a     BUFG/I   n/a            2.155         8.000       5.845      BUFGCTRL_X0Y16  clk_IBUF_BUFG_inst/I
Min Period        n/a     FDRE/C   n/a            1.000         8.000       7.000      SLICE_X22Y68    Inst_md_io/Inst_VGA/FSM_sequential_fruit_state_reg[0]/C
Min Period        n/a     FDRE/C   n/a            1.000         8.000       7.000      SLICE_X23Y69    Inst_md_io/Inst_VGA/FSM_sequential_fruit_state_reg[1]/C
Min Period        n/a     FDRE/C   n/a            1.000         8.000       7.000      SLICE_X32Y92    Inst_md_io/Inst_VGA/colaX_reg[0][0]/C
Min Period        n/a     FDRE/C   n/a            1.000         8.000       7.000      SLICE_X32Y92    Inst_md_io/Inst_VGA/colaX_reg[0][1]/C
Min Period        n/a     FDRE/C   n/a            1.000         8.000       7.000      SLICE_X32Y91    Inst_md_io/Inst_VGA/colaX_reg[0][2]/C
Min Period        n/a     FDRE/C   n/a            1.000         8.000       7.000      SLICE_X32Y91    Inst_md_io/Inst_VGA/colaX_reg[0][3]/C
Min Period        n/a     FDRE/C   n/a            1.000         8.000       7.000      SLICE_X30Y90    Inst_md_io/Inst_VGA/colaX_reg[0][4]/C
Min Period        n/a     FDRE/C   n/a            1.000         8.000       7.000      SLICE_X31Y91    Inst_md_io/Inst_VGA/colaX_reg[0][5]/C
Min Period        n/a     FDRE/C   n/a            1.000         8.000       7.000      SLICE_X9Y72     Inst_md_io/Inst_VGA/colaX_reg[10][0]/C
Low Pulse Width   Slow    FDRE/C   n/a            0.500         4.000       3.500      SLICE_X22Y68    Inst_md_io/Inst_VGA/FSM_sequential_fruit_state_reg[0]/C
Low Pulse Width   Fast    FDRE/C   n/a            0.500         4.000       3.500      SLICE_X22Y68    Inst_md_io/Inst_VGA/FSM_sequential_fruit_state_reg[0]/C
Low Pulse Width   Slow    FDRE/C   n/a            0.500         4.000       3.500      SLICE_X23Y69    Inst_md_io/Inst_VGA/FSM_sequential_fruit_state_reg[1]/C
Low Pulse Width   Fast    FDRE/C   n/a            0.500         4.000       3.500      SLICE_X23Y69    Inst_md_io/Inst_VGA/FSM_sequential_fruit_state_reg[1]/C
Low Pulse Width   Slow    FDRE/C   n/a            0.500         4.000       3.500      SLICE_X32Y92    Inst_md_io/Inst_VGA/colaX_reg[0][0]/C
Low Pulse Width   Fast    FDRE/C   n/a            0.500         4.000       3.500      SLICE_X32Y92    Inst_md_io/Inst_VGA/colaX_reg[0][0]/C
Low Pulse Width   Slow    FDRE/C   n/a            0.500         4.000       3.500      SLICE_X32Y92    Inst_md_io/Inst_VGA/colaX_reg[0][1]/C
Low Pulse Width   Fast    FDRE/C   n/a            0.500         4.000       3.500      SLICE_X32Y92    Inst_md_io/Inst_VGA/colaX_reg[0][1]/C
Low Pulse Width   Slow    FDRE/C   n/a            0.500         4.000       3.500      SLICE_X32Y91    Inst_md_io/Inst_VGA/colaX_reg[0][2]/C
Low Pulse Width   Fast    FDRE/C   n/a            0.500         4.000       3.500      SLICE_X32Y91    Inst_md_io/Inst_VGA/colaX_reg[0][2]/C
High Pulse Width  Slow    FDRE/C   n/a            0.500         4.000       3.500      SLICE_X22Y68    Inst_md_io/Inst_VGA/FSM_sequential_fruit_state_reg[0]/C
High Pulse Width  Fast    FDRE/C   n/a            0.500         4.000       3.500      SLICE_X22Y68    Inst_md_io/Inst_VGA/FSM_sequential_fruit_state_reg[0]/C
High Pulse Width  Slow    FDRE/C   n/a            0.500         4.000       3.500      SLICE_X23Y69    Inst_md_io/Inst_VGA/FSM_sequential_fruit_state_reg[1]/C
High Pulse Width  Fast    FDRE/C   n/a            0.500         4.000       3.500      SLICE_X23Y69    Inst_md_io/Inst_VGA/FSM_sequential_fruit_state_reg[1]/C
High Pulse Width  Slow    FDRE/C   n/a            0.500         4.000       3.500      SLICE_X32Y92    Inst_md_io/Inst_VGA/colaX_reg[0][0]/C
High Pulse Width  Fast    FDRE/C   n/a            0.500         4.000       3.500      SLICE_X32Y92    Inst_md_io/Inst_VGA/colaX_reg[0][0]/C
High Pulse Width  Slow    FDRE/C   n/a            0.500         4.000       3.500      SLICE_X32Y92    Inst_md_io/Inst_VGA/colaX_reg[0][1]/C
High Pulse Width  Fast    FDRE/C   n/a            0.500         4.000       3.500      SLICE_X32Y92    Inst_md_io/Inst_VGA/colaX_reg[0][1]/C
High Pulse Width  Slow    FDRE/C   n/a            0.500         4.000       3.500      SLICE_X32Y91    Inst_md_io/Inst_VGA/colaX_reg[0][2]/C
High Pulse Width  Fast    FDRE/C   n/a            0.500         4.000       3.500      SLICE_X32Y91    Inst_md_io/Inst_VGA/colaX_reg[0][2]/C



---------------------------------------------------------------------------------------------------
From Clock:  sys_clk_pin
  To Clock:  clk50mhz_clk_wiz_1

Setup :           24  Failing Endpoints,  Worst Slack       -2.128ns,  Total Violation      -47.288ns
Hold  :            0  Failing Endpoints,  Worst Slack        0.736ns,  Total Violation        0.000ns
---------------------------------------------------------------------------------------------------


Max Delay Paths
--------------------------------------------------------------------------------------
Slack (VIOLATED) :        -2.128ns  (required time - arrival time)
  Source:                 Inst_md_io/Inst_VGA/fruit_y_s_reg[1]_replica/C
                            (rising edge-triggered cell FDSE clocked by sys_clk_pin  {rise@0.000ns fall@4.000ns period=8.000ns})
  Destination:            Inst_reg/reg_reg_r1_0_31_0_5/RAMA_D1/I
                            (rising edge-triggered cell RAMD32 clocked by clk50mhz_clk_wiz_1  {rise@0.000ns fall@10.000ns period=20.000ns})
  Path Group:             clk50mhz_clk_wiz_1
  Path Type:              Setup (Max at Slow Process Corner)
  Requirement:            4.000ns  (clk50mhz_clk_wiz_1 rise@20.000ns - sys_clk_pin rise@16.000ns)
  Data Path Delay:        1.857ns  (logic 0.580ns (31.229%)  route 1.277ns (68.771%))
  Logic Levels:           1  (LUT6=1)
  Clock Path Skew:        -3.836ns (DCD - SCD + CPR)
    Destination Clock Delay (DCD):    1.488ns = ( 21.488 - 20.000 ) 
    Source Clock Delay      (SCD):    5.323ns = ( 21.323 - 16.000 ) 
    Clock Pessimism Removal (CPR):    0.000ns
  Clock Uncertainty:      0.177ns  ((TSJ^2 + DJ^2)^1/2) / 2 + PE
    Total System Jitter     (TSJ):    0.071ns
    Discrete Jitter          (DJ):    0.144ns
    Phase Error              (PE):    0.097ns
  Clock Domain Crossing:  Inter clock paths are considered valid unless explicitly excluded by timing constraints such as set_clock_groups or set_false_path.

    Location             Delay type                Incr(ns)  Path(ns)    Netlist Resource(s)
  -------------------------------------------------------------------    -------------------
                         (clock sys_clk_pin rise edge)
                                                     16.000    16.000 r  
    L16                                               0.000    16.000 r  clk (IN)
                         net (fo=0)                   0.000    16.000    clk
    L16                  IBUF (Prop_ibuf_I_O)         1.491    17.491 r  clk_IBUF_inst/O
                         net (fo=1, routed)           2.076    19.567    clk_IBUF
    BUFGCTRL_X0Y16       BUFG (Prop_bufg_I_O)         0.101    19.668 r  clk_IBUF_BUFG_inst/O
                         net (fo=959, routed)         1.655    21.323    Inst_md_io/Inst_VGA/clk
    SLICE_X17Y64         FDSE                                         r  Inst_md_io/Inst_VGA/fruit_y_s_reg[1]_replica/C
  -------------------------------------------------------------------    -------------------
    SLICE_X17Y64         FDSE (Prop_fdse_C_Q)         0.456    21.779 r  Inst_md_io/Inst_VGA/fruit_y_s_reg[1]_replica/Q
                         net (fo=1, routed)           0.783    22.562    Inst_mi/fruit_y_s_reg[5]_0[0]_repN_alias
    SLICE_X15Y62         LUT6 (Prop_lut6_I5_O)        0.124    22.686 r  Inst_mi/reg_reg_r1_0_31_0_5_i_2_comp/O
                         net (fo=2, routed)           0.495    23.181    Inst_reg/reg_reg_r1_0_31_0_5/DIA1
    SLICE_X20Y62         RAMD32                                       r  Inst_reg/reg_reg_r1_0_31_0_5/RAMA_D1/I
  -------------------------------------------------------------------    -------------------

                         (clock clk50mhz_clk_wiz_1 rise edge)
                                                     20.000    20.000 r  
    BUFGCTRL_X0Y16       BUFG                         0.000    20.000 r  clk_IBUF_BUFG_inst/O
                         net (fo=959, routed)         1.490    21.490    inst_divisor/inst/clk
    MMCME2_ADV_X0Y0      MMCME2_ADV (Prop_mmcme2_adv_CLKIN1_CLKOUT0)
                                                     -3.177    18.313 r  inst_divisor/inst/mmcm_adv_inst/CLKOUT0
                         net (fo=1, routed)           1.599    19.912    inst_divisor/inst/clk50mhz_clk_wiz_1
    BUFGCTRL_X0Y0        BUFG (Prop_bufg_I_O)         0.091    20.003 r  inst_divisor/inst/clkout1_buf/O
                         net (fo=922, routed)         1.485    21.488    Inst_reg/reg_reg_r1_0_31_0_5/WCLK
    SLICE_X20Y62         RAMD32                                       r  Inst_reg/reg_reg_r1_0_31_0_5/RAMA_D1/CLK
                         clock pessimism              0.000    21.488    
                         clock uncertainty           -0.177    21.311    
    SLICE_X20Y62         RAMD32 (Setup_ramd32_CLK_I)
                                                     -0.258    21.053    Inst_reg/reg_reg_r1_0_31_0_5/RAMA_D1
  -------------------------------------------------------------------
                         required time                         21.053    
                         arrival time                         -23.181    
  -------------------------------------------------------------------
                         slack                                 -2.128    

Slack (VIOLATED) :        -2.097ns  (required time - arrival time)
  Source:                 Inst_md_io/Inst_VGA/fruit_x_s_reg[0]_replica/C
                            (rising edge-triggered cell FDRE clocked by sys_clk_pin  {rise@0.000ns fall@4.000ns period=8.000ns})
  Destination:            Inst_reg/reg_reg_r1_0_31_6_11/RAMB/I
                            (rising edge-triggered cell RAMD32 clocked by clk50mhz_clk_wiz_1  {rise@0.000ns fall@10.000ns period=20.000ns})
  Path Group:             clk50mhz_clk_wiz_1
  Path Type:              Setup (Max at Slow Process Corner)
  Requirement:            4.000ns  (clk50mhz_clk_wiz_1 rise@20.000ns - sys_clk_pin rise@16.000ns)
  Data Path Delay:        1.898ns  (logic 0.704ns (37.085%)  route 1.194ns (62.915%))
  Logic Levels:           2  (LUT6=2)
  Clock Path Skew:        -3.837ns (DCD - SCD + CPR)
    Destination Clock Delay (DCD):    1.487ns = ( 21.487 - 20.000 ) 
    Source Clock Delay      (SCD):    5.323ns = ( 21.323 - 16.000 ) 
    Clock Pessimism Removal (CPR):    0.000ns
  Clock Uncertainty:      0.177ns  ((TSJ^2 + DJ^2)^1/2) / 2 + PE
    Total System Jitter     (TSJ):    0.071ns
    Discrete Jitter          (DJ):    0.144ns
    Phase Error              (PE):    0.097ns
  Clock Domain Crossing:  Inter clock paths are considered valid unless explicitly excluded by timing constraints such as set_clock_groups or set_false_path.

    Location             Delay type                Incr(ns)  Path(ns)    Netlist Resource(s)
  -------------------------------------------------------------------    -------------------
                         (clock sys_clk_pin rise edge)
                                                     16.000    16.000 r  
    L16                                               0.000    16.000 r  clk (IN)
                         net (fo=0)                   0.000    16.000    clk
    L16                  IBUF (Prop_ibuf_I_O)         1.491    17.491 r  clk_IBUF_inst/O
                         net (fo=1, routed)           2.076    19.567    clk_IBUF
    BUFGCTRL_X0Y16       BUFG (Prop_bufg_I_O)         0.101    19.668 r  clk_IBUF_BUFG_inst/O
                         net (fo=959, routed)         1.655    21.323    Inst_md_io/Inst_VGA/clk
    SLICE_X18Y64         FDRE                                         r  Inst_md_io/Inst_VGA/fruit_x_s_reg[0]_replica/C
  -------------------------------------------------------------------    -------------------
    SLICE_X18Y64         FDRE (Prop_fdre_C_Q)         0.456    21.779 r  Inst_md_io/Inst_VGA/fruit_x_s_reg[0]_replica/Q
                         net (fo=1, routed)           0.265    22.044    Inst_md_io/Inst_md/fruit_x_s_reg[0]_0[0]_repN_alias
    SLICE_X19Y64         LUT6 (Prop_lut6_I4_O)        0.124    22.168 r  Inst_md_io/Inst_md/reg_reg_r1_0_31_6_11_i_21/O
                         net (fo=1, routed)           0.437    22.605    Inst_mi/cola_len_reg_reg[7]_7
    SLICE_X19Y65         LUT6 (Prop_lut6_I3_O)        0.124    22.729 r  Inst_mi/reg_reg_r1_0_31_6_11_i_4/O
                         net (fo=2, routed)           0.492    23.222    Inst_reg/reg_reg_r1_0_31_6_11/DIB0
    SLICE_X20Y64         RAMD32                                       r  Inst_reg/reg_reg_r1_0_31_6_11/RAMB/I
  -------------------------------------------------------------------    -------------------

                         (clock clk50mhz_clk_wiz_1 rise edge)
                                                     20.000    20.000 r  
    BUFGCTRL_X0Y16       BUFG                         0.000    20.000 r  clk_IBUF_BUFG_inst/O
                         net (fo=959, routed)         1.490    21.490    inst_divisor/inst/clk
    MMCME2_ADV_X0Y0      MMCME2_ADV (Prop_mmcme2_adv_CLKIN1_CLKOUT0)
                                                     -3.177    18.313 r  inst_divisor/inst/mmcm_adv_inst/CLKOUT0
                         net (fo=1, routed)           1.599    19.912    inst_divisor/inst/clk50mhz_clk_wiz_1
    BUFGCTRL_X0Y0        BUFG (Prop_bufg_I_O)         0.091    20.003 r  inst_divisor/inst/clkout1_buf/O
                         net (fo=922, routed)         1.484    21.487    Inst_reg/reg_reg_r1_0_31_6_11/WCLK
    SLICE_X20Y64         RAMD32                                       r  Inst_reg/reg_reg_r1_0_31_6_11/RAMB/CLK
                         clock pessimism              0.000    21.487    
                         clock uncertainty           -0.177    21.310    
    SLICE_X20Y64         RAMD32 (Setup_ramd32_CLK_I)
                                                     -0.185    21.125    Inst_reg/reg_reg_r1_0_31_6_11/RAMB
  -------------------------------------------------------------------
                         required time                         21.125    
                         arrival time                         -23.222    
  -------------------------------------------------------------------
                         slack                                 -2.097    

Slack (VIOLATED) :        -2.097ns  (required time - arrival time)
  Source:                 Inst_md_io/Inst_VGA/colision_detectada_reg/C
                            (rising edge-triggered cell FDRE clocked by sys_clk_pin  {rise@0.000ns fall@4.000ns period=8.000ns})
  Destination:            Inst_reg/reg_reg_r2_0_31_0_5/RAMA/I
                            (rising edge-triggered cell RAMD32 clocked by clk50mhz_clk_wiz_1  {rise@0.000ns fall@10.000ns period=20.000ns})
  Path Group:             clk50mhz_clk_wiz_1
  Path Type:              Setup (Max at Slow Process Corner)
  Requirement:            4.000ns  (clk50mhz_clk_wiz_1 rise@20.000ns - sys_clk_pin rise@16.000ns)
  Data Path Delay:        1.924ns  (logic 0.580ns (30.142%)  route 1.344ns (69.858%))
  Logic Levels:           1  (LUT6=1)
  Clock Path Skew:        -3.835ns (DCD - SCD + CPR)
    Destination Clock Delay (DCD):    1.489ns = ( 21.489 - 20.000 ) 
    Source Clock Delay      (SCD):    5.323ns = ( 21.323 - 16.000 ) 
    Clock Pessimism Removal (CPR):    0.000ns
  Clock Uncertainty:      0.177ns  ((TSJ^2 + DJ^2)^1/2) / 2 + PE
    Total System Jitter     (TSJ):    0.071ns
    Discrete Jitter          (DJ):    0.144ns
    Phase Error              (PE):    0.097ns
  Clock Domain Crossing:  Inter clock paths are considered valid unless explicitly excluded by timing constraints such as set_clock_groups or set_false_path.

    Location             Delay type                Incr(ns)  Path(ns)    Netlist Resource(s)
  -------------------------------------------------------------------    -------------------
                         (clock sys_clk_pin rise edge)
                                                     16.000    16.000 r  
    L16                                               0.000    16.000 r  clk (IN)
                         net (fo=0)                   0.000    16.000    clk
    L16                  IBUF (Prop_ibuf_I_O)         1.491    17.491 r  clk_IBUF_inst/O
                         net (fo=1, routed)           2.076    19.567    clk_IBUF
    BUFGCTRL_X0Y16       BUFG (Prop_bufg_I_O)         0.101    19.668 r  clk_IBUF_BUFG_inst/O
                         net (fo=959, routed)         1.655    21.323    Inst_md_io/Inst_VGA/clk
    SLICE_X19Y64         FDRE                                         r  Inst_md_io/Inst_VGA/colision_detectada_reg/C
  -------------------------------------------------------------------    -------------------
    SLICE_X19Y64         FDRE (Prop_fdre_C_Q)         0.456    21.779 r  Inst_md_io/Inst_VGA/colision_detectada_reg/Q
                         net (fo=2, routed)           0.811    22.590    Inst_mi/flags_out[0]
    SLICE_X18Y63         LUT6 (Prop_lut6_I5_O)        0.124    22.714 r  Inst_mi/reg_reg_r1_0_31_0_5_i_3_comp_2/O
                         net (fo=2, routed)           0.533    23.248    Inst_reg/reg_reg_r2_0_31_0_5/DIA0
    SLICE_X16Y62         RAMD32                                       r  Inst_reg/reg_reg_r2_0_31_0_5/RAMA/I
  -------------------------------------------------------------------    -------------------

                         (clock clk50mhz_clk_wiz_1 rise edge)
                                                     20.000    20.000 r  
    BUFGCTRL_X0Y16       BUFG                         0.000    20.000 r  clk_IBUF_BUFG_inst/O
                         net (fo=959, routed)         1.490    21.490    inst_divisor/inst/clk
    MMCME2_ADV_X0Y0      MMCME2_ADV (Prop_mmcme2_adv_CLKIN1_CLKOUT0)
                                                     -3.177    18.313 r  inst_divisor/inst/mmcm_adv_inst/CLKOUT0
                         net (fo=1, routed)           1.599    19.912    inst_divisor/inst/clk50mhz_clk_wiz_1
    BUFGCTRL_X0Y0        BUFG (Prop_bufg_I_O)         0.091    20.003 r  inst_divisor/inst/clkout1_buf/O
                         net (fo=922, routed)         1.486    21.489    Inst_reg/reg_reg_r2_0_31_0_5/WCLK
    SLICE_X16Y62         RAMD32                                       r  Inst_reg/reg_reg_r2_0_31_0_5/RAMA/CLK
                         clock pessimism              0.000    21.489    
                         clock uncertainty           -0.177    21.312    
    SLICE_X16Y62         RAMD32 (Setup_ramd32_CLK_I)
                                                     -0.161    21.151    Inst_reg/reg_reg_r2_0_31_0_5/RAMA
  -------------------------------------------------------------------
                         required time                         21.151    
                         arrival time                         -23.248    
  -------------------------------------------------------------------
                         slack                                 -2.097    

Slack (VIOLATED) :        -2.091ns  (required time - arrival time)
  Source:                 Inst_md_io/Inst_VGA/fruit_x_s_reg[0]_replica/C
                            (rising edge-triggered cell FDRE clocked by sys_clk_pin  {rise@0.000ns fall@4.000ns period=8.000ns})
  Destination:            Inst_reg/reg_reg_r2_0_31_6_11/RAMB/I
                            (rising edge-triggered cell RAMD32 clocked by clk50mhz_clk_wiz_1  {rise@0.000ns fall@10.000ns period=20.000ns})
  Path Group:             clk50mhz_clk_wiz_1
  Path Type:              Setup (Max at Slow Process Corner)
  Requirement:            4.000ns  (clk50mhz_clk_wiz_1 rise@20.000ns - sys_clk_pin rise@16.000ns)
  Data Path Delay:        1.892ns  (logic 0.704ns (37.217%)  route 1.188ns (62.783%))
  Logic Levels:           2  (LUT6=2)
  Clock Path Skew:        -3.838ns (DCD - SCD + CPR)
    Destination Clock Delay (DCD):    1.486ns = ( 21.486 - 20.000 ) 
    Source Clock Delay      (SCD):    5.323ns = ( 21.323 - 16.000 ) 
    Clock Pessimism Removal (CPR):    0.000ns
  Clock Uncertainty:      0.177ns  ((TSJ^2 + DJ^2)^1/2) / 2 + PE
    Total System Jitter     (TSJ):    0.071ns
    Discrete Jitter          (DJ):    0.144ns
    Phase Error              (PE):    0.097ns
  Clock Domain Crossing:  Inter clock paths are considered valid unless explicitly excluded by timing constraints such as set_clock_groups or set_false_path.

    Location             Delay type                Incr(ns)  Path(ns)    Netlist Resource(s)
  -------------------------------------------------------------------    -------------------
                         (clock sys_clk_pin rise edge)
                                                     16.000    16.000 r  
    L16                                               0.000    16.000 r  clk (IN)
                         net (fo=0)                   0.000    16.000    clk
    L16                  IBUF (Prop_ibuf_I_O)         1.491    17.491 r  clk_IBUF_inst/O
                         net (fo=1, routed)           2.076    19.567    clk_IBUF
    BUFGCTRL_X0Y16       BUFG (Prop_bufg_I_O)         0.101    19.668 r  clk_IBUF_BUFG_inst/O
                         net (fo=959, routed)         1.655    21.323    Inst_md_io/Inst_VGA/clk
    SLICE_X18Y64         FDRE                                         r  Inst_md_io/Inst_VGA/fruit_x_s_reg[0]_replica/C
  -------------------------------------------------------------------    -------------------
    SLICE_X18Y64         FDRE (Prop_fdre_C_Q)         0.456    21.779 r  Inst_md_io/Inst_VGA/fruit_x_s_reg[0]_replica/Q
                         net (fo=1, routed)           0.265    22.044    Inst_md_io/Inst_md/fruit_x_s_reg[0]_0[0]_repN_alias
    SLICE_X19Y64         LUT6 (Prop_lut6_I4_O)        0.124    22.168 r  Inst_md_io/Inst_md/reg_reg_r1_0_31_6_11_i_21/O
                         net (fo=1, routed)           0.437    22.605    Inst_mi/cola_len_reg_reg[7]_7
    SLICE_X19Y65         LUT6 (Prop_lut6_I3_O)        0.124    22.729 r  Inst_mi/reg_reg_r1_0_31_6_11_i_4/O
                         net (fo=2, routed)           0.486    23.215    Inst_reg/reg_reg_r2_0_31_6_11/DIB0
    SLICE_X20Y65         RAMD32                                       r  Inst_reg/reg_reg_r2_0_31_6_11/RAMB/I
  -------------------------------------------------------------------    -------------------

                         (clock clk50mhz_clk_wiz_1 rise edge)
                                                     20.000    20.000 r  
    BUFGCTRL_X0Y16       BUFG                         0.000    20.000 r  clk_IBUF_BUFG_inst/O
                         net (fo=959, routed)         1.490    21.490    inst_divisor/inst/clk
    MMCME2_ADV_X0Y0      MMCME2_ADV (Prop_mmcme2_adv_CLKIN1_CLKOUT0)
                                                     -3.177    18.313 r  inst_divisor/inst/mmcm_adv_inst/CLKOUT0
                         net (fo=1, routed)           1.599    19.912    inst_divisor/inst/clk50mhz_clk_wiz_1
    BUFGCTRL_X0Y0        BUFG (Prop_bufg_I_O)         0.091    20.003 r  inst_divisor/inst/clkout1_buf/O
                         net (fo=922, routed)         1.483    21.486    Inst_reg/reg_reg_r2_0_31_6_11/WCLK
    SLICE_X20Y65         RAMD32                                       r  Inst_reg/reg_reg_r2_0_31_6_11/RAMB/CLK
                         clock pessimism              0.000    21.486    
                         clock uncertainty           -0.177    21.309    
    SLICE_X20Y65         RAMD32 (Setup_ramd32_CLK_I)
                                                     -0.185    21.124    Inst_reg/reg_reg_r2_0_31_6_11/RAMB
  -------------------------------------------------------------------
                         required time                         21.124    
                         arrival time                         -23.215    
  -------------------------------------------------------------------
                         slack                                 -2.091    

Slack (VIOLATED) :        -2.081ns  (required time - arrival time)
  Source:                 Inst_md_io/Inst_VGA/fruit_x_s_reg[2]_replica/C
                            (rising edge-triggered cell FDSE clocked by sys_clk_pin  {rise@0.000ns fall@4.000ns period=8.000ns})
  Destination:            Inst_reg/reg_reg_r1_0_31_6_11/RAMC/I
                            (rising edge-triggered cell RAMD32 clocked by clk50mhz_clk_wiz_1  {rise@0.000ns fall@10.000ns period=20.000ns})
  Path Group:             clk50mhz_clk_wiz_1
  Path Type:              Setup (Max at Slow Process Corner)
  Requirement:            4.000ns  (clk50mhz_clk_wiz_1 rise@20.000ns - sys_clk_pin rise@16.000ns)
  Data Path Delay:        1.892ns  (logic 0.704ns (37.206%)  route 1.188ns (62.794%))
  Logic Levels:           2  (LUT6=2)
  Clock Path Skew:        -3.837ns (DCD - SCD + CPR)
    Destination Clock Delay (DCD):    1.487ns = ( 21.487 - 20.000 ) 
    Source Clock Delay      (SCD):    5.323ns = ( 21.323 - 16.000 ) 
    Clock Pessimism Removal (CPR):    0.000ns
  Clock Uncertainty:      0.177ns  ((TSJ^2 + DJ^2)^1/2) / 2 + PE
    Total System Jitter     (TSJ):    0.071ns
    Discrete Jitter          (DJ):    0.144ns
    Phase Error              (PE):    0.097ns
  Clock Domain Crossing:  Inter clock paths are considered valid unless explicitly excluded by timing constraints such as set_clock_groups or set_false_path.

    Location             Delay type                Incr(ns)  Path(ns)    Netlist Resource(s)
  -------------------------------------------------------------------    -------------------
                         (clock sys_clk_pin rise edge)
                                                     16.000    16.000 r  
    L16                                               0.000    16.000 r  clk (IN)
                         net (fo=0)                   0.000    16.000    clk
    L16                  IBUF (Prop_ibuf_I_O)         1.491    17.491 r  clk_IBUF_inst/O
                         net (fo=1, routed)           2.076    19.567    clk_IBUF
    BUFGCTRL_X0Y16       BUFG (Prop_bufg_I_O)         0.101    19.668 r  clk_IBUF_BUFG_inst/O
                         net (fo=959, routed)         1.655    21.323    Inst_md_io/Inst_VGA/clk
    SLICE_X18Y64         FDSE                                         r  Inst_md_io/Inst_VGA/fruit_x_s_reg[2]_replica/C
  -------------------------------------------------------------------    -------------------
    SLICE_X18Y64         FDSE (Prop_fdse_C_Q)         0.456    21.779 r  Inst_md_io/Inst_VGA/fruit_x_s_reg[2]_replica/Q
                         net (fo=1, routed)           0.403    22.182    Inst_mi/fruit_x[1]_repN_alias
    SLICE_X17Y64         LUT6 (Prop_lut6_I4_O)        0.124    22.306 r  Inst_mi/reg_reg_r1_0_31_6_11_i_27/O
                         net (fo=1, routed)           0.298    22.604    Inst_mi/reg_reg_r1_0_31_6_11_i_27_n_0
    SLICE_X19Y65         LUT6 (Prop_lut6_I3_O)        0.124    22.728 r  Inst_mi/reg_reg_r1_0_31_6_11_i_6/O
                         net (fo=2, routed)           0.487    23.215    Inst_reg/reg_reg_r1_0_31_6_11/DIC0
    SLICE_X20Y64         RAMD32                                       r  Inst_reg/reg_reg_r1_0_31_6_11/RAMC/I
  -------------------------------------------------------------------    -------------------

                         (clock clk50mhz_clk_wiz_1 rise edge)
                                                     20.000    20.000 r  
    BUFGCTRL_X0Y16       BUFG                         0.000    20.000 r  clk_IBUF_BUFG_inst/O
                         net (fo=959, routed)         1.490    21.490    inst_divisor/inst/clk
    MMCME2_ADV_X0Y0      MMCME2_ADV (Prop_mmcme2_adv_CLKIN1_CLKOUT0)
                                                     -3.177    18.313 r  inst_divisor/inst/mmcm_adv_inst/CLKOUT0
                         net (fo=1, routed)           1.599    19.912    inst_divisor/inst/clk50mhz_clk_wiz_1
    BUFGCTRL_X0Y0        BUFG (Prop_bufg_I_O)         0.091    20.003 r  inst_divisor/inst/clkout1_buf/O
                         net (fo=922, routed)         1.484    21.487    Inst_reg/reg_reg_r1_0_31_6_11/WCLK
    SLICE_X20Y64         RAMD32                                       r  Inst_reg/reg_reg_r1_0_31_6_11/RAMC/CLK
                         clock pessimism              0.000    21.487    
                         clock uncertainty           -0.177    21.310    
    SLICE_X20Y64         RAMD32 (Setup_ramd32_CLK_I)
                                                     -0.175    21.135    Inst_reg/reg_reg_r1_0_31_6_11/RAMC
  -------------------------------------------------------------------
                         required time                         21.135    
                         arrival time                         -23.215    
  -------------------------------------------------------------------
                         slack                                 -2.081    

Slack (VIOLATED) :        -2.076ns  (required time - arrival time)
  Source:                 Inst_md_io/Inst_VGA/fruit_y_s_reg[2]_replica/C
                            (rising edge-triggered cell FDRE clocked by sys_clk_pin  {rise@0.000ns fall@4.000ns period=8.000ns})
  Destination:            Inst_reg/reg_reg_r1_0_31_0_5/RAMB/I
                            (rising edge-triggered cell RAMD32 clocked by clk50mhz_clk_wiz_1  {rise@0.000ns fall@10.000ns period=20.000ns})
  Path Group:             clk50mhz_clk_wiz_1
  Path Type:              Setup (Max at Slow Process Corner)
  Requirement:            4.000ns  (clk50mhz_clk_wiz_1 rise@20.000ns - sys_clk_pin rise@16.000ns)
  Data Path Delay:        1.878ns  (logic 0.580ns (30.879%)  route 1.298ns (69.121%))
  Logic Levels:           1  (LUT6=1)
  Clock Path Skew:        -3.836ns (DCD - SCD + CPR)
    Destination Clock Delay (DCD):    1.488ns = ( 21.488 - 20.000 ) 
    Source Clock Delay      (SCD):    5.323ns = ( 21.323 - 16.000 ) 
    Clock Pessimism Removal (CPR):    0.000ns
  Clock Uncertainty:      0.177ns  ((TSJ^2 + DJ^2)^1/2) / 2 + PE
    Total System Jitter     (TSJ):    0.071ns
    Discrete Jitter          (DJ):    0.144ns
    Phase Error              (PE):    0.097ns
  Clock Domain Crossing:  Inter clock paths are considered valid unless explicitly excluded by timing constraints such as set_clock_groups or set_false_path.

    Location             Delay type                Incr(ns)  Path(ns)    Netlist Resource(s)
  -------------------------------------------------------------------    -------------------
                         (clock sys_clk_pin rise edge)
                                                     16.000    16.000 r  
    L16                                               0.000    16.000 r  clk (IN)
                         net (fo=0)                   0.000    16.000    clk
    L16                  IBUF (Prop_ibuf_I_O)         1.491    17.491 r  clk_IBUF_inst/O
                         net (fo=1, routed)           2.076    19.567    clk_IBUF
    BUFGCTRL_X0Y16       BUFG (Prop_bufg_I_O)         0.101    19.668 r  clk_IBUF_BUFG_inst/O
                         net (fo=959, routed)         1.655    21.323    Inst_md_io/Inst_VGA/clk
    SLICE_X17Y64         FDRE                                         r  Inst_md_io/Inst_VGA/fruit_y_s_reg[2]_replica/C
  -------------------------------------------------------------------    -------------------
    SLICE_X17Y64         FDRE (Prop_fdre_C_Q)         0.456    21.779 r  Inst_md_io/Inst_VGA/fruit_y_s_reg[2]_replica/Q
                         net (fo=1, routed)           0.785    22.565    Inst_mi/fruit_y_s_reg[5]_0[1]_repN_alias
    SLICE_X14Y63         LUT6 (Prop_lut6_I5_O)        0.124    22.689 r  Inst_mi/reg_reg_r1_0_31_0_5_i_5_comp/O
                         net (fo=2, routed)           0.513    23.202    Inst_reg/reg_reg_r1_0_31_0_5/DIB0
    SLICE_X20Y62         RAMD32                                       r  Inst_reg/reg_reg_r1_0_31_0_5/RAMB/I
  -------------------------------------------------------------------    -------------------

                         (clock clk50mhz_clk_wiz_1 rise edge)
                                                     20.000    20.000 r  
    BUFGCTRL_X0Y16       BUFG                         0.000    20.000 r  clk_IBUF_BUFG_inst/O
                         net (fo=959, routed)         1.490    21.490    inst_divisor/inst/clk
    MMCME2_ADV_X0Y0      MMCME2_ADV (Prop_mmcme2_adv_CLKIN1_CLKOUT0)
                                                     -3.177    18.313 r  inst_divisor/inst/mmcm_adv_inst/CLKOUT0
                         net (fo=1, routed)           1.599    19.912    inst_divisor/inst/clk50mhz_clk_wiz_1
    BUFGCTRL_X0Y0        BUFG (Prop_bufg_I_O)         0.091    20.003 r  inst_divisor/inst/clkout1_buf/O
                         net (fo=922, routed)         1.485    21.488    Inst_reg/reg_reg_r1_0_31_0_5/WCLK
    SLICE_X20Y62         RAMD32                                       r  Inst_reg/reg_reg_r1_0_31_0_5/RAMB/CLK
                         clock pessimism              0.000    21.488    
                         clock uncertainty           -0.177    21.311    
    SLICE_X20Y62         RAMD32 (Setup_ramd32_CLK_I)
                                                     -0.185    21.126    Inst_reg/reg_reg_r1_0_31_0_5/RAMB
  -------------------------------------------------------------------
                         required time                         21.126    
                         arrival time                         -23.202    
  -------------------------------------------------------------------
                         slack                                 -2.076    

Slack (VIOLATED) :        -2.061ns  (required time - arrival time)
  Source:                 Inst_md_io/Inst_VGA/fruit_x_s_reg[4]_replica/C
                            (rising edge-triggered cell FDSE clocked by sys_clk_pin  {rise@0.000ns fall@4.000ns period=8.000ns})
  Destination:            Inst_reg/reg_reg_r2_0_31_12_17/RAMA/I
                            (rising edge-triggered cell RAMD32 clocked by clk50mhz_clk_wiz_1  {rise@0.000ns fall@10.000ns period=20.000ns})
  Path Group:             clk50mhz_clk_wiz_1
  Path Type:              Setup (Max at Slow Process Corner)
  Requirement:            4.000ns  (clk50mhz_clk_wiz_1 rise@20.000ns - sys_clk_pin rise@16.000ns)
  Data Path Delay:        1.886ns  (logic 0.704ns (37.323%)  route 1.182ns (62.677%))
  Logic Levels:           2  (LUT6=2)
  Clock Path Skew:        -3.837ns (DCD - SCD + CPR)
    Destination Clock Delay (DCD):    1.489ns = ( 21.489 - 20.000 ) 
    Source Clock Delay      (SCD):    5.325ns = ( 21.325 - 16.000 ) 
    Clock Pessimism Removal (CPR):    0.000ns
  Clock Uncertainty:      0.177ns  ((TSJ^2 + DJ^2)^1/2) / 2 + PE
    Total System Jitter     (TSJ):    0.071ns
    Discrete Jitter          (DJ):    0.144ns
    Phase Error              (PE):    0.097ns
  Clock Domain Crossing:  Inter clock paths are considered valid unless explicitly excluded by timing constraints such as set_clock_groups or set_false_path.

    Location             Delay type                Incr(ns)  Path(ns)    Netlist Resource(s)
  -------------------------------------------------------------------    -------------------
                         (clock sys_clk_pin rise edge)
                                                     16.000    16.000 r  
    L16                                               0.000    16.000 r  clk (IN)
                         net (fo=0)                   0.000    16.000    clk
    L16                  IBUF (Prop_ibuf_I_O)         1.491    17.491 r  clk_IBUF_inst/O
                         net (fo=1, routed)           2.076    19.567    clk_IBUF
    BUFGCTRL_X0Y16       BUFG (Prop_bufg_I_O)         0.101    19.668 r  clk_IBUF_BUFG_inst/O
                         net (fo=959, routed)         1.657    21.325    Inst_md_io/Inst_VGA/clk
    SLICE_X21Y60         FDSE                                         r  Inst_md_io/Inst_VGA/fruit_x_s_reg[4]_replica/C
  -------------------------------------------------------------------    -------------------
    SLICE_X21Y60         FDSE (Prop_fdse_C_Q)         0.456    21.781 r  Inst_md_io/Inst_VGA/fruit_x_s_reg[4]_replica/Q
                         net (fo=1, routed)           0.295    22.076    Inst_mi/fruit_x[3]_repN_alias
    SLICE_X21Y61         LUT6 (Prop_lut6_I4_O)        0.124    22.200 r  Inst_mi/reg_reg_r1_0_31_12_17_i_12/O
                         net (fo=1, routed)           0.264    22.465    Inst_mi/reg_reg_r1_0_31_12_17_i_12_n_0
    SLICE_X21Y61         LUT6 (Prop_lut6_I3_O)        0.124    22.589 r  Inst_mi/reg_reg_r1_0_31_12_17_i_2/O
                         net (fo=2, routed)           0.623    23.212    Inst_reg/reg_reg_r2_0_31_12_17/DIA0
    SLICE_X20Y61         RAMD32                                       r  Inst_reg/reg_reg_r2_0_31_12_17/RAMA/I
  -------------------------------------------------------------------    -------------------

                         (clock clk50mhz_clk_wiz_1 rise edge)
                                                     20.000    20.000 r  
    BUFGCTRL_X0Y16       BUFG                         0.000    20.000 r  clk_IBUF_BUFG_inst/O
                         net (fo=959, routed)         1.490    21.490    inst_divisor/inst/clk
    MMCME2_ADV_X0Y0      MMCME2_ADV (Prop_mmcme2_adv_CLKIN1_CLKOUT0)
                                                     -3.177    18.313 r  inst_divisor/inst/mmcm_adv_inst/CLKOUT0
                         net (fo=1, routed)           1.599    19.912    inst_divisor/inst/clk50mhz_clk_wiz_1
    BUFGCTRL_X0Y0        BUFG (Prop_bufg_I_O)         0.091    20.003 r  inst_divisor/inst/clkout1_buf/O
                         net (fo=922, routed)         1.486    21.489    Inst_reg/reg_reg_r2_0_31_12_17/WCLK
    SLICE_X20Y61         RAMD32                                       r  Inst_reg/reg_reg_r2_0_31_12_17/RAMA/CLK
                         clock pessimism              0.000    21.489    
                         clock uncertainty           -0.177    21.312    
    SLICE_X20Y61         RAMD32 (Setup_ramd32_CLK_I)
                                                     -0.161    21.151    Inst_reg/reg_reg_r2_0_31_12_17/RAMA
  -------------------------------------------------------------------
                         required time                         21.151    
                         arrival time                         -23.212    
  -------------------------------------------------------------------
                         slack                                 -2.061    

Slack (VIOLATED) :        -2.055ns  (required time - arrival time)
  Source:                 Inst_md_io/Inst_VGA/colision_detectada_reg/C
                            (rising edge-triggered cell FDRE clocked by sys_clk_pin  {rise@0.000ns fall@4.000ns period=8.000ns})
  Destination:            Inst_reg/reg_reg_r1_0_31_0_5/RAMA/I
                            (rising edge-triggered cell RAMD32 clocked by clk50mhz_clk_wiz_1  {rise@0.000ns fall@10.000ns period=20.000ns})
  Path Group:             clk50mhz_clk_wiz_1
  Path Type:              Setup (Max at Slow Process Corner)
  Requirement:            4.000ns  (clk50mhz_clk_wiz_1 rise@20.000ns - sys_clk_pin rise@16.000ns)
  Data Path Delay:        1.882ns  (logic 0.580ns (30.824%)  route 1.302ns (69.176%))
  Logic Levels:           1  (LUT6=1)
  Clock Path Skew:        -3.836ns (DCD - SCD + CPR)
    Destination Clock Delay (DCD):    1.488ns = ( 21.488 - 20.000 ) 
    Source Clock Delay      (SCD):    5.323ns = ( 21.323 - 16.000 ) 
    Clock Pessimism Removal (CPR):    0.000ns
  Clock Uncertainty:      0.177ns  ((TSJ^2 + DJ^2)^1/2) / 2 + PE
    Total System Jitter     (TSJ):    0.071ns
    Discrete Jitter          (DJ):    0.144ns
    Phase Error              (PE):    0.097ns
  Clock Domain Crossing:  Inter clock paths are considered valid unless explicitly excluded by timing constraints such as set_clock_groups or set_false_path.

    Location             Delay type                Incr(ns)  Path(ns)    Netlist Resource(s)
  -------------------------------------------------------------------    -------------------
                         (clock sys_clk_pin rise edge)
                                                     16.000    16.000 r  
    L16                                               0.000    16.000 r  clk (IN)
                         net (fo=0)                   0.000    16.000    clk
    L16                  IBUF (Prop_ibuf_I_O)         1.491    17.491 r  clk_IBUF_inst/O
                         net (fo=1, routed)           2.076    19.567    clk_IBUF
    BUFGCTRL_X0Y16       BUFG (Prop_bufg_I_O)         0.101    19.668 r  clk_IBUF_BUFG_inst/O
                         net (fo=959, routed)         1.655    21.323    Inst_md_io/Inst_VGA/clk
    SLICE_X19Y64         FDRE                                         r  Inst_md_io/Inst_VGA/colision_detectada_reg/C
  -------------------------------------------------------------------    -------------------
    SLICE_X19Y64         FDRE (Prop_fdre_C_Q)         0.456    21.779 r  Inst_md_io/Inst_VGA/colision_detectada_reg/Q
                         net (fo=2, routed)           0.811    22.590    Inst_mi/flags_out[0]
    SLICE_X18Y63         LUT6 (Prop_lut6_I5_O)        0.124    22.714 r  Inst_mi/reg_reg_r1_0_31_0_5_i_3_comp_2/O
                         net (fo=2, routed)           0.491    23.205    Inst_reg/reg_reg_r1_0_31_0_5/DIA0
    SLICE_X20Y62         RAMD32                                       r  Inst_reg/reg_reg_r1_0_31_0_5/RAMA/I
  -------------------------------------------------------------------    -------------------

                         (clock clk50mhz_clk_wiz_1 rise edge)
                                                     20.000    20.000 r  
    BUFGCTRL_X0Y16       BUFG                         0.000    20.000 r  clk_IBUF_BUFG_inst/O
                         net (fo=959, routed)         1.490    21.490    inst_divisor/inst/clk
    MMCME2_ADV_X0Y0      MMCME2_ADV (Prop_mmcme2_adv_CLKIN1_CLKOUT0)
                                                     -3.177    18.313 r  inst_divisor/inst/mmcm_adv_inst/CLKOUT0
                         net (fo=1, routed)           1.599    19.912    inst_divisor/inst/clk50mhz_clk_wiz_1
    BUFGCTRL_X0Y0        BUFG (Prop_bufg_I_O)         0.091    20.003 r  inst_divisor/inst/clkout1_buf/O
                         net (fo=922, routed)         1.485    21.488    Inst_reg/reg_reg_r1_0_31_0_5/WCLK
    SLICE_X20Y62         RAMD32                                       r  Inst_reg/reg_reg_r1_0_31_0_5/RAMA/CLK
                         clock pessimism              0.000    21.488    
                         clock uncertainty           -0.177    21.311    
    SLICE_X20Y62         RAMD32 (Setup_ramd32_CLK_I)
                                                     -0.161    21.150    Inst_reg/reg_reg_r1_0_31_0_5/RAMA
  -------------------------------------------------------------------
                         required time                         21.150    
                         arrival time                         -23.205    
  -------------------------------------------------------------------
                         slack                                 -2.055    

Slack (VIOLATED) :        -2.047ns  (required time - arrival time)
  Source:                 Inst_md_io/Inst_VGA/fruit_y_s_reg[4]_replica/C
                            (rising edge-triggered cell FDRE clocked by sys_clk_pin  {rise@0.000ns fall@4.000ns period=8.000ns})
  Destination:            Inst_reg/reg_reg_r2_0_31_0_5/RAMC/I
                            (rising edge-triggered cell RAMD32 clocked by clk50mhz_clk_wiz_1  {rise@0.000ns fall@10.000ns period=20.000ns})
  Path Group:             clk50mhz_clk_wiz_1
  Path Type:              Setup (Max at Slow Process Corner)
  Requirement:            4.000ns  (clk50mhz_clk_wiz_1 rise@20.000ns - sys_clk_pin rise@16.000ns)
  Data Path Delay:        1.865ns  (logic 0.580ns (31.091%)  route 1.285ns (68.909%))
  Logic Levels:           1  (LUT5=1)
  Clock Path Skew:        -3.830ns (DCD - SCD + CPR)
    Destination Clock Delay (DCD):    1.489ns = ( 21.489 - 20.000 ) 
    Source Clock Delay      (SCD):    5.318ns = ( 21.318 - 16.000 ) 
    Clock Pessimism Removal (CPR):    0.000ns
  Clock Uncertainty:      0.177ns  ((TSJ^2 + DJ^2)^1/2) / 2 + PE
    Total System Jitter     (TSJ):    0.071ns
    Discrete Jitter          (DJ):    0.144ns
    Phase Error              (PE):    0.097ns
  Clock Domain Crossing:  Inter clock paths are considered valid unless explicitly excluded by timing constraints such as set_clock_groups or set_false_path.

    Location             Delay type                Incr(ns)  Path(ns)    Netlist Resource(s)
  -------------------------------------------------------------------    -------------------
                         (clock sys_clk_pin rise edge)
                                                     16.000    16.000 r  
    L16                                               0.000    16.000 r  clk (IN)
                         net (fo=0)                   0.000    16.000    clk
    L16                  IBUF (Prop_ibuf_I_O)         1.491    17.491 r  clk_IBUF_inst/O
                         net (fo=1, routed)           2.076    19.567    clk_IBUF
    BUFGCTRL_X0Y16       BUFG (Prop_bufg_I_O)         0.101    19.668 r  clk_IBUF_BUFG_inst/O
                         net (fo=959, routed)         1.650    21.318    Inst_md_io/Inst_VGA/clk
    SLICE_X23Y63         FDRE                                         r  Inst_md_io/Inst_VGA/fruit_y_s_reg[4]_replica/C
  -------------------------------------------------------------------    -------------------
    SLICE_X23Y63         FDRE (Prop_fdre_C_Q)         0.456    21.774 r  Inst_md_io/Inst_VGA/fruit_y_s_reg[4]_replica/Q
                         net (fo=1, routed)           0.799    22.574    Inst_mi/fruit_y_s_reg[5]_0[3]_repN_alias
    SLICE_X21Y62         LUT5 (Prop_lut5_I3_O)        0.124    22.698 r  Inst_mi/reg_reg_r1_0_31_0_5_i_7_comp/O
                         net (fo=2, routed)           0.486    23.184    Inst_reg/reg_reg_r2_0_31_0_5/DIC0
    SLICE_X16Y62         RAMD32                                       r  Inst_reg/reg_reg_r2_0_31_0_5/RAMC/I
  -------------------------------------------------------------------    -------------------

                         (clock clk50mhz_clk_wiz_1 rise edge)
                                                     20.000    20.000 r  
    BUFGCTRL_X0Y16       BUFG                         0.000    20.000 r  clk_IBUF_BUFG_inst/O
                         net (fo=959, routed)         1.490    21.490    inst_divisor/inst/clk
    MMCME2_ADV_X0Y0      MMCME2_ADV (Prop_mmcme2_adv_CLKIN1_CLKOUT0)
                                                     -3.177    18.313 r  inst_divisor/inst/mmcm_adv_inst/CLKOUT0
                         net (fo=1, routed)           1.599    19.912    inst_divisor/inst/clk50mhz_clk_wiz_1
    BUFGCTRL_X0Y0        BUFG (Prop_bufg_I_O)         0.091    20.003 r  inst_divisor/inst/clkout1_buf/O
                         net (fo=922, routed)         1.486    21.489    Inst_reg/reg_reg_r2_0_31_0_5/WCLK
    SLICE_X16Y62         RAMD32                                       r  Inst_reg/reg_reg_r2_0_31_0_5/RAMC/CLK
                         clock pessimism              0.000    21.489    
                         clock uncertainty           -0.177    21.312    
    SLICE_X16Y62         RAMD32 (Setup_ramd32_CLK_I)
                                                     -0.175    21.137    Inst_reg/reg_reg_r2_0_31_0_5/RAMC
  -------------------------------------------------------------------
                         required time                         21.137    
                         arrival time                         -23.184    
  -------------------------------------------------------------------
                         slack                                 -2.047    

Slack (VIOLATED) :        -2.022ns  (required time - arrival time)
  Source:                 Inst_md_io/Inst_VGA/fruit_x_s_reg[5]/C
                            (rising edge-triggered cell FDRE clocked by sys_clk_pin  {rise@0.000ns fall@4.000ns period=8.000ns})
  Destination:            Inst_reg/reg_reg_r2_0_31_12_17/RAMA_D1/I
                            (rising edge-triggered cell RAMD32 clocked by clk50mhz_clk_wiz_1  {rise@0.000ns fall@10.000ns period=20.000ns})
  Path Group:             clk50mhz_clk_wiz_1
  Path Type:              Setup (Max at Slow Process Corner)
  Requirement:            4.000ns  (clk50mhz_clk_wiz_1 rise@20.000ns - sys_clk_pin rise@16.000ns)
  Data Path Delay:        1.755ns  (logic 0.580ns (33.052%)  route 1.175ns (66.948%))
  Logic Levels:           1  (LUT5=1)
  Clock Path Skew:        -3.833ns (DCD - SCD + CPR)
    Destination Clock Delay (DCD):    1.489ns = ( 21.489 - 20.000 ) 
    Source Clock Delay      (SCD):    5.321ns = ( 21.321 - 16.000 ) 
    Clock Pessimism Removal (CPR):    0.000ns
  Clock Uncertainty:      0.177ns  ((TSJ^2 + DJ^2)^1/2) / 2 + PE
    Total System Jitter     (TSJ):    0.071ns
    Discrete Jitter          (DJ):    0.144ns
    Phase Error              (PE):    0.097ns
  Clock Domain Crossing:  Inter clock paths are considered valid unless explicitly excluded by timing constraints such as set_clock_groups or set_false_path.

    Location             Delay type                Incr(ns)  Path(ns)    Netlist Resource(s)
  -------------------------------------------------------------------    -------------------
                         (clock sys_clk_pin rise edge)
                                                     16.000    16.000 r  
    L16                                               0.000    16.000 r  clk (IN)
                         net (fo=0)                   0.000    16.000    clk
    L16                  IBUF (Prop_ibuf_I_O)         1.491    17.491 r  clk_IBUF_inst/O
                         net (fo=1, routed)           2.076    19.567    clk_IBUF
    BUFGCTRL_X0Y16       BUFG (Prop_bufg_I_O)         0.101    19.668 r  clk_IBUF_BUFG_inst/O
                         net (fo=959, routed)         1.653    21.321    Inst_md_io/Inst_VGA/clk
    SLICE_X18Y65         FDRE                                         r  Inst_md_io/Inst_VGA/fruit_x_s_reg[5]/C
  -------------------------------------------------------------------    -------------------
    SLICE_X18Y65         FDRE (Prop_fdre_C_Q)         0.456    21.777 r  Inst_md_io/Inst_VGA/fruit_x_s_reg[5]/Q
                         net (fo=12, routed)          0.643    22.420    Inst_mi/reg_reg_r1_0_31_12_17_i_1_0[4]
    SLICE_X21Y60         LUT5 (Prop_lut5_I3_O)        0.124    22.544 r  Inst_mi/reg_reg_r1_0_31_12_17_i_1_comp/O
                         net (fo=2, routed)           0.532    23.076    Inst_reg/reg_reg_r2_0_31_12_17/DIA1
    SLICE_X20Y61         RAMD32                                       r  Inst_reg/reg_reg_r2_0_31_12_17/RAMA_D1/I
  -------------------------------------------------------------------    -------------------

                         (clock clk50mhz_clk_wiz_1 rise edge)
                                                     20.000    20.000 r  
    BUFGCTRL_X0Y16       BUFG                         0.000    20.000 r  clk_IBUF_BUFG_inst/O
                         net (fo=959, routed)         1.490    21.490    inst_divisor/inst/clk
    MMCME2_ADV_X0Y0      MMCME2_ADV (Prop_mmcme2_adv_CLKIN1_CLKOUT0)
                                                     -3.177    18.313 r  inst_divisor/inst/mmcm_adv_inst/CLKOUT0
                         net (fo=1, routed)           1.599    19.912    inst_divisor/inst/clk50mhz_clk_wiz_1
    BUFGCTRL_X0Y0        BUFG (Prop_bufg_I_O)         0.091    20.003 r  inst_divisor/inst/clkout1_buf/O
                         net (fo=922, routed)         1.486    21.489    Inst_reg/reg_reg_r2_0_31_12_17/WCLK
    SLICE_X20Y61         RAMD32                                       r  Inst_reg/reg_reg_r2_0_31_12_17/RAMA_D1/CLK
                         clock pessimism              0.000    21.489    
                         clock uncertainty           -0.177    21.312    
    SLICE_X20Y61         RAMD32 (Setup_ramd32_CLK_I)
                                                     -0.258    21.054    Inst_reg/reg_reg_r2_0_31_12_17/RAMA_D1
  -------------------------------------------------------------------
                         required time                         21.054    
                         arrival time                         -23.076    
  -------------------------------------------------------------------
                         slack                                 -2.022    





Min Delay Paths
--------------------------------------------------------------------------------------
Slack (MET) :             0.736ns  (arrival time - required time)
  Source:                 Inst_md_io/Inst_VGA/colision_fruta_reg/C
                            (rising edge-triggered cell FDRE clocked by sys_clk_pin  {rise@0.000ns fall@4.000ns period=8.000ns})
  Destination:            Inst_reg/reg_reg_r2_0_31_0_5/RAMB/I
                            (rising edge-triggered cell RAMD32 clocked by clk50mhz_clk_wiz_1  {rise@0.000ns fall@10.000ns period=20.000ns})
  Path Group:             clk50mhz_clk_wiz_1
  Path Type:              Hold (Min at Fast Process Corner)
  Requirement:            0.000ns  (clk50mhz_clk_wiz_1 rise@0.000ns - sys_clk_pin rise@0.000ns)
  Data Path Delay:        0.420ns  (logic 0.186ns (44.301%)  route 0.234ns (55.699%))
  Logic Levels:           1  (LUT6=1)
  Clock Path Skew:        -0.639ns (DCD - SCD - CPR)
    Destination Clock Delay (DCD):    0.828ns
    Source Clock Delay      (SCD):    1.467ns
    Clock Pessimism Removal (CPR):    -0.000ns
  Clock Uncertainty:      0.177ns  ((TSJ^2 + DJ^2)^1/2) / 2 + PE
    Total System Jitter     (TSJ):    0.071ns
    Discrete Jitter          (DJ):    0.144ns
    Phase Error              (PE):    0.097ns
  Clock Domain Crossing:  Inter clock paths are considered valid unless explicitly excluded by timing constraints such as set_clock_groups or set_false_path.

    Location             Delay type                Incr(ns)  Path(ns)    Netlist Resource(s)
  -------------------------------------------------------------------    -------------------
                         (clock sys_clk_pin rise edge)
                                                      0.000     0.000 r  
    L16                                               0.000     0.000 r  clk (IN)
                         net (fo=0)                   0.000     0.000    clk
    L16                  IBUF (Prop_ibuf_I_O)         0.259     0.259 r  clk_IBUF_inst/O
                         net (fo=1, routed)           0.627     0.886    clk_IBUF
    BUFGCTRL_X0Y16       BUFG (Prop_bufg_I_O)         0.026     0.912 r  clk_IBUF_BUFG_inst/O
                         net (fo=959, routed)         0.555     1.467    Inst_md_io/Inst_VGA/clk
    SLICE_X15Y63         FDRE                                         r  Inst_md_io/Inst_VGA/colision_fruta_reg/C
  -------------------------------------------------------------------    -------------------
    SLICE_X15Y63         FDRE (Prop_fdre_C_Q)         0.141     1.608 r  Inst_md_io/Inst_VGA/colision_fruta_reg/Q
                         net (fo=2, routed)           0.110     1.718    Inst_mi/flags_out[2]
    SLICE_X14Y63         LUT6 (Prop_lut6_I3_O)        0.045     1.763 r  Inst_mi/reg_reg_r1_0_31_0_5_i_5_comp/O
                         net (fo=2, routed)           0.124     1.887    Inst_reg/reg_reg_r2_0_31_0_5/DIB0
    SLICE_X16Y62         RAMD32                                       r  Inst_reg/reg_reg_r2_0_31_0_5/RAMB/I
  -------------------------------------------------------------------    -------------------

                         (clock clk50mhz_clk_wiz_1 rise edge)
                                                      0.000     0.000 r  
    BUFGCTRL_X0Y16       BUFG                         0.000     0.000 r  clk_IBUF_BUFG_inst/O
                         net (fo=959, routed)         0.814     0.814    inst_divisor/inst/clk
    MMCME2_ADV_X0Y0      MMCME2_ADV (Prop_mmcme2_adv_CLKIN1_CLKOUT0)
                                                     -1.369    -0.555 r  inst_divisor/inst/mmcm_adv_inst/CLKOUT0
                         net (fo=1, routed)           0.528    -0.027    inst_divisor/inst/clk50mhz_clk_wiz_1
    BUFGCTRL_X0Y0        BUFG (Prop_bufg_I_O)         0.029     0.002 r  inst_divisor/inst/clkout1_buf/O
                         net (fo=922, routed)         0.826     0.828    Inst_reg/reg_reg_r2_0_31_0_5/WCLK
    SLICE_X16Y62         RAMD32                                       r  Inst_reg/reg_reg_r2_0_31_0_5/RAMB/CLK
                         clock pessimism              0.000     0.828    
                         clock uncertainty            0.177     1.005    
    SLICE_X16Y62         RAMD32 (Hold_ramd32_CLK_I)
                                                      0.146     1.151    Inst_reg/reg_reg_r2_0_31_0_5/RAMB
  -------------------------------------------------------------------
                         required time                         -1.151    
                         arrival time                           1.887    
  -------------------------------------------------------------------
                         slack                                  0.736    

Slack (MET) :             0.798ns  (arrival time - required time)
  Source:                 Inst_md_io/Inst_VGA/colision_fruta_reg/C
                            (rising edge-triggered cell FDRE clocked by sys_clk_pin  {rise@0.000ns fall@4.000ns period=8.000ns})
  Destination:            Inst_reg/reg_reg_r1_0_31_0_5/RAMB/I
                            (rising edge-triggered cell RAMD32 clocked by clk50mhz_clk_wiz_1  {rise@0.000ns fall@10.000ns period=20.000ns})
  Path Group:             clk50mhz_clk_wiz_1
  Path Type:              Hold (Min at Fast Process Corner)
  Requirement:            0.000ns  (clk50mhz_clk_wiz_1 rise@0.000ns - sys_clk_pin rise@0.000ns)
  Data Path Delay:        0.481ns  (logic 0.186ns (38.677%)  route 0.295ns (61.323%))
  Logic Levels:           1  (LUT6=1)
  Clock Path Skew:        -0.640ns (DCD - SCD - CPR)
    Destination Clock Delay (DCD):    0.827ns
    Source Clock Delay      (SCD):    1.467ns
    Clock Pessimism Removal (CPR):    -0.000ns
  Clock Uncertainty:      0.177ns  ((TSJ^2 + DJ^2)^1/2) / 2 + PE
    Total System Jitter     (TSJ):    0.071ns
    Discrete Jitter          (DJ):    0.144ns
    Phase Error              (PE):    0.097ns
  Clock Domain Crossing:  Inter clock paths are considered valid unless explicitly excluded by timing constraints such as set_clock_groups or set_false_path.

    Location             Delay type                Incr(ns)  Path(ns)    Netlist Resource(s)
  -------------------------------------------------------------------    -------------------
                         (clock sys_clk_pin rise edge)
                                                      0.000     0.000 r  
    L16                                               0.000     0.000 r  clk (IN)
                         net (fo=0)                   0.000     0.000    clk
    L16                  IBUF (Prop_ibuf_I_O)         0.259     0.259 r  clk_IBUF_inst/O
                         net (fo=1, routed)           0.627     0.886    clk_IBUF
    BUFGCTRL_X0Y16       BUFG (Prop_bufg_I_O)         0.026     0.912 r  clk_IBUF_BUFG_inst/O
                         net (fo=959, routed)         0.555     1.467    Inst_md_io/Inst_VGA/clk
    SLICE_X15Y63         FDRE                                         r  Inst_md_io/Inst_VGA/colision_fruta_reg/C
  -------------------------------------------------------------------    -------------------
    SLICE_X15Y63         FDRE (Prop_fdre_C_Q)         0.141     1.608 r  Inst_md_io/Inst_VGA/colision_fruta_reg/Q
                         net (fo=2, routed)           0.110     1.718    Inst_mi/flags_out[2]
    SLICE_X14Y63         LUT6 (Prop_lut6_I3_O)        0.045     1.763 r  Inst_mi/reg_reg_r1_0_31_0_5_i_5_comp/O
                         net (fo=2, routed)           0.185     1.948    Inst_reg/reg_reg_r1_0_31_0_5/DIB0
    SLICE_X20Y62         RAMD32                                       r  Inst_reg/reg_reg_r1_0_31_0_5/RAMB/I
  -------------------------------------------------------------------    -------------------

                         (clock clk50mhz_clk_wiz_1 rise edge)
                                                      0.000     0.000 r  
    BUFGCTRL_X0Y16       BUFG                         0.000     0.000 r  clk_IBUF_BUFG_inst/O
                         net (fo=959, routed)         0.814     0.814    inst_divisor/inst/clk
    MMCME2_ADV_X0Y0      MMCME2_ADV (Prop_mmcme2_adv_CLKIN1_CLKOUT0)
                                                     -1.369    -0.555 r  inst_divisor/inst/mmcm_adv_inst/CLKOUT0
                         net (fo=1, routed)           0.528    -0.027    inst_divisor/inst/clk50mhz_clk_wiz_1
    BUFGCTRL_X0Y0        BUFG (Prop_bufg_I_O)         0.029     0.002 r  inst_divisor/inst/clkout1_buf/O
                         net (fo=922, routed)         0.825     0.827    Inst_reg/reg_reg_r1_0_31_0_5/WCLK
    SLICE_X20Y62         RAMD32                                       r  Inst_reg/reg_reg_r1_0_31_0_5/RAMB/CLK
                         clock pessimism              0.000     0.827    
                         clock uncertainty            0.177     1.004    
    SLICE_X20Y62         RAMD32 (Hold_ramd32_CLK_I)
                                                      0.146     1.150    Inst_reg/reg_reg_r1_0_31_0_5/RAMB
  -------------------------------------------------------------------
                         required time                         -1.150    
                         arrival time                           1.948    
  -------------------------------------------------------------------
                         slack                                  0.798    

Slack (MET) :             0.811ns  (arrival time - required time)
  Source:                 Inst_md_io/Inst_VGA/fruta_generada_reg_replica/C
                            (rising edge-triggered cell FDRE clocked by sys_clk_pin  {rise@0.000ns fall@4.000ns period=8.000ns})
  Destination:            Inst_reg/reg_reg_r2_0_31_0_5/RAMA_D1/I
                            (rising edge-triggered cell RAMD32 clocked by clk50mhz_clk_wiz_1  {rise@0.000ns fall@10.000ns period=20.000ns})
  Path Group:             clk50mhz_clk_wiz_1
  Path Type:              Hold (Min at Fast Process Corner)
  Requirement:            0.000ns  (clk50mhz_clk_wiz_1 rise@0.000ns - sys_clk_pin rise@0.000ns)
  Data Path Delay:        0.467ns  (logic 0.186ns (39.870%)  route 0.281ns (60.130%))
  Logic Levels:           1  (LUT6=1)
  Clock Path Skew:        -0.642ns (DCD - SCD - CPR)
    Destination Clock Delay (DCD):    0.828ns
    Source Clock Delay      (SCD):    1.470ns
    Clock Pessimism Removal (CPR):    -0.000ns
  Clock Uncertainty:      0.177ns  ((TSJ^2 + DJ^2)^1/2) / 2 + PE
    Total System Jitter     (TSJ):    0.071ns
    Discrete Jitter          (DJ):    0.144ns
    Phase Error              (PE):    0.097ns
  Clock Domain Crossing:  Inter clock paths are considered valid unless explicitly excluded by timing constraints such as set_clock_groups or set_false_path.

    Location             Delay type                Incr(ns)  Path(ns)    Netlist Resource(s)
  -------------------------------------------------------------------    -------------------
                         (clock sys_clk_pin rise edge)
                                                      0.000     0.000 r  
    L16                                               0.000     0.000 r  clk (IN)
                         net (fo=0)                   0.000     0.000    clk
    L16                  IBUF (Prop_ibuf_I_O)         0.259     0.259 r  clk_IBUF_inst/O
                         net (fo=1, routed)           0.627     0.886    clk_IBUF
    BUFGCTRL_X0Y16       BUFG (Prop_bufg_I_O)         0.026     0.912 r  clk_IBUF_BUFG_inst/O
                         net (fo=959, routed)         0.558     1.470    Inst_md_io/Inst_VGA/clk
    SLICE_X13Y63         FDRE                                         r  Inst_md_io/Inst_VGA/fruta_generada_reg_replica/C
  -------------------------------------------------------------------    -------------------
    SLICE_X13Y63         FDRE (Prop_fdre_C_Q)         0.141     1.611 r  Inst_md_io/Inst_VGA/fruta_generada_reg_replica/Q
                         net (fo=1, routed)           0.155     1.766    Inst_mi/flags_out[1]_repN_alias
    SLICE_X15Y62         LUT6 (Prop_lut6_I3_O)        0.045     1.811 r  Inst_mi/reg_reg_r1_0_31_0_5_i_2_comp/O
                         net (fo=2, routed)           0.126     1.936    Inst_reg/reg_reg_r2_0_31_0_5/DIA1
    SLICE_X16Y62         RAMD32                                       r  Inst_reg/reg_reg_r2_0_31_0_5/RAMA_D1/I
  -------------------------------------------------------------------    -------------------

                         (clock clk50mhz_clk_wiz_1 rise edge)
                                                      0.000     0.000 r  
    BUFGCTRL_X0Y16       BUFG                         0.000     0.000 r  clk_IBUF_BUFG_inst/O
                         net (fo=959, routed)         0.814     0.814    inst_divisor/inst/clk
    MMCME2_ADV_X0Y0      MMCME2_ADV (Prop_mmcme2_adv_CLKIN1_CLKOUT0)
                                                     -1.369    -0.555 r  inst_divisor/inst/mmcm_adv_inst/CLKOUT0
                         net (fo=1, routed)           0.528    -0.027    inst_divisor/inst/clk50mhz_clk_wiz_1
    BUFGCTRL_X0Y0        BUFG (Prop_bufg_I_O)         0.029     0.002 r  inst_divisor/inst/clkout1_buf/O
                         net (fo=922, routed)         0.826     0.828    Inst_reg/reg_reg_r2_0_31_0_5/WCLK
    SLICE_X16Y62         RAMD32                                       r  Inst_reg/reg_reg_r2_0_31_0_5/RAMA_D1/CLK
                         clock pessimism              0.000     0.828    
                         clock uncertainty            0.177     1.005    
    SLICE_X16Y62         RAMD32 (Hold_ramd32_CLK_I)
                                                      0.120     1.125    Inst_reg/reg_reg_r2_0_31_0_5/RAMA_D1
  -------------------------------------------------------------------
                         required time                         -1.125    
                         arrival time                           1.936    
  -------------------------------------------------------------------
                         slack                                  0.811    

Slack (MET) :             0.821ns  (arrival time - required time)
  Source:                 Inst_md_io/Inst_VGA/fruit_x_s_reg[3]_replica/C
                            (rising edge-triggered cell FDRE clocked by sys_clk_pin  {rise@0.000ns fall@4.000ns period=8.000ns})
  Destination:            Inst_reg/reg_reg_r2_0_31_6_11/RAMC_D1/I
                            (rising edge-triggered cell RAMD32 clocked by clk50mhz_clk_wiz_1  {rise@0.000ns fall@10.000ns period=20.000ns})
  Path Group:             clk50mhz_clk_wiz_1
  Path Type:              Hold (Min at Fast Process Corner)
  Requirement:            0.000ns  (clk50mhz_clk_wiz_1 rise@0.000ns - sys_clk_pin rise@0.000ns)
  Data Path Delay:        0.473ns  (logic 0.186ns (39.342%)  route 0.287ns (60.658%))
  Logic Levels:           1  (LUT5=1)
  Clock Path Skew:        -0.639ns (DCD - SCD - CPR)
    Destination Clock Delay (DCD):    0.825ns
    Source Clock Delay      (SCD):    1.464ns
    Clock Pessimism Removal (CPR):    -0.000ns
  Clock Uncertainty:      0.177ns  ((TSJ^2 + DJ^2)^1/2) / 2 + PE
    Total System Jitter     (TSJ):    0.071ns
    Discrete Jitter          (DJ):    0.144ns
    Phase Error              (PE):    0.097ns
  Clock Domain Crossing:  Inter clock paths are considered valid unless explicitly excluded by timing constraints such as set_clock_groups or set_false_path.

    Location             Delay type                Incr(ns)  Path(ns)    Netlist Resource(s)
  -------------------------------------------------------------------    -------------------
                         (clock sys_clk_pin rise edge)
                                                      0.000     0.000 r  
    L16                                               0.000     0.000 r  clk (IN)
                         net (fo=0)                   0.000     0.000    clk
    L16                  IBUF (Prop_ibuf_I_O)         0.259     0.259 r  clk_IBUF_inst/O
                         net (fo=1, routed)           0.627     0.886    clk_IBUF
    BUFGCTRL_X0Y16       BUFG (Prop_bufg_I_O)         0.026     0.912 r  clk_IBUF_BUFG_inst/O
                         net (fo=959, routed)         0.552     1.464    Inst_md_io/Inst_VGA/clk
    SLICE_X21Y64         FDRE                                         r  Inst_md_io/Inst_VGA/fruit_x_s_reg[3]_replica/C
  -------------------------------------------------------------------    -------------------
    SLICE_X21Y64         FDRE (Prop_fdre_C_Q)         0.141     1.605 r  Inst_md_io/Inst_VGA/fruit_x_s_reg[3]_replica/Q
                         net (fo=1, routed)           0.158     1.763    Inst_mi/fruit_x[2]_repN_alias
    SLICE_X18Y64         LUT5 (Prop_lut5_I3_O)        0.045     1.808 r  Inst_mi/reg_reg_r1_0_31_6_11_i_5_comp/O
                         net (fo=2, routed)           0.129     1.937    Inst_reg/reg_reg_r2_0_31_6_11/DIC1
    SLICE_X20Y65         RAMD32                                       r  Inst_reg/reg_reg_r2_0_31_6_11/RAMC_D1/I
  -------------------------------------------------------------------    -------------------

                         (clock clk50mhz_clk_wiz_1 rise edge)
                                                      0.000     0.000 r  
    BUFGCTRL_X0Y16       BUFG                         0.000     0.000 r  clk_IBUF_BUFG_inst/O
                         net (fo=959, routed)         0.814     0.814    inst_divisor/inst/clk
    MMCME2_ADV_X0Y0      MMCME2_ADV (Prop_mmcme2_adv_CLKIN1_CLKOUT0)
                                                     -1.369    -0.555 r  inst_divisor/inst/mmcm_adv_inst/CLKOUT0
                         net (fo=1, routed)           0.528    -0.027    inst_divisor/inst/clk50mhz_clk_wiz_1
    BUFGCTRL_X0Y0        BUFG (Prop_bufg_I_O)         0.029     0.002 r  inst_divisor/inst/clkout1_buf/O
                         net (fo=922, routed)         0.823     0.825    Inst_reg/reg_reg_r2_0_31_6_11/WCLK
    SLICE_X20Y65         RAMD32                                       r  Inst_reg/reg_reg_r2_0_31_6_11/RAMC_D1/CLK
                         clock pessimism              0.000     0.825    
                         clock uncertainty            0.177     1.002    
    SLICE_X20Y65         RAMD32 (Hold_ramd32_CLK_I)
                                                      0.114     1.116    Inst_reg/reg_reg_r2_0_31_6_11/RAMC_D1
  -------------------------------------------------------------------
                         required time                         -1.116    
                         arrival time                           1.937    
  -------------------------------------------------------------------
                         slack                                  0.821    

Slack (MET) :             0.869ns  (arrival time - required time)
  Source:                 Inst_md_io/Inst_VGA/fruit_y_s_reg[3]_replica/C
                            (rising edge-triggered cell FDSE clocked by sys_clk_pin  {rise@0.000ns fall@4.000ns period=8.000ns})
  Destination:            Inst_reg/reg_reg_r1_0_31_0_5/RAMB_D1/I
                            (rising edge-triggered cell RAMD32 clocked by clk50mhz_clk_wiz_1  {rise@0.000ns fall@10.000ns period=20.000ns})
  Path Group:             clk50mhz_clk_wiz_1
  Path Type:              Hold (Min at Fast Process Corner)
  Requirement:            0.000ns  (clk50mhz_clk_wiz_1 rise@0.000ns - sys_clk_pin rise@0.000ns)
  Data Path Delay:        0.532ns  (logic 0.231ns (43.442%)  route 0.301ns (56.558%))
  Logic Levels:           2  (LUT6=2)
  Clock Path Skew:        -0.638ns (DCD - SCD - CPR)
    Destination Clock Delay (DCD):    0.827ns
    Source Clock Delay      (SCD):    1.465ns
    Clock Pessimism Removal (CPR):    -0.000ns
  Clock Uncertainty:      0.177ns  ((TSJ^2 + DJ^2)^1/2) / 2 + PE
    Total System Jitter     (TSJ):    0.071ns
    Discrete Jitter          (DJ):    0.144ns
    Phase Error              (PE):    0.097ns
  Clock Domain Crossing:  Inter clock paths are considered valid unless explicitly excluded by timing constraints such as set_clock_groups or set_false_path.

    Location             Delay type                Incr(ns)  Path(ns)    Netlist Resource(s)
  -------------------------------------------------------------------    -------------------
                         (clock sys_clk_pin rise edge)
                                                      0.000     0.000 r  
    L16                                               0.000     0.000 r  clk (IN)
                         net (fo=0)                   0.000     0.000    clk
    L16                  IBUF (Prop_ibuf_I_O)         0.259     0.259 r  clk_IBUF_inst/O
                         net (fo=1, routed)           0.627     0.886    clk_IBUF
    BUFGCTRL_X0Y16       BUFG (Prop_bufg_I_O)         0.026     0.912 r  clk_IBUF_BUFG_inst/O
                         net (fo=959, routed)         0.553     1.465    Inst_md_io/Inst_VGA/clk
    SLICE_X22Y62         FDSE                                         r  Inst_md_io/Inst_VGA/fruit_y_s_reg[3]_replica/C
  -------------------------------------------------------------------    -------------------
    SLICE_X22Y62         FDSE (Prop_fdse_C_Q)         0.141     1.606 r  Inst_md_io/Inst_VGA/fruit_y_s_reg[3]_replica/Q
                         net (fo=1, routed)           0.087     1.693    Inst_mi/fruit_y_s_reg[5]_0[2]_repN_alias
    SLICE_X23Y62         LUT6 (Prop_lut6_I4_O)        0.045     1.738 r  Inst_mi/reg_reg_r1_0_31_0_5_i_32/O
                         net (fo=1, routed)           0.049     1.786    Inst_mi/reg_reg_r1_0_31_0_5_i_32_n_0
    SLICE_X23Y62         LUT6 (Prop_lut6_I4_O)        0.045     1.831 r  Inst_mi/reg_reg_r1_0_31_0_5_i_4/O
                         net (fo=2, routed)           0.165     1.997    Inst_reg/reg_reg_r1_0_31_0_5/DIB1
    SLICE_X20Y62         RAMD32                                       r  Inst_reg/reg_reg_r1_0_31_0_5/RAMB_D1/I
  -------------------------------------------------------------------    -------------------

                         (clock clk50mhz_clk_wiz_1 rise edge)
                                                      0.000     0.000 r  
    BUFGCTRL_X0Y16       BUFG                         0.000     0.000 r  clk_IBUF_BUFG_inst/O
                         net (fo=959, routed)         0.814     0.814    inst_divisor/inst/clk
    MMCME2_ADV_X0Y0      MMCME2_ADV (Prop_mmcme2_adv_CLKIN1_CLKOUT0)
                                                     -1.369    -0.555 r  inst_divisor/inst/mmcm_adv_inst/CLKOUT0
                         net (fo=1, routed)           0.528    -0.027    inst_divisor/inst/clk50mhz_clk_wiz_1
    BUFGCTRL_X0Y0        BUFG (Prop_bufg_I_O)         0.029     0.002 r  inst_divisor/inst/clkout1_buf/O
                         net (fo=922, routed)         0.825     0.827    Inst_reg/reg_reg_r1_0_31_0_5/WCLK
    SLICE_X20Y62         RAMD32                                       r  Inst_reg/reg_reg_r1_0_31_0_5/RAMB_D1/CLK
                         clock pessimism              0.000     0.827    
                         clock uncertainty            0.177     1.004    
    SLICE_X20Y62         RAMD32 (Hold_ramd32_CLK_I)
                                                      0.124     1.128    Inst_reg/reg_reg_r1_0_31_0_5/RAMB_D1
  -------------------------------------------------------------------
                         required time                         -1.128    
                         arrival time                           1.997    
  -------------------------------------------------------------------
                         slack                                  0.869    

Slack (MET) :             0.874ns  (arrival time - required time)
  Source:                 Inst_md_io/Inst_VGA/fruta_generada_reg_replica/C
                            (rising edge-triggered cell FDRE clocked by sys_clk_pin  {rise@0.000ns fall@4.000ns period=8.000ns})
  Destination:            Inst_reg/reg_reg_r1_0_31_0_5/RAMA_D1/I
                            (rising edge-triggered cell RAMD32 clocked by clk50mhz_clk_wiz_1  {rise@0.000ns fall@10.000ns period=20.000ns})
  Path Group:             clk50mhz_clk_wiz_1
  Path Type:              Hold (Min at Fast Process Corner)
  Requirement:            0.000ns  (clk50mhz_clk_wiz_1 rise@0.000ns - sys_clk_pin rise@0.000ns)
  Data Path Delay:        0.529ns  (logic 0.186ns (35.183%)  route 0.343ns (64.817%))
  Logic Levels:           1  (LUT6=1)
  Clock Path Skew:        -0.643ns (DCD - SCD - CPR)
    Destination Clock Delay (DCD):    0.827ns
    Source Clock Delay      (SCD):    1.470ns
    Clock Pessimism Removal (CPR):    -0.000ns
  Clock Uncertainty:      0.177ns  ((TSJ^2 + DJ^2)^1/2) / 2 + PE
    Total System Jitter     (TSJ):    0.071ns
    Discrete Jitter          (DJ):    0.144ns
    Phase Error              (PE):    0.097ns
  Clock Domain Crossing:  Inter clock paths are considered valid unless explicitly excluded by timing constraints such as set_clock_groups or set_false_path.

    Location             Delay type                Incr(ns)  Path(ns)    Netlist Resource(s)
  -------------------------------------------------------------------    -------------------
                         (clock sys_clk_pin rise edge)
                                                      0.000     0.000 r  
    L16                                               0.000     0.000 r  clk (IN)
                         net (fo=0)                   0.000     0.000    clk
    L16                  IBUF (Prop_ibuf_I_O)         0.259     0.259 r  clk_IBUF_inst/O
                         net (fo=1, routed)           0.627     0.886    clk_IBUF
    BUFGCTRL_X0Y16       BUFG (Prop_bufg_I_O)         0.026     0.912 r  clk_IBUF_BUFG_inst/O
                         net (fo=959, routed)         0.558     1.470    Inst_md_io/Inst_VGA/clk
    SLICE_X13Y63         FDRE                                         r  Inst_md_io/Inst_VGA/fruta_generada_reg_replica/C
  -------------------------------------------------------------------    -------------------
    SLICE_X13Y63         FDRE (Prop_fdre_C_Q)         0.141     1.611 r  Inst_md_io/Inst_VGA/fruta_generada_reg_replica/Q
                         net (fo=1, routed)           0.155     1.766    Inst_mi/flags_out[1]_repN_alias
    SLICE_X15Y62         LUT6 (Prop_lut6_I3_O)        0.045     1.811 r  Inst_mi/reg_reg_r1_0_31_0_5_i_2_comp/O
                         net (fo=2, routed)           0.188     1.999    Inst_reg/reg_reg_r1_0_31_0_5/DIA1
    SLICE_X20Y62         RAMD32                                       r  Inst_reg/reg_reg_r1_0_31_0_5/RAMA_D1/I
  -------------------------------------------------------------------    -------------------

                         (clock clk50mhz_clk_wiz_1 rise edge)
                                                      0.000     0.000 r  
    BUFGCTRL_X0Y16       BUFG                         0.000     0.000 r  clk_IBUF_BUFG_inst/O
                         net (fo=959, routed)         0.814     0.814    inst_divisor/inst/clk
    MMCME2_ADV_X0Y0      MMCME2_ADV (Prop_mmcme2_adv_CLKIN1_CLKOUT0)
                                                     -1.369    -0.555 r  inst_divisor/inst/mmcm_adv_inst/CLKOUT0
                         net (fo=1, routed)           0.528    -0.027    inst_divisor/inst/clk50mhz_clk_wiz_1
    BUFGCTRL_X0Y0        BUFG (Prop_bufg_I_O)         0.029     0.002 r  inst_divisor/inst/clkout1_buf/O
                         net (fo=922, routed)         0.825     0.827    Inst_reg/reg_reg_r1_0_31_0_5/WCLK
    SLICE_X20Y62         RAMD32                                       r  Inst_reg/reg_reg_r1_0_31_0_5/RAMA_D1/CLK
                         clock pessimism              0.000     0.827    
                         clock uncertainty            0.177     1.004    
    SLICE_X20Y62         RAMD32 (Hold_ramd32_CLK_I)
                                                      0.120     1.124    Inst_reg/reg_reg_r1_0_31_0_5/RAMA_D1
  -------------------------------------------------------------------
                         required time                         -1.124    
                         arrival time                           1.999    
  -------------------------------------------------------------------
                         slack                                  0.874    

Slack (MET) :             0.878ns  (arrival time - required time)
  Source:                 Inst_md_io/Inst_VGA/fruit_x_s_reg[3]_replica/C
                            (rising edge-triggered cell FDRE clocked by sys_clk_pin  {rise@0.000ns fall@4.000ns period=8.000ns})
  Destination:            Inst_reg/reg_reg_r1_0_31_6_11/RAMC_D1/I
                            (rising edge-triggered cell RAMD32 clocked by clk50mhz_clk_wiz_1  {rise@0.000ns fall@10.000ns period=20.000ns})
  Path Group:             clk50mhz_clk_wiz_1
  Path Type:              Hold (Min at Fast Process Corner)
  Requirement:            0.000ns  (clk50mhz_clk_wiz_1 rise@0.000ns - sys_clk_pin rise@0.000ns)
  Data Path Delay:        0.531ns  (logic 0.186ns (35.044%)  route 0.345ns (64.956%))
  Logic Levels:           1  (LUT5=1)
  Clock Path Skew:        -0.638ns (DCD - SCD - CPR)
    Destination Clock Delay (DCD):    0.826ns
    Source Clock Delay      (SCD):    1.464ns
    Clock Pessimism Removal (CPR):    -0.000ns
  Clock Uncertainty:      0.177ns  ((TSJ^2 + DJ^2)^1/2) / 2 + PE
    Total System Jitter     (TSJ):    0.071ns
    Discrete Jitter          (DJ):    0.144ns
    Phase Error              (PE):    0.097ns
  Clock Domain Crossing:  Inter clock paths are considered valid unless explicitly excluded by timing constraints such as set_clock_groups or set_false_path.

    Location             Delay type                Incr(ns)  Path(ns)    Netlist Resource(s)
  -------------------------------------------------------------------    -------------------
                         (clock sys_clk_pin rise edge)
                                                      0.000     0.000 r  
    L16                                               0.000     0.000 r  clk (IN)
                         net (fo=0)                   0.000     0.000    clk
    L16                  IBUF (Prop_ibuf_I_O)         0.259     0.259 r  clk_IBUF_inst/O
                         net (fo=1, routed)           0.627     0.886    clk_IBUF
    BUFGCTRL_X0Y16       BUFG (Prop_bufg_I_O)         0.026     0.912 r  clk_IBUF_BUFG_inst/O
                         net (fo=959, routed)         0.552     1.464    Inst_md_io/Inst_VGA/clk
    SLICE_X21Y64         FDRE                                         r  Inst_md_io/Inst_VGA/fruit_x_s_reg[3]_replica/C
  -------------------------------------------------------------------    -------------------
    SLICE_X21Y64         FDRE (Prop_fdre_C_Q)         0.141     1.605 r  Inst_md_io/Inst_VGA/fruit_x_s_reg[3]_replica/Q
                         net (fo=1, routed)           0.158     1.763    Inst_mi/fruit_x[2]_repN_alias
    SLICE_X18Y64         LUT5 (Prop_lut5_I3_O)        0.045     1.808 r  Inst_mi/reg_reg_r1_0_31_6_11_i_5_comp/O
                         net (fo=2, routed)           0.187     1.995    Inst_reg/reg_reg_r1_0_31_6_11/DIC1
    SLICE_X20Y64         RAMD32                                       r  Inst_reg/reg_reg_r1_0_31_6_11/RAMC_D1/I
  -------------------------------------------------------------------    -------------------

                         (clock clk50mhz_clk_wiz_1 rise edge)
                                                      0.000     0.000 r  
    BUFGCTRL_X0Y16       BUFG                         0.000     0.000 r  clk_IBUF_BUFG_inst/O
                         net (fo=959, routed)         0.814     0.814    inst_divisor/inst/clk
    MMCME2_ADV_X0Y0      MMCME2_ADV (Prop_mmcme2_adv_CLKIN1_CLKOUT0)
                                                     -1.369    -0.555 r  inst_divisor/inst/mmcm_adv_inst/CLKOUT0
                         net (fo=1, routed)           0.528    -0.027    inst_divisor/inst/clk50mhz_clk_wiz_1
    BUFGCTRL_X0Y0        BUFG (Prop_bufg_I_O)         0.029     0.002 r  inst_divisor/inst/clkout1_buf/O
                         net (fo=922, routed)         0.824     0.826    Inst_reg/reg_reg_r1_0_31_6_11/WCLK
    SLICE_X20Y64         RAMD32                                       r  Inst_reg/reg_reg_r1_0_31_6_11/RAMC_D1/CLK
                         clock pessimism              0.000     0.826    
                         clock uncertainty            0.177     1.003    
    SLICE_X20Y64         RAMD32 (Hold_ramd32_CLK_I)
                                                      0.114     1.117    Inst_reg/reg_reg_r1_0_31_6_11/RAMC_D1
  -------------------------------------------------------------------
                         required time                         -1.117    
                         arrival time                           1.995    
  -------------------------------------------------------------------
                         slack                                  0.878    

Slack (MET) :             0.882ns  (arrival time - required time)
  Source:                 Inst_md_io/Inst_VGA/fruit_x_s_reg[1]/C
                            (rising edge-triggered cell FDRE clocked by sys_clk_pin  {rise@0.000ns fall@4.000ns period=8.000ns})
  Destination:            Inst_reg/reg_reg_r2_0_31_6_11/RAMB_D1/I
                            (rising edge-triggered cell RAMD32 clocked by clk50mhz_clk_wiz_1  {rise@0.000ns fall@10.000ns period=20.000ns})
  Path Group:             clk50mhz_clk_wiz_1
  Path Type:              Hold (Min at Fast Process Corner)
  Requirement:            0.000ns  (clk50mhz_clk_wiz_1 rise@0.000ns - sys_clk_pin rise@0.000ns)
  Data Path Delay:        0.544ns  (logic 0.231ns (42.444%)  route 0.313ns (57.556%))
  Logic Levels:           2  (LUT6=2)
  Clock Path Skew:        -0.639ns (DCD - SCD - CPR)
    Destination Clock Delay (DCD):    0.825ns
    Source Clock Delay      (SCD):    1.464ns
    Clock Pessimism Removal (CPR):    -0.000ns
  Clock Uncertainty:      0.177ns  ((TSJ^2 + DJ^2)^1/2) / 2 + PE
    Total System Jitter     (TSJ):    0.071ns
    Discrete Jitter          (DJ):    0.144ns
    Phase Error              (PE):    0.097ns
  Clock Domain Crossing:  Inter clock paths are considered valid unless explicitly excluded by timing constraints such as set_clock_groups or set_false_path.

    Location             Delay type                Incr(ns)  Path(ns)    Netlist Resource(s)
  -------------------------------------------------------------------    -------------------
                         (clock sys_clk_pin rise edge)
                                                      0.000     0.000 r  
    L16                                               0.000     0.000 r  clk (IN)
                         net (fo=0)                   0.000     0.000    clk
    L16                  IBUF (Prop_ibuf_I_O)         0.259     0.259 r  clk_IBUF_inst/O
                         net (fo=1, routed)           0.627     0.886    clk_IBUF
    BUFGCTRL_X0Y16       BUFG (Prop_bufg_I_O)         0.026     0.912 r  clk_IBUF_BUFG_inst/O
                         net (fo=959, routed)         0.552     1.464    Inst_md_io/Inst_VGA/clk
    SLICE_X22Y64         FDRE                                         r  Inst_md_io/Inst_VGA/fruit_x_s_reg[1]/C
  -------------------------------------------------------------------    -------------------
    SLICE_X22Y64         FDRE (Prop_fdre_C_Q)         0.141     1.605 r  Inst_md_io/Inst_VGA/fruit_x_s_reg[1]/Q
                         net (fo=17, routed)          0.098     1.703    Inst_mi/reg_reg_r1_0_31_12_17_i_1_0[0]
    SLICE_X23Y64         LUT6 (Prop_lut6_I4_O)        0.045     1.748 r  Inst_mi/reg_reg_r1_0_31_6_11_i_17/O
                         net (fo=1, routed)           0.050     1.799    Inst_mi/reg_reg_r1_0_31_6_11_i_17_n_0
    SLICE_X23Y64         LUT6 (Prop_lut6_I3_O)        0.045     1.844 r  Inst_mi/reg_reg_r1_0_31_6_11_i_3/O
                         net (fo=2, routed)           0.164     2.008    Inst_reg/reg_reg_r2_0_31_6_11/DIB1
    SLICE_X20Y65         RAMD32                                       r  Inst_reg/reg_reg_r2_0_31_6_11/RAMB_D1/I
  -------------------------------------------------------------------    -------------------

                         (clock clk50mhz_clk_wiz_1 rise edge)
                                                      0.000     0.000 r  
    BUFGCTRL_X0Y16       BUFG                         0.000     0.000 r  clk_IBUF_BUFG_inst/O
                         net (fo=959, routed)         0.814     0.814    inst_divisor/inst/clk
    MMCME2_ADV_X0Y0      MMCME2_ADV (Prop_mmcme2_adv_CLKIN1_CLKOUT0)
                                                     -1.369    -0.555 r  inst_divisor/inst/mmcm_adv_inst/CLKOUT0
                         net (fo=1, routed)           0.528    -0.027    inst_divisor/inst/clk50mhz_clk_wiz_1
    BUFGCTRL_X0Y0        BUFG (Prop_bufg_I_O)         0.029     0.002 r  inst_divisor/inst/clkout1_buf/O
                         net (fo=922, routed)         0.823     0.825    Inst_reg/reg_reg_r2_0_31_6_11/WCLK
    SLICE_X20Y65         RAMD32                                       r  Inst_reg/reg_reg_r2_0_31_6_11/RAMB_D1/CLK
                         clock pessimism              0.000     0.825    
                         clock uncertainty            0.177     1.002    
    SLICE_X20Y65         RAMD32 (Hold_ramd32_CLK_I)
                                                      0.124     1.126    Inst_reg/reg_reg_r2_0_31_6_11/RAMB_D1
  -------------------------------------------------------------------
                         required time                         -1.126    
                         arrival time                           2.008    
  -------------------------------------------------------------------
                         slack                                  0.882    

Slack (MET) :             0.883ns  (arrival time - required time)
  Source:                 Inst_md_io/Inst_VGA/fruit_y_s_reg[5]_replica/C
                            (rising edge-triggered cell FDRE clocked by sys_clk_pin  {rise@0.000ns fall@4.000ns period=8.000ns})
  Destination:            Inst_reg/reg_reg_r2_0_31_0_5/RAMC_D1/I
                            (rising edge-triggered cell RAMD32 clocked by clk50mhz_clk_wiz_1  {rise@0.000ns fall@10.000ns period=20.000ns})
  Path Group:             clk50mhz_clk_wiz_1
  Path Type:              Hold (Min at Fast Process Corner)
  Requirement:            0.000ns  (clk50mhz_clk_wiz_1 rise@0.000ns - sys_clk_pin rise@0.000ns)
  Data Path Delay:        0.535ns  (logic 0.186ns (34.771%)  route 0.349ns (65.229%))
  Logic Levels:           1  (LUT5=1)
  Clock Path Skew:        -0.639ns (DCD - SCD - CPR)
    Destination Clock Delay (DCD):    0.828ns
    Source Clock Delay      (SCD):    1.467ns
    Clock Pessimism Removal (CPR):    -0.000ns
  Clock Uncertainty:      0.177ns  ((TSJ^2 + DJ^2)^1/2) / 2 + PE
    Total System Jitter     (TSJ):    0.071ns
    Discrete Jitter          (DJ):    0.144ns
    Phase Error              (PE):    0.097ns
  Clock Domain Crossing:  Inter clock paths are considered valid unless explicitly excluded by timing constraints such as set_clock_groups or set_false_path.

    Location             Delay type                Incr(ns)  Path(ns)    Netlist Resource(s)
  -------------------------------------------------------------------    -------------------
                         (clock sys_clk_pin rise edge)
                                                      0.000     0.000 r  
    L16                                               0.000     0.000 r  clk (IN)
                         net (fo=0)                   0.000     0.000    clk
    L16                  IBUF (Prop_ibuf_I_O)         0.259     0.259 r  clk_IBUF_inst/O
                         net (fo=1, routed)           0.627     0.886    clk_IBUF
    BUFGCTRL_X0Y16       BUFG (Prop_bufg_I_O)         0.026     0.912 r  clk_IBUF_BUFG_inst/O
                         net (fo=959, routed)         0.555     1.467    Inst_md_io/Inst_VGA/clk
    SLICE_X17Y64         FDRE                                         r  Inst_md_io/Inst_VGA/fruit_y_s_reg[5]_replica/C
  -------------------------------------------------------------------    -------------------
    SLICE_X17Y64         FDRE (Prop_fdre_C_Q)         0.141     1.608 r  Inst_md_io/Inst_VGA/fruit_y_s_reg[5]_replica/Q
                         net (fo=1, routed)           0.280     1.888    Inst_mi/fruit_y_s_reg[5]_0[4]_repN_alias
    SLICE_X17Y62         LUT5 (Prop_lut5_I3_O)        0.045     1.933 r  Inst_mi/reg_reg_r1_0_31_0_5_i_6_comp/O
                         net (fo=2, routed)           0.069     2.002    Inst_reg/reg_reg_r2_0_31_0_5/DIC1
    SLICE_X16Y62         RAMD32                                       r  Inst_reg/reg_reg_r2_0_31_0_5/RAMC_D1/I
  -------------------------------------------------------------------    -------------------

                         (clock clk50mhz_clk_wiz_1 rise edge)
                                                      0.000     0.000 r  
    BUFGCTRL_X0Y16       BUFG                         0.000     0.000 r  clk_IBUF_BUFG_inst/O
                         net (fo=959, routed)         0.814     0.814    inst_divisor/inst/clk
    MMCME2_ADV_X0Y0      MMCME2_ADV (Prop_mmcme2_adv_CLKIN1_CLKOUT0)
                                                     -1.369    -0.555 r  inst_divisor/inst/mmcm_adv_inst/CLKOUT0
                         net (fo=1, routed)           0.528    -0.027    inst_divisor/inst/clk50mhz_clk_wiz_1
    BUFGCTRL_X0Y0        BUFG (Prop_bufg_I_O)         0.029     0.002 r  inst_divisor/inst/clkout1_buf/O
                         net (fo=922, routed)         0.826     0.828    Inst_reg/reg_reg_r2_0_31_0_5/WCLK
    SLICE_X16Y62         RAMD32                                       r  Inst_reg/reg_reg_r2_0_31_0_5/RAMC_D1/CLK
                         clock pessimism              0.000     0.828    
                         clock uncertainty            0.177     1.005    
    SLICE_X16Y62         RAMD32 (Hold_ramd32_CLK_I)
                                                      0.114     1.119    Inst_reg/reg_reg_r2_0_31_0_5/RAMC_D1
  -------------------------------------------------------------------
                         required time                         -1.119    
                         arrival time                           2.002    
  -------------------------------------------------------------------
                         slack                                  0.883    

Slack (MET) :             0.884ns  (arrival time - required time)
  Source:                 Inst_md_io/Inst_VGA/fruit_y_s_reg[4]_replica/C
                            (rising edge-triggered cell FDRE clocked by sys_clk_pin  {rise@0.000ns fall@4.000ns period=8.000ns})
  Destination:            Inst_reg/reg_reg_r1_0_31_0_5/RAMC/I
                            (rising edge-triggered cell RAMD32 clocked by clk50mhz_clk_wiz_1  {rise@0.000ns fall@10.000ns period=20.000ns})
  Path Group:             clk50mhz_clk_wiz_1
  Path Type:              Hold (Min at Fast Process Corner)
  Requirement:            0.000ns  (clk50mhz_clk_wiz_1 rise@0.000ns - sys_clk_pin rise@0.000ns)
  Data Path Delay:        0.568ns  (logic 0.186ns (32.727%)  route 0.382ns (67.273%))
  Logic Levels:           1  (LUT5=1)
  Clock Path Skew:        -0.637ns (DCD - SCD - CPR)
    Destination Clock Delay (DCD):    0.827ns
    Source Clock Delay      (SCD):    1.464ns
    Clock Pessimism Removal (CPR):    -0.000ns
  Clock Uncertainty:      0.177ns  ((TSJ^2 + DJ^2)^1/2) / 2 + PE
    Total System Jitter     (TSJ):    0.071ns
    Discrete Jitter          (DJ):    0.144ns
    Phase Error              (PE):    0.097ns
  Clock Domain Crossing:  Inter clock paths are considered valid unless explicitly excluded by timing constraints such as set_clock_groups or set_false_path.

    Location             Delay type                Incr(ns)  Path(ns)    Netlist Resource(s)
  -------------------------------------------------------------------    -------------------
                         (clock sys_clk_pin rise edge)
                                                      0.000     0.000 r  
    L16                                               0.000     0.000 r  clk (IN)
                         net (fo=0)                   0.000     0.000    clk
    L16                  IBUF (Prop_ibuf_I_O)         0.259     0.259 r  clk_IBUF_inst/O
                         net (fo=1, routed)           0.627     0.886    clk_IBUF
    BUFGCTRL_X0Y16       BUFG (Prop_bufg_I_O)         0.026     0.912 r  clk_IBUF_BUFG_inst/O
                         net (fo=959, routed)         0.552     1.464    Inst_md_io/Inst_VGA/clk
    SLICE_X23Y63         FDRE                                         r  Inst_md_io/Inst_VGA/fruit_y_s_reg[4]_replica/C
  -------------------------------------------------------------------    -------------------
    SLICE_X23Y63         FDRE (Prop_fdre_C_Q)         0.141     1.605 r  Inst_md_io/Inst_VGA/fruit_y_s_reg[4]_replica/Q
                         net (fo=1, routed)           0.254     1.859    Inst_mi/fruit_y_s_reg[5]_0[3]_repN_alias
    SLICE_X21Y62         LUT5 (Prop_lut5_I3_O)        0.045     1.904 r  Inst_mi/reg_reg_r1_0_31_0_5_i_7_comp/O
                         net (fo=2, routed)           0.128     2.032    Inst_reg/reg_reg_r1_0_31_0_5/DIC0
    SLICE_X20Y62         RAMD32                                       r  Inst_reg/reg_reg_r1_0_31_0_5/RAMC/I
  -------------------------------------------------------------------    -------------------

                         (clock clk50mhz_clk_wiz_1 rise edge)
                                                      0.000     0.000 r  
    BUFGCTRL_X0Y16       BUFG                         0.000     0.000 r  clk_IBUF_BUFG_inst/O
                         net (fo=959, routed)         0.814     0.814    inst_divisor/inst/clk
    MMCME2_ADV_X0Y0      MMCME2_ADV (Prop_mmcme2_adv_CLKIN1_CLKOUT0)
                                                     -1.369    -0.555 r  inst_divisor/inst/mmcm_adv_inst/CLKOUT0
                         net (fo=1, routed)           0.528    -0.027    inst_divisor/inst/clk50mhz_clk_wiz_1
    BUFGCTRL_X0Y0        BUFG (Prop_bufg_I_O)         0.029     0.002 r  inst_divisor/inst/clkout1_buf/O
                         net (fo=922, routed)         0.825     0.827    Inst_reg/reg_reg_r1_0_31_0_5/WCLK
    SLICE_X20Y62         RAMD32                                       r  Inst_reg/reg_reg_r1_0_31_0_5/RAMC/CLK
                         clock pessimism              0.000     0.827    
                         clock uncertainty            0.177     1.004    
    SLICE_X20Y62         RAMD32 (Hold_ramd32_CLK_I)
                                                      0.144     1.148    Inst_reg/reg_reg_r1_0_31_0_5/RAMC
  -------------------------------------------------------------------
                         required time                         -1.148    
                         arrival time                           2.032    
  -------------------------------------------------------------------
                         slack                                  0.884    





---------------------------------------------------------------------------------------------------
From Clock:  clk50mhz_clk_wiz_1
  To Clock:  sys_clk_pin

Setup :         1436  Failing Endpoints,  Worst Slack       -3.334ns,  Total Violation    -1323.372ns
Hold  :            0  Failing Endpoints,  Worst Slack        0.025ns,  Total Violation        0.000ns
---------------------------------------------------------------------------------------------------


Max Delay Paths
--------------------------------------------------------------------------------------
Slack (VIOLATED) :        -3.334ns  (required time - arrival time)
  Source:                 Inst_md_io/head_y_reg[0]/C
                            (rising edge-triggered cell FDRE clocked by clk50mhz_clk_wiz_1  {rise@0.000ns fall@10.000ns period=20.000ns})
  Destination:            Inst_md_io/Inst_VGA/rand_y_unit/counter_reg[9]/D
                            (rising edge-triggered cell FDRE clocked by sys_clk_pin  {rise@0.000ns fall@4.000ns period=8.000ns})
  Path Group:             sys_clk_pin
  Path Type:              Setup (Max at Slow Process Corner)
  Requirement:            4.000ns  (sys_clk_pin rise@24.000ns - clk50mhz_clk_wiz_1 rise@20.000ns)
  Data Path Delay:        10.107ns  (logic 1.508ns (14.920%)  route 8.599ns (85.080%))
  Logic Levels:           3  (CARRY4=2 LUT5=1)
  Clock Path Skew:        3.210ns (DCD - SCD + CPR)
    Destination Clock Delay (DCD):    4.862ns = ( 28.862 - 24.000 ) 
    Source Clock Delay      (SCD):    1.652ns = ( 21.652 - 20.000 ) 
    Clock Pessimism Removal (CPR):    0.000ns
  Clock Uncertainty:      0.177ns  ((TSJ^2 + DJ^2)^1/2) / 2 + PE
    Total System Jitter     (TSJ):    0.071ns
    Discrete Jitter          (DJ):    0.144ns
    Phase Error              (PE):    0.097ns
  Clock Domain Crossing:  Inter clock paths are considered valid unless explicitly excluded by timing constraints such as set_clock_groups or set_false_path.

    Location             Delay type                Incr(ns)  Path(ns)    Netlist Resource(s)
  -------------------------------------------------------------------    -------------------
                         (clock clk50mhz_clk_wiz_1 rise edge)
                                                     20.000    20.000 r  
    BUFGCTRL_X0Y16       BUFG                         0.000    20.000 r  clk_IBUF_BUFG_inst/O
                         net (fo=959, routed)         1.680    21.680    inst_divisor/inst/clk
    MMCME2_ADV_X0Y0      MMCME2_ADV (Prop_mmcme2_adv_CLKIN1_CLKOUT0)
                                                     -3.538    18.142 r  inst_divisor/inst/mmcm_adv_inst/CLKOUT0
                         net (fo=1, routed)           1.760    19.902    inst_divisor/inst/clk50mhz_clk_wiz_1
    BUFGCTRL_X0Y0        BUFG (Prop_bufg_I_O)         0.101    20.003 r  inst_divisor/inst/clkout1_buf/O
                         net (fo=922, routed)         1.649    21.652    Inst_md_io/clk50mhz
    SLICE_X16Y78         FDRE                                         r  Inst_md_io/head_y_reg[0]/C
  -------------------------------------------------------------------    -------------------
    SLICE_X16Y78         FDRE (Prop_fdre_C_Q)         0.518    22.170 r  Inst_md_io/head_y_reg[0]/Q
                         net (fo=178, routed)         5.872    28.042    Inst_md_io/Inst_VGA/rand_y_unit/prev_chaos_reg_0
    SLICE_X31Y76         LUT5 (Prop_lut5_I3_O)        0.124    28.166 r  Inst_md_io/Inst_VGA/rand_y_unit/counter[4]_i_9__0/O
                         net (fo=1, routed)           0.000    28.166    Inst_md_io/Inst_VGA/rand_y_unit/counter[4]_i_9__0_n_0
    SLICE_X31Y76         CARRY4 (Prop_carry4_S[0]_CO[3])
                                                      0.532    28.698 r  Inst_md_io/Inst_VGA/rand_y_unit/counter_reg[4]_i_1__0/CO[3]
                         net (fo=1, routed)           0.000    28.698    Inst_md_io/Inst_VGA/rand_y_unit/counter_reg[4]_i_1__0_n_0
    SLICE_X31Y77         CARRY4 (Prop_carry4_CI_O[1])
                                                      0.334    29.032 r  Inst_md_io/Inst_VGA/rand_y_unit/counter_reg[8]_i_1__0/O[1]
                         net (fo=1, routed)           2.727    31.759    Inst_md_io/Inst_VGA/rand_y_unit/counter_reg[8]_i_1__0_n_6
    SLICE_X31Y76         FDRE                                         r  Inst_md_io/Inst_VGA/rand_y_unit/counter_reg[9]/D
  -------------------------------------------------------------------    -------------------

                         (clock sys_clk_pin rise edge)
                                                     24.000    24.000 r  
    L16                                               0.000    24.000 r  clk (IN)
                         net (fo=0)                   0.000    24.000    clk
    L16                  IBUF (Prop_ibuf_I_O)         1.421    25.421 r  clk_IBUF_inst/O
                         net (fo=1, routed)           1.880    27.301    clk_IBUF
    BUFGCTRL_X0Y16       BUFG (Prop_bufg_I_O)         0.091    27.392 r  clk_IBUF_BUFG_inst/O
                         net (fo=959, routed)         1.471    28.862    Inst_md_io/Inst_VGA/rand_y_unit/clk
    SLICE_X31Y76         FDRE                                         r  Inst_md_io/Inst_VGA/rand_y_unit/counter_reg[9]/C
                         clock pessimism              0.000    28.862    
                         clock uncertainty           -0.177    28.685    
    SLICE_X31Y76         FDRE (Setup_fdre_C_D)       -0.260    28.425    Inst_md_io/Inst_VGA/rand_y_unit/counter_reg[9]
  -------------------------------------------------------------------
                         required time                         28.425    
                         arrival time                         -31.759    
  -------------------------------------------------------------------
                         slack                                 -3.334    

Slack (VIOLATED) :        -3.197ns  (required time - arrival time)
  Source:                 Inst_md_io/head_y_reg[0]/C
                            (rising edge-triggered cell FDRE clocked by clk50mhz_clk_wiz_1  {rise@0.000ns fall@10.000ns period=20.000ns})
  Destination:            Inst_md_io/Inst_VGA/rand_y_unit/counter_reg[12]_replica_1/D
                            (rising edge-triggered cell FDRE clocked by sys_clk_pin  {rise@0.000ns fall@4.000ns period=8.000ns})
  Path Group:             sys_clk_pin
  Path Type:              Setup (Max at Slow Process Corner)
  Requirement:            4.000ns  (sys_clk_pin rise@24.000ns - clk50mhz_clk_wiz_1 rise@20.000ns)
  Data Path Delay:        9.994ns  (logic 1.510ns (15.109%)  route 8.484ns (84.891%))
  Logic Levels:           4  (CARRY4=3 LUT5=1)
  Clock Path Skew:        3.207ns (DCD - SCD + CPR)
    Destination Clock Delay (DCD):    4.859ns = ( 28.859 - 24.000 ) 
    Source Clock Delay      (SCD):    1.652ns = ( 21.652 - 20.000 ) 
    Clock Pessimism Removal (CPR):    0.000ns
  Clock Uncertainty:      0.177ns  ((TSJ^2 + DJ^2)^1/2) / 2 + PE
    Total System Jitter     (TSJ):    0.071ns
    Discrete Jitter          (DJ):    0.144ns
    Phase Error              (PE):    0.097ns
  Clock Domain Crossing:  Inter clock paths are considered valid unless explicitly excluded by timing constraints such as set_clock_groups or set_false_path.

    Location             Delay type                Incr(ns)  Path(ns)    Netlist Resource(s)
  -------------------------------------------------------------------    -------------------
                         (clock clk50mhz_clk_wiz_1 rise edge)
                                                     20.000    20.000 r  
    BUFGCTRL_X0Y16       BUFG                         0.000    20.000 r  clk_IBUF_BUFG_inst/O
                         net (fo=959, routed)         1.680    21.680    inst_divisor/inst/clk
    MMCME2_ADV_X0Y0      MMCME2_ADV (Prop_mmcme2_adv_CLKIN1_CLKOUT0)
                                                     -3.538    18.142 r  inst_divisor/inst/mmcm_adv_inst/CLKOUT0
                         net (fo=1, routed)           1.760    19.902    inst_divisor/inst/clk50mhz_clk_wiz_1
    BUFGCTRL_X0Y0        BUFG (Prop_bufg_I_O)         0.101    20.003 r  inst_divisor/inst/clkout1_buf/O
                         net (fo=922, routed)         1.649    21.652    Inst_md_io/clk50mhz
    SLICE_X16Y78         FDRE                                         r  Inst_md_io/head_y_reg[0]/C
  -------------------------------------------------------------------    -------------------
    SLICE_X16Y78         FDRE (Prop_fdre_C_Q)         0.518    22.170 r  Inst_md_io/head_y_reg[0]/Q
                         net (fo=178, routed)         5.872    28.042    Inst_md_io/Inst_VGA/rand_y_unit/prev_chaos_reg_0
    SLICE_X31Y76         LUT5 (Prop_lut5_I3_O)        0.124    28.166 r  Inst_md_io/Inst_VGA/rand_y_unit/counter[4]_i_9__0/O
                         net (fo=1, routed)           0.000    28.166    Inst_md_io/Inst_VGA/rand_y_unit/counter[4]_i_9__0_n_0
    SLICE_X31Y76         CARRY4 (Prop_carry4_S[0]_CO[3])
                                                      0.532    28.698 r  Inst_md_io/Inst_VGA/rand_y_unit/counter_reg[4]_i_1__0/CO[3]
                         net (fo=1, routed)           0.000    28.698    Inst_md_io/Inst_VGA/rand_y_unit/counter_reg[4]_i_1__0_n_0
    SLICE_X31Y77         CARRY4 (Prop_carry4_CI_CO[3])
                                                      0.114    28.812 r  Inst_md_io/Inst_VGA/rand_y_unit/counter_reg[8]_i_1__0/CO[3]
                         net (fo=1, routed)           0.000    28.812    Inst_md_io/Inst_VGA/rand_y_unit/counter_reg[8]_i_1__0_n_0
    SLICE_X31Y78         CARRY4 (Prop_carry4_CI_O[0])
                                                      0.222    29.034 r  Inst_md_io/Inst_VGA/rand_y_unit/counter_reg[12]_i_1__0/O[0]
                         net (fo=3, routed)           2.612    31.646    Inst_md_io/Inst_VGA/rand_y_unit/counter_reg[12]_i_1__0_n_7
    SLICE_X23Y77         FDRE                                         r  Inst_md_io/Inst_VGA/rand_y_unit/counter_reg[12]_replica_1/D
  -------------------------------------------------------------------    -------------------

                         (clock sys_clk_pin rise edge)
                                                     24.000    24.000 r  
    L16                                               0.000    24.000 r  clk (IN)
                         net (fo=0)                   0.000    24.000    clk
    L16                  IBUF (Prop_ibuf_I_O)         1.421    25.421 r  clk_IBUF_inst/O
                         net (fo=1, routed)           1.880    27.301    clk_IBUF
    BUFGCTRL_X0Y16       BUFG (Prop_bufg_I_O)         0.091    27.392 r  clk_IBUF_BUFG_inst/O
                         net (fo=959, routed)         1.468    28.859    Inst_md_io/Inst_VGA/rand_y_unit/clk
    SLICE_X23Y77         FDRE                                         r  Inst_md_io/Inst_VGA/rand_y_unit/counter_reg[12]_replica_1/C
                         clock pessimism              0.000    28.859    
                         clock uncertainty           -0.177    28.682    
    SLICE_X23Y77         FDRE (Setup_fdre_C_D)       -0.233    28.449    Inst_md_io/Inst_VGA/rand_y_unit/counter_reg[12]_replica_1
  -------------------------------------------------------------------
                         required time                         28.449    
                         arrival time                         -31.646    
  -------------------------------------------------------------------
                         slack                                 -3.197    

Slack (VIOLATED) :        -3.088ns  (required time - arrival time)
  Source:                 Inst_md_io/head_y_reg[0]/C
                            (rising edge-triggered cell FDRE clocked by clk50mhz_clk_wiz_1  {rise@0.000ns fall@10.000ns period=20.000ns})
  Destination:            Inst_md_io/Inst_VGA/rand_y_unit/counter_reg[10]_replica_1/D
                            (rising edge-triggered cell FDRE clocked by sys_clk_pin  {rise@0.000ns fall@4.000ns period=8.000ns})
  Path Group:             sys_clk_pin
  Path Type:              Setup (Max at Slow Process Corner)
  Requirement:            4.000ns  (sys_clk_pin rise@24.000ns - clk50mhz_clk_wiz_1 rise@20.000ns)
  Data Path Delay:        9.912ns  (logic 1.413ns (14.256%)  route 8.499ns (85.744%))
  Logic Levels:           3  (CARRY4=2 LUT5=1)
  Clock Path Skew:        3.206ns (DCD - SCD + CPR)
    Destination Clock Delay (DCD):    4.858ns = ( 28.858 - 24.000 ) 
    Source Clock Delay      (SCD):    1.652ns = ( 21.652 - 20.000 ) 
    Clock Pessimism Removal (CPR):    0.000ns
  Clock Uncertainty:      0.177ns  ((TSJ^2 + DJ^2)^1/2) / 2 + PE
    Total System Jitter     (TSJ):    0.071ns
    Discrete Jitter          (DJ):    0.144ns
    Phase Error              (PE):    0.097ns
  Clock Domain Crossing:  Inter clock paths are considered valid unless explicitly excluded by timing constraints such as set_clock_groups or set_false_path.

    Location             Delay type                Incr(ns)  Path(ns)    Netlist Resource(s)
  -------------------------------------------------------------------    -------------------
                         (clock clk50mhz_clk_wiz_1 rise edge)
                                                     20.000    20.000 r  
    BUFGCTRL_X0Y16       BUFG                         0.000    20.000 r  clk_IBUF_BUFG_inst/O
                         net (fo=959, routed)         1.680    21.680    inst_divisor/inst/clk
    MMCME2_ADV_X0Y0      MMCME2_ADV (Prop_mmcme2_adv_CLKIN1_CLKOUT0)
                                                     -3.538    18.142 r  inst_divisor/inst/mmcm_adv_inst/CLKOUT0
                         net (fo=1, routed)           1.760    19.902    inst_divisor/inst/clk50mhz_clk_wiz_1
    BUFGCTRL_X0Y0        BUFG (Prop_bufg_I_O)         0.101    20.003 r  inst_divisor/inst/clkout1_buf/O
                         net (fo=922, routed)         1.649    21.652    Inst_md_io/clk50mhz
    SLICE_X16Y78         FDRE                                         r  Inst_md_io/head_y_reg[0]/C
  -------------------------------------------------------------------    -------------------
    SLICE_X16Y78         FDRE (Prop_fdre_C_Q)         0.518    22.170 r  Inst_md_io/head_y_reg[0]/Q
                         net (fo=178, routed)         5.872    28.042    Inst_md_io/Inst_VGA/rand_y_unit/prev_chaos_reg_0
    SLICE_X31Y76         LUT5 (Prop_lut5_I3_O)        0.124    28.166 r  Inst_md_io/Inst_VGA/rand_y_unit/counter[4]_i_9__0/O
                         net (fo=1, routed)           0.000    28.166    Inst_md_io/Inst_VGA/rand_y_unit/counter[4]_i_9__0_n_0
    SLICE_X31Y76         CARRY4 (Prop_carry4_S[0]_CO[3])
                                                      0.532    28.698 r  Inst_md_io/Inst_VGA/rand_y_unit/counter_reg[4]_i_1__0/CO[3]
                         net (fo=1, routed)           0.000    28.698    Inst_md_io/Inst_VGA/rand_y_unit/counter_reg[4]_i_1__0_n_0
    SLICE_X31Y77         CARRY4 (Prop_carry4_CI_O[2])
                                                      0.239    28.937 r  Inst_md_io/Inst_VGA/rand_y_unit/counter_reg[8]_i_1__0/O[2]
                         net (fo=3, routed)           2.626    31.564    Inst_md_io/Inst_VGA/rand_y_unit/counter_reg[8]_i_1__0_n_5
    SLICE_X24Y76         FDRE                                         r  Inst_md_io/Inst_VGA/rand_y_unit/counter_reg[10]_replica_1/D
  -------------------------------------------------------------------    -------------------

                         (clock sys_clk_pin rise edge)
                                                     24.000    24.000 r  
    L16                                               0.000    24.000 r  clk (IN)
                         net (fo=0)                   0.000    24.000    clk
    L16                  IBUF (Prop_ibuf_I_O)         1.421    25.421 r  clk_IBUF_inst/O
                         net (fo=1, routed)           1.880    27.301    clk_IBUF
    BUFGCTRL_X0Y16       BUFG (Prop_bufg_I_O)         0.091    27.392 r  clk_IBUF_BUFG_inst/O
                         net (fo=959, routed)         1.467    28.858    Inst_md_io/Inst_VGA/rand_y_unit/clk
    SLICE_X24Y76         FDRE                                         r  Inst_md_io/Inst_VGA/rand_y_unit/counter_reg[10]_replica_1/C
                         clock pessimism              0.000    28.858    
                         clock uncertainty           -0.177    28.681    
    SLICE_X24Y76         FDRE (Setup_fdre_C_D)       -0.206    28.475    Inst_md_io/Inst_VGA/rand_y_unit/counter_reg[10]_replica_1
  -------------------------------------------------------------------
                         required time                         28.475    
                         arrival time                         -31.564    
  -------------------------------------------------------------------
                         slack                                 -3.088    

Slack (VIOLATED) :        -3.072ns  (required time - arrival time)
  Source:                 Inst_md_io/head_y_reg[0]/C
                            (rising edge-triggered cell FDRE clocked by clk50mhz_clk_wiz_1  {rise@0.000ns fall@10.000ns period=20.000ns})
  Destination:            Inst_md_io/Inst_VGA/rand_y_unit/counter_reg[11]/D
                            (rising edge-triggered cell FDRE clocked by sys_clk_pin  {rise@0.000ns fall@4.000ns period=8.000ns})
  Path Group:             sys_clk_pin
  Path Type:              Setup (Max at Slow Process Corner)
  Requirement:            4.000ns  (sys_clk_pin rise@24.000ns - clk50mhz_clk_wiz_1 rise@20.000ns)
  Data Path Delay:        9.845ns  (logic 1.487ns (15.105%)  route 8.358ns (84.895%))
  Logic Levels:           3  (CARRY4=2 LUT5=1)
  Clock Path Skew:        3.212ns (DCD - SCD + CPR)
    Destination Clock Delay (DCD):    4.864ns = ( 28.864 - 24.000 ) 
    Source Clock Delay      (SCD):    1.652ns = ( 21.652 - 20.000 ) 
    Clock Pessimism Removal (CPR):    0.000ns
  Clock Uncertainty:      0.177ns  ((TSJ^2 + DJ^2)^1/2) / 2 + PE
    Total System Jitter     (TSJ):    0.071ns
    Discrete Jitter          (DJ):    0.144ns
    Phase Error              (PE):    0.097ns
  Clock Domain Crossing:  Inter clock paths are considered valid unless explicitly excluded by timing constraints such as set_clock_groups or set_false_path.

    Location             Delay type                Incr(ns)  Path(ns)    Netlist Resource(s)
  -------------------------------------------------------------------    -------------------
                         (clock clk50mhz_clk_wiz_1 rise edge)
                                                     20.000    20.000 r  
    BUFGCTRL_X0Y16       BUFG                         0.000    20.000 r  clk_IBUF_BUFG_inst/O
                         net (fo=959, routed)         1.680    21.680    inst_divisor/inst/clk
    MMCME2_ADV_X0Y0      MMCME2_ADV (Prop_mmcme2_adv_CLKIN1_CLKOUT0)
                                                     -3.538    18.142 r  inst_divisor/inst/mmcm_adv_inst/CLKOUT0
                         net (fo=1, routed)           1.760    19.902    inst_divisor/inst/clk50mhz_clk_wiz_1
    BUFGCTRL_X0Y0        BUFG (Prop_bufg_I_O)         0.101    20.003 r  inst_divisor/inst/clkout1_buf/O
                         net (fo=922, routed)         1.649    21.652    Inst_md_io/clk50mhz
    SLICE_X16Y78         FDRE                                         r  Inst_md_io/head_y_reg[0]/C
  -------------------------------------------------------------------    -------------------
    SLICE_X16Y78         FDRE (Prop_fdre_C_Q)         0.518    22.170 r  Inst_md_io/head_y_reg[0]/Q
                         net (fo=178, routed)         5.872    28.042    Inst_md_io/Inst_VGA/rand_y_unit/prev_chaos_reg_0
    SLICE_X31Y76         LUT5 (Prop_lut5_I3_O)        0.124    28.166 r  Inst_md_io/Inst_VGA/rand_y_unit/counter[4]_i_9__0/O
                         net (fo=1, routed)           0.000    28.166    Inst_md_io/Inst_VGA/rand_y_unit/counter[4]_i_9__0_n_0
    SLICE_X31Y76         CARRY4 (Prop_carry4_S[0]_CO[3])
                                                      0.532    28.698 r  Inst_md_io/Inst_VGA/rand_y_unit/counter_reg[4]_i_1__0/CO[3]
                         net (fo=1, routed)           0.000    28.698    Inst_md_io/Inst_VGA/rand_y_unit/counter_reg[4]_i_1__0_n_0
    SLICE_X31Y77         CARRY4 (Prop_carry4_CI_O[3])
                                                      0.313    29.011 r  Inst_md_io/Inst_VGA/rand_y_unit/counter_reg[8]_i_1__0/O[3]
                         net (fo=1, routed)           2.485    31.497    Inst_md_io/Inst_VGA/rand_y_unit/counter_reg[8]_i_1__0_n_4
    SLICE_X35Y77         FDRE                                         r  Inst_md_io/Inst_VGA/rand_y_unit/counter_reg[11]/D
  -------------------------------------------------------------------    -------------------

                         (clock sys_clk_pin rise edge)
                                                     24.000    24.000 r  
    L16                                               0.000    24.000 r  clk (IN)
                         net (fo=0)                   0.000    24.000    clk
    L16                  IBUF (Prop_ibuf_I_O)         1.421    25.421 r  clk_IBUF_inst/O
                         net (fo=1, routed)           1.880    27.301    clk_IBUF
    BUFGCTRL_X0Y16       BUFG (Prop_bufg_I_O)         0.091    27.392 r  clk_IBUF_BUFG_inst/O
                         net (fo=959, routed)         1.473    28.864    Inst_md_io/Inst_VGA/rand_y_unit/clk
    SLICE_X35Y77         FDRE                                         r  Inst_md_io/Inst_VGA/rand_y_unit/counter_reg[11]/C
                         clock pessimism              0.000    28.864    
                         clock uncertainty           -0.177    28.687    
    SLICE_X35Y77         FDRE (Setup_fdre_C_D)       -0.263    28.424    Inst_md_io/Inst_VGA/rand_y_unit/counter_reg[11]
  -------------------------------------------------------------------
                         required time                         28.424    
                         arrival time                         -31.497    
  -------------------------------------------------------------------
                         slack                                 -3.072    

Slack (VIOLATED) :        -3.070ns  (required time - arrival time)
  Source:                 Inst_md_io/head_y_reg[0]/C
                            (rising edge-triggered cell FDRE clocked by clk50mhz_clk_wiz_1  {rise@0.000ns fall@10.000ns period=20.000ns})
  Destination:            Inst_md_io/Inst_VGA/rand_y_unit/counter_reg[8]_replica/D
                            (rising edge-triggered cell FDRE clocked by sys_clk_pin  {rise@0.000ns fall@4.000ns period=8.000ns})
  Path Group:             sys_clk_pin
  Path Type:              Setup (Max at Slow Process Corner)
  Requirement:            4.000ns  (sys_clk_pin rise@24.000ns - clk50mhz_clk_wiz_1 rise@20.000ns)
  Data Path Delay:        9.870ns  (logic 1.396ns (14.143%)  route 8.474ns (85.857%))
  Logic Levels:           3  (CARRY4=2 LUT5=1)
  Clock Path Skew:        3.210ns (DCD - SCD + CPR)
    Destination Clock Delay (DCD):    4.862ns = ( 28.862 - 24.000 ) 
    Source Clock Delay      (SCD):    1.652ns = ( 21.652 - 20.000 ) 
    Clock Pessimism Removal (CPR):    0.000ns
  Clock Uncertainty:      0.177ns  ((TSJ^2 + DJ^2)^1/2) / 2 + PE
    Total System Jitter     (TSJ):    0.071ns
    Discrete Jitter          (DJ):    0.144ns
    Phase Error              (PE):    0.097ns
  Clock Domain Crossing:  Inter clock paths are considered valid unless explicitly excluded by timing constraints such as set_clock_groups or set_false_path.

    Location             Delay type                Incr(ns)  Path(ns)    Netlist Resource(s)
  -------------------------------------------------------------------    -------------------
                         (clock clk50mhz_clk_wiz_1 rise edge)
                                                     20.000    20.000 r  
    BUFGCTRL_X0Y16       BUFG                         0.000    20.000 r  clk_IBUF_BUFG_inst/O
                         net (fo=959, routed)         1.680    21.680    inst_divisor/inst/clk
    MMCME2_ADV_X0Y0      MMCME2_ADV (Prop_mmcme2_adv_CLKIN1_CLKOUT0)
                                                     -3.538    18.142 r  inst_divisor/inst/mmcm_adv_inst/CLKOUT0
                         net (fo=1, routed)           1.760    19.902    inst_divisor/inst/clk50mhz_clk_wiz_1
    BUFGCTRL_X0Y0        BUFG (Prop_bufg_I_O)         0.101    20.003 r  inst_divisor/inst/clkout1_buf/O
                         net (fo=922, routed)         1.649    21.652    Inst_md_io/clk50mhz
    SLICE_X16Y78         FDRE                                         r  Inst_md_io/head_y_reg[0]/C
  -------------------------------------------------------------------    -------------------
    SLICE_X16Y78         FDRE (Prop_fdre_C_Q)         0.518    22.170 r  Inst_md_io/head_y_reg[0]/Q
                         net (fo=178, routed)         5.872    28.042    Inst_md_io/Inst_VGA/rand_y_unit/prev_chaos_reg_0
    SLICE_X31Y76         LUT5 (Prop_lut5_I3_O)        0.124    28.166 r  Inst_md_io/Inst_VGA/rand_y_unit/counter[4]_i_9__0/O
                         net (fo=1, routed)           0.000    28.166    Inst_md_io/Inst_VGA/rand_y_unit/counter[4]_i_9__0_n_0
    SLICE_X31Y76         CARRY4 (Prop_carry4_S[0]_CO[3])
                                                      0.532    28.698 r  Inst_md_io/Inst_VGA/rand_y_unit/counter_reg[4]_i_1__0/CO[3]
                         net (fo=1, routed)           0.000    28.698    Inst_md_io/Inst_VGA/rand_y_unit/counter_reg[4]_i_1__0_n_0
    SLICE_X31Y77         CARRY4 (Prop_carry4_CI_O[0])
                                                      0.222    28.920 r  Inst_md_io/Inst_VGA/rand_y_unit/counter_reg[8]_i_1__0/O[0]
                         net (fo=3, routed)           2.602    31.522    Inst_md_io/Inst_VGA/rand_y_unit/counter_reg[8]_i_1__0_n_7
    SLICE_X31Y76         FDRE                                         r  Inst_md_io/Inst_VGA/rand_y_unit/counter_reg[8]_replica/D
  -------------------------------------------------------------------    -------------------

                         (clock sys_clk_pin rise edge)
                                                     24.000    24.000 r  
    L16                                               0.000    24.000 r  clk (IN)
                         net (fo=0)                   0.000    24.000    clk
    L16                  IBUF (Prop_ibuf_I_O)         1.421    25.421 r  clk_IBUF_inst/O
                         net (fo=1, routed)           1.880    27.301    clk_IBUF
    BUFGCTRL_X0Y16       BUFG (Prop_bufg_I_O)         0.091    27.392 r  clk_IBUF_BUFG_inst/O
                         net (fo=959, routed)         1.471    28.862    Inst_md_io/Inst_VGA/rand_y_unit/clk
    SLICE_X31Y76         FDRE                                         r  Inst_md_io/Inst_VGA/rand_y_unit/counter_reg[8]_replica/C
                         clock pessimism              0.000    28.862    
                         clock uncertainty           -0.177    28.685    
    SLICE_X31Y76         FDRE (Setup_fdre_C_D)       -0.233    28.452    Inst_md_io/Inst_VGA/rand_y_unit/counter_reg[8]_replica
  -------------------------------------------------------------------
                         required time                         28.452    
                         arrival time                         -31.522    
  -------------------------------------------------------------------
                         slack                                 -3.070    

Slack (VIOLATED) :        -2.995ns  (required time - arrival time)
  Source:                 Inst_md_io/head_y_reg[0]/C
                            (rising edge-triggered cell FDRE clocked by clk50mhz_clk_wiz_1  {rise@0.000ns fall@10.000ns period=20.000ns})
  Destination:            Inst_md_io/Inst_VGA/rand_y_unit/counter_reg[12]_replica/D
                            (rising edge-triggered cell FDRE clocked by sys_clk_pin  {rise@0.000ns fall@4.000ns period=8.000ns})
  Path Group:             sys_clk_pin
  Path Type:              Setup (Max at Slow Process Corner)
  Requirement:            4.000ns  (sys_clk_pin rise@24.000ns - clk50mhz_clk_wiz_1 rise@20.000ns)
  Data Path Delay:        9.748ns  (logic 1.510ns (15.490%)  route 8.238ns (84.510%))
  Logic Levels:           4  (CARRY4=3 LUT5=1)
  Clock Path Skew:        3.214ns (DCD - SCD + CPR)
    Destination Clock Delay (DCD):    4.866ns = ( 28.866 - 24.000 ) 
    Source Clock Delay      (SCD):    1.652ns = ( 21.652 - 20.000 ) 
    Clock Pessimism Removal (CPR):    0.000ns
  Clock Uncertainty:      0.177ns  ((TSJ^2 + DJ^2)^1/2) / 2 + PE
    Total System Jitter     (TSJ):    0.071ns
    Discrete Jitter          (DJ):    0.144ns
    Phase Error              (PE):    0.097ns
  Clock Domain Crossing:  Inter clock paths are considered valid unless explicitly excluded by timing constraints such as set_clock_groups or set_false_path.

    Location             Delay type                Incr(ns)  Path(ns)    Netlist Resource(s)
  -------------------------------------------------------------------    -------------------
                         (clock clk50mhz_clk_wiz_1 rise edge)
                                                     20.000    20.000 r  
    BUFGCTRL_X0Y16       BUFG                         0.000    20.000 r  clk_IBUF_BUFG_inst/O
                         net (fo=959, routed)         1.680    21.680    inst_divisor/inst/clk
    MMCME2_ADV_X0Y0      MMCME2_ADV (Prop_mmcme2_adv_CLKIN1_CLKOUT0)
                                                     -3.538    18.142 r  inst_divisor/inst/mmcm_adv_inst/CLKOUT0
                         net (fo=1, routed)           1.760    19.902    inst_divisor/inst/clk50mhz_clk_wiz_1
    BUFGCTRL_X0Y0        BUFG (Prop_bufg_I_O)         0.101    20.003 r  inst_divisor/inst/clkout1_buf/O
                         net (fo=922, routed)         1.649    21.652    Inst_md_io/clk50mhz
    SLICE_X16Y78         FDRE                                         r  Inst_md_io/head_y_reg[0]/C
  -------------------------------------------------------------------    -------------------
    SLICE_X16Y78         FDRE (Prop_fdre_C_Q)         0.518    22.170 r  Inst_md_io/head_y_reg[0]/Q
                         net (fo=178, routed)         5.872    28.042    Inst_md_io/Inst_VGA/rand_y_unit/prev_chaos_reg_0
    SLICE_X31Y76         LUT5 (Prop_lut5_I3_O)        0.124    28.166 r  Inst_md_io/Inst_VGA/rand_y_unit/counter[4]_i_9__0/O
                         net (fo=1, routed)           0.000    28.166    Inst_md_io/Inst_VGA/rand_y_unit/counter[4]_i_9__0_n_0
    SLICE_X31Y76         CARRY4 (Prop_carry4_S[0]_CO[3])
                                                      0.532    28.698 r  Inst_md_io/Inst_VGA/rand_y_unit/counter_reg[4]_i_1__0/CO[3]
                         net (fo=1, routed)           0.000    28.698    Inst_md_io/Inst_VGA/rand_y_unit/counter_reg[4]_i_1__0_n_0
    SLICE_X31Y77         CARRY4 (Prop_carry4_CI_CO[3])
                                                      0.114    28.812 r  Inst_md_io/Inst_VGA/rand_y_unit/counter_reg[8]_i_1__0/CO[3]
                         net (fo=1, routed)           0.000    28.812    Inst_md_io/Inst_VGA/rand_y_unit/counter_reg[8]_i_1__0_n_0
    SLICE_X31Y78         CARRY4 (Prop_carry4_CI_O[0])
                                                      0.222    29.034 r  Inst_md_io/Inst_VGA/rand_y_unit/counter_reg[12]_i_1__0/O[0]
                         net (fo=3, routed)           2.366    31.400    Inst_md_io/Inst_VGA/rand_y_unit/counter_reg[12]_i_1__0_n_7
    SLICE_X29Y80         FDRE                                         r  Inst_md_io/Inst_VGA/rand_y_unit/counter_reg[12]_replica/D
  -------------------------------------------------------------------    -------------------

                         (clock sys_clk_pin rise edge)
                                                     24.000    24.000 r  
    L16                                               0.000    24.000 r  clk (IN)
                         net (fo=0)                   0.000    24.000    clk
    L16                  IBUF (Prop_ibuf_I_O)         1.421    25.421 r  clk_IBUF_inst/O
                         net (fo=1, routed)           1.880    27.301    clk_IBUF
    BUFGCTRL_X0Y16       BUFG (Prop_bufg_I_O)         0.091    27.392 r  clk_IBUF_BUFG_inst/O
                         net (fo=959, routed)         1.475    28.866    Inst_md_io/Inst_VGA/rand_y_unit/clk
    SLICE_X29Y80         FDRE                                         r  Inst_md_io/Inst_VGA/rand_y_unit/counter_reg[12]_replica/C
                         clock pessimism              0.000    28.866    
                         clock uncertainty           -0.177    28.689    
    SLICE_X29Y80         FDRE (Setup_fdre_C_D)       -0.284    28.405    Inst_md_io/Inst_VGA/rand_y_unit/counter_reg[12]_replica
  -------------------------------------------------------------------
                         required time                         28.405    
                         arrival time                         -31.400    
  -------------------------------------------------------------------
                         slack                                 -2.995    

Slack (VIOLATED) :        -2.993ns  (required time - arrival time)
  Source:                 Inst_md_io/head_y_reg[0]/C
                            (rising edge-triggered cell FDRE clocked by clk50mhz_clk_wiz_1  {rise@0.000ns fall@10.000ns period=20.000ns})
  Destination:            Inst_md_io/Inst_VGA/rand_y_unit/counter_reg[10]_replica/D
                            (rising edge-triggered cell FDRE clocked by sys_clk_pin  {rise@0.000ns fall@4.000ns period=8.000ns})
  Path Group:             sys_clk_pin
  Path Type:              Setup (Max at Slow Process Corner)
  Requirement:            4.000ns  (sys_clk_pin rise@24.000ns - clk50mhz_clk_wiz_1 rise@20.000ns)
  Data Path Delay:        9.782ns  (logic 1.413ns (14.445%)  route 8.369ns (85.555%))
  Logic Levels:           3  (CARRY4=2 LUT5=1)
  Clock Path Skew:        3.211ns (DCD - SCD + CPR)
    Destination Clock Delay (DCD):    4.863ns = ( 28.863 - 24.000 ) 
    Source Clock Delay      (SCD):    1.652ns = ( 21.652 - 20.000 ) 
    Clock Pessimism Removal (CPR):    0.000ns
  Clock Uncertainty:      0.177ns  ((TSJ^2 + DJ^2)^1/2) / 2 + PE
    Total System Jitter     (TSJ):    0.071ns
    Discrete Jitter          (DJ):    0.144ns
    Phase Error              (PE):    0.097ns
  Clock Domain Crossing:  Inter clock paths are considered valid unless explicitly excluded by timing constraints such as set_clock_groups or set_false_path.

    Location             Delay type                Incr(ns)  Path(ns)    Netlist Resource(s)
  -------------------------------------------------------------------    -------------------
                         (clock clk50mhz_clk_wiz_1 rise edge)
                                                     20.000    20.000 r  
    BUFGCTRL_X0Y16       BUFG                         0.000    20.000 r  clk_IBUF_BUFG_inst/O
                         net (fo=959, routed)         1.680    21.680    inst_divisor/inst/clk
    MMCME2_ADV_X0Y0      MMCME2_ADV (Prop_mmcme2_adv_CLKIN1_CLKOUT0)
                                                     -3.538    18.142 r  inst_divisor/inst/mmcm_adv_inst/CLKOUT0
                         net (fo=1, routed)           1.760    19.902    inst_divisor/inst/clk50mhz_clk_wiz_1
    BUFGCTRL_X0Y0        BUFG (Prop_bufg_I_O)         0.101    20.003 r  inst_divisor/inst/clkout1_buf/O
                         net (fo=922, routed)         1.649    21.652    Inst_md_io/clk50mhz
    SLICE_X16Y78         FDRE                                         r  Inst_md_io/head_y_reg[0]/C
  -------------------------------------------------------------------    -------------------
    SLICE_X16Y78         FDRE (Prop_fdre_C_Q)         0.518    22.170 r  Inst_md_io/head_y_reg[0]/Q
                         net (fo=178, routed)         5.872    28.042    Inst_md_io/Inst_VGA/rand_y_unit/prev_chaos_reg_0
    SLICE_X31Y76         LUT5 (Prop_lut5_I3_O)        0.124    28.166 r  Inst_md_io/Inst_VGA/rand_y_unit/counter[4]_i_9__0/O
                         net (fo=1, routed)           0.000    28.166    Inst_md_io/Inst_VGA/rand_y_unit/counter[4]_i_9__0_n_0
    SLICE_X31Y76         CARRY4 (Prop_carry4_S[0]_CO[3])
                                                      0.532    28.698 r  Inst_md_io/Inst_VGA/rand_y_unit/counter_reg[4]_i_1__0/CO[3]
                         net (fo=1, routed)           0.000    28.698    Inst_md_io/Inst_VGA/rand_y_unit/counter_reg[4]_i_1__0_n_0
    SLICE_X31Y77         CARRY4 (Prop_carry4_CI_O[2])
                                                      0.239    28.937 r  Inst_md_io/Inst_VGA/rand_y_unit/counter_reg[8]_i_1__0/O[2]
                         net (fo=3, routed)           2.496    31.434    Inst_md_io/Inst_VGA/rand_y_unit/counter_reg[8]_i_1__0_n_5
    SLICE_X31Y77         FDRE                                         r  Inst_md_io/Inst_VGA/rand_y_unit/counter_reg[10]_replica/D
  -------------------------------------------------------------------    -------------------

                         (clock sys_clk_pin rise edge)
                                                     24.000    24.000 r  
    L16                                               0.000    24.000 r  clk (IN)
                         net (fo=0)                   0.000    24.000    clk
    L16                  IBUF (Prop_ibuf_I_O)         1.421    25.421 r  clk_IBUF_inst/O
                         net (fo=1, routed)           1.880    27.301    clk_IBUF
    BUFGCTRL_X0Y16       BUFG (Prop_bufg_I_O)         0.091    27.392 r  clk_IBUF_BUFG_inst/O
                         net (fo=959, routed)         1.472    28.863    Inst_md_io/Inst_VGA/rand_y_unit/clk
    SLICE_X31Y77         FDRE                                         r  Inst_md_io/Inst_VGA/rand_y_unit/counter_reg[10]_replica/C
                         clock pessimism              0.000    28.863    
                         clock uncertainty           -0.177    28.686    
    SLICE_X31Y77         FDRE (Setup_fdre_C_D)       -0.245    28.441    Inst_md_io/Inst_VGA/rand_y_unit/counter_reg[10]_replica
  -------------------------------------------------------------------
                         required time                         28.441    
                         arrival time                         -31.434    
  -------------------------------------------------------------------
                         slack                                 -2.993    

Slack (VIOLATED) :        -2.991ns  (required time - arrival time)
  Source:                 Inst_md_io/head_y_reg[0]/C
                            (rising edge-triggered cell FDRE clocked by clk50mhz_clk_wiz_1  {rise@0.000ns fall@10.000ns period=20.000ns})
  Destination:            Inst_md_io/Inst_VGA/rand_y_unit/counter_reg[15]/D
                            (rising edge-triggered cell FDRE clocked by sys_clk_pin  {rise@0.000ns fall@4.000ns period=8.000ns})
  Path Group:             sys_clk_pin
  Path Type:              Setup (Max at Slow Process Corner)
  Requirement:            4.000ns  (sys_clk_pin rise@24.000ns - clk50mhz_clk_wiz_1 rise@20.000ns)
  Data Path Delay:        9.784ns  (logic 1.601ns (16.364%)  route 8.183ns (83.636%))
  Logic Levels:           4  (CARRY4=3 LUT5=1)
  Clock Path Skew:        3.209ns (DCD - SCD + CPR)
    Destination Clock Delay (DCD):    4.861ns = ( 28.861 - 24.000 ) 
    Source Clock Delay      (SCD):    1.652ns = ( 21.652 - 20.000 ) 
    Clock Pessimism Removal (CPR):    0.000ns
  Clock Uncertainty:      0.177ns  ((TSJ^2 + DJ^2)^1/2) / 2 + PE
    Total System Jitter     (TSJ):    0.071ns
    Discrete Jitter          (DJ):    0.144ns
    Phase Error              (PE):    0.097ns
  Clock Domain Crossing:  Inter clock paths are considered valid unless explicitly excluded by timing constraints such as set_clock_groups or set_false_path.

    Location             Delay type                Incr(ns)  Path(ns)    Netlist Resource(s)
  -------------------------------------------------------------------    -------------------
                         (clock clk50mhz_clk_wiz_1 rise edge)
                                                     20.000    20.000 r  
    BUFGCTRL_X0Y16       BUFG                         0.000    20.000 r  clk_IBUF_BUFG_inst/O
                         net (fo=959, routed)         1.680    21.680    inst_divisor/inst/clk
    MMCME2_ADV_X0Y0      MMCME2_ADV (Prop_mmcme2_adv_CLKIN1_CLKOUT0)
                                                     -3.538    18.142 r  inst_divisor/inst/mmcm_adv_inst/CLKOUT0
                         net (fo=1, routed)           1.760    19.902    inst_divisor/inst/clk50mhz_clk_wiz_1
    BUFGCTRL_X0Y0        BUFG (Prop_bufg_I_O)         0.101    20.003 r  inst_divisor/inst/clkout1_buf/O
                         net (fo=922, routed)         1.649    21.652    Inst_md_io/clk50mhz
    SLICE_X16Y78         FDRE                                         r  Inst_md_io/head_y_reg[0]/C
  -------------------------------------------------------------------    -------------------
    SLICE_X16Y78         FDRE (Prop_fdre_C_Q)         0.518    22.170 r  Inst_md_io/head_y_reg[0]/Q
                         net (fo=178, routed)         5.872    28.042    Inst_md_io/Inst_VGA/rand_y_unit/prev_chaos_reg_0
    SLICE_X31Y76         LUT5 (Prop_lut5_I3_O)        0.124    28.166 r  Inst_md_io/Inst_VGA/rand_y_unit/counter[4]_i_9__0/O
                         net (fo=1, routed)           0.000    28.166    Inst_md_io/Inst_VGA/rand_y_unit/counter[4]_i_9__0_n_0
    SLICE_X31Y76         CARRY4 (Prop_carry4_S[0]_CO[3])
                                                      0.532    28.698 r  Inst_md_io/Inst_VGA/rand_y_unit/counter_reg[4]_i_1__0/CO[3]
                         net (fo=1, routed)           0.000    28.698    Inst_md_io/Inst_VGA/rand_y_unit/counter_reg[4]_i_1__0_n_0
    SLICE_X31Y77         CARRY4 (Prop_carry4_CI_CO[3])
                                                      0.114    28.812 r  Inst_md_io/Inst_VGA/rand_y_unit/counter_reg[8]_i_1__0/CO[3]
                         net (fo=1, routed)           0.000    28.812    Inst_md_io/Inst_VGA/rand_y_unit/counter_reg[8]_i_1__0_n_0
    SLICE_X31Y78         CARRY4 (Prop_carry4_CI_O[3])
                                                      0.313    29.125 r  Inst_md_io/Inst_VGA/rand_y_unit/counter_reg[12]_i_1__0/O[3]
                         net (fo=1, routed)           2.310    31.436    Inst_md_io/Inst_VGA/rand_y_unit/counter_reg[12]_i_1__0_n_4
    SLICE_X25Y78         FDRE                                         r  Inst_md_io/Inst_VGA/rand_y_unit/counter_reg[15]/D
  -------------------------------------------------------------------    -------------------

                         (clock sys_clk_pin rise edge)
                                                     24.000    24.000 r  
    L16                                               0.000    24.000 r  clk (IN)
                         net (fo=0)                   0.000    24.000    clk
    L16                  IBUF (Prop_ibuf_I_O)         1.421    25.421 r  clk_IBUF_inst/O
                         net (fo=1, routed)           1.880    27.301    clk_IBUF
    BUFGCTRL_X0Y16       BUFG (Prop_bufg_I_O)         0.091    27.392 r  clk_IBUF_BUFG_inst/O
                         net (fo=959, routed)         1.470    28.861    Inst_md_io/Inst_VGA/rand_y_unit/clk
    SLICE_X25Y78         FDRE                                         r  Inst_md_io/Inst_VGA/rand_y_unit/counter_reg[15]/C
                         clock pessimism              0.000    28.861    
                         clock uncertainty           -0.177    28.684    
    SLICE_X25Y78         FDRE (Setup_fdre_C_D)       -0.240    28.444    Inst_md_io/Inst_VGA/rand_y_unit/counter_reg[15]
  -------------------------------------------------------------------
                         required time                         28.444    
                         arrival time                         -31.436    
  -------------------------------------------------------------------
                         slack                                 -2.991    

Slack (VIOLATED) :        -2.985ns  (required time - arrival time)
  Source:                 Inst_md_io/head_y_reg[0]/C
                            (rising edge-triggered cell FDRE clocked by clk50mhz_clk_wiz_1  {rise@0.000ns fall@10.000ns period=20.000ns})
  Destination:            Inst_md_io/Inst_VGA/rand_y_unit/counter_reg[10]/D
                            (rising edge-triggered cell FDRE clocked by sys_clk_pin  {rise@0.000ns fall@4.000ns period=8.000ns})
  Path Group:             sys_clk_pin
  Path Type:              Setup (Max at Slow Process Corner)
  Requirement:            4.000ns  (sys_clk_pin rise@24.000ns - clk50mhz_clk_wiz_1 rise@20.000ns)
  Data Path Delay:        9.757ns  (logic 1.413ns (14.482%)  route 8.344ns (85.518%))
  Logic Levels:           3  (CARRY4=2 LUT5=1)
  Clock Path Skew:        3.207ns (DCD - SCD + CPR)
    Destination Clock Delay (DCD):    4.859ns = ( 28.859 - 24.000 ) 
    Source Clock Delay      (SCD):    1.652ns = ( 21.652 - 20.000 ) 
    Clock Pessimism Removal (CPR):    0.000ns
  Clock Uncertainty:      0.177ns  ((TSJ^2 + DJ^2)^1/2) / 2 + PE
    Total System Jitter     (TSJ):    0.071ns
    Discrete Jitter          (DJ):    0.144ns
    Phase Error              (PE):    0.097ns
  Clock Domain Crossing:  Inter clock paths are considered valid unless explicitly excluded by timing constraints such as set_clock_groups or set_false_path.

    Location             Delay type                Incr(ns)  Path(ns)    Netlist Resource(s)
  -------------------------------------------------------------------    -------------------
                         (clock clk50mhz_clk_wiz_1 rise edge)
                                                     20.000    20.000 r  
    BUFGCTRL_X0Y16       BUFG                         0.000    20.000 r  clk_IBUF_BUFG_inst/O
                         net (fo=959, routed)         1.680    21.680    inst_divisor/inst/clk
    MMCME2_ADV_X0Y0      MMCME2_ADV (Prop_mmcme2_adv_CLKIN1_CLKOUT0)
                                                     -3.538    18.142 r  inst_divisor/inst/mmcm_adv_inst/CLKOUT0
                         net (fo=1, routed)           1.760    19.902    inst_divisor/inst/clk50mhz_clk_wiz_1
    BUFGCTRL_X0Y0        BUFG (Prop_bufg_I_O)         0.101    20.003 r  inst_divisor/inst/clkout1_buf/O
                         net (fo=922, routed)         1.649    21.652    Inst_md_io/clk50mhz
    SLICE_X16Y78         FDRE                                         r  Inst_md_io/head_y_reg[0]/C
  -------------------------------------------------------------------    -------------------
    SLICE_X16Y78         FDRE (Prop_fdre_C_Q)         0.518    22.170 r  Inst_md_io/head_y_reg[0]/Q
                         net (fo=178, routed)         5.872    28.042    Inst_md_io/Inst_VGA/rand_y_unit/prev_chaos_reg_0
    SLICE_X31Y76         LUT5 (Prop_lut5_I3_O)        0.124    28.166 r  Inst_md_io/Inst_VGA/rand_y_unit/counter[4]_i_9__0/O
                         net (fo=1, routed)           0.000    28.166    Inst_md_io/Inst_VGA/rand_y_unit/counter[4]_i_9__0_n_0
    SLICE_X31Y76         CARRY4 (Prop_carry4_S[0]_CO[3])
                                                      0.532    28.698 r  Inst_md_io/Inst_VGA/rand_y_unit/counter_reg[4]_i_1__0/CO[3]
                         net (fo=1, routed)           0.000    28.698    Inst_md_io/Inst_VGA/rand_y_unit/counter_reg[4]_i_1__0_n_0
    SLICE_X31Y77         CARRY4 (Prop_carry4_CI_O[2])
                                                      0.239    28.937 r  Inst_md_io/Inst_VGA/rand_y_unit/counter_reg[8]_i_1__0/O[2]
                         net (fo=3, routed)           2.471    31.409    Inst_md_io/Inst_VGA/rand_y_unit/counter_reg[8]_i_1__0_n_5
    SLICE_X25Y77         FDRE                                         r  Inst_md_io/Inst_VGA/rand_y_unit/counter_reg[10]/D
  -------------------------------------------------------------------    -------------------

                         (clock sys_clk_pin rise edge)
                                                     24.000    24.000 r  
    L16                                               0.000    24.000 r  clk (IN)
                         net (fo=0)                   0.000    24.000    clk
    L16                  IBUF (Prop_ibuf_I_O)         1.421    25.421 r  clk_IBUF_inst/O
                         net (fo=1, routed)           1.880    27.301    clk_IBUF
    BUFGCTRL_X0Y16       BUFG (Prop_bufg_I_O)         0.091    27.392 r  clk_IBUF_BUFG_inst/O
                         net (fo=959, routed)         1.468    28.859    Inst_md_io/Inst_VGA/rand_y_unit/clk
    SLICE_X25Y77         FDRE                                         r  Inst_md_io/Inst_VGA/rand_y_unit/counter_reg[10]/C
                         clock pessimism              0.000    28.859    
                         clock uncertainty           -0.177    28.682    
    SLICE_X25Y77         FDRE (Setup_fdre_C_D)       -0.259    28.423    Inst_md_io/Inst_VGA/rand_y_unit/counter_reg[10]
  -------------------------------------------------------------------
                         required time                         28.423    
                         arrival time                         -31.409    
  -------------------------------------------------------------------
                         slack                                 -2.985    

Slack (VIOLATED) :        -2.955ns  (required time - arrival time)
  Source:                 Inst_md_io/head_y_reg[0]/C
                            (rising edge-triggered cell FDRE clocked by clk50mhz_clk_wiz_1  {rise@0.000ns fall@10.000ns period=20.000ns})
  Destination:            Inst_md_io/Inst_VGA/rand_y_unit/counter_reg[8]_replica_1/D
                            (rising edge-triggered cell FDRE clocked by sys_clk_pin  {rise@0.000ns fall@4.000ns period=8.000ns})
  Path Group:             sys_clk_pin
  Path Type:              Setup (Max at Slow Process Corner)
  Requirement:            4.000ns  (sys_clk_pin rise@24.000ns - clk50mhz_clk_wiz_1 rise@20.000ns)
  Data Path Delay:        9.750ns  (logic 1.396ns (14.318%)  route 8.354ns (85.682%))
  Logic Levels:           3  (CARRY4=2 LUT5=1)
  Clock Path Skew:        3.208ns (DCD - SCD + CPR)
    Destination Clock Delay (DCD):    4.860ns = ( 28.860 - 24.000 ) 
    Source Clock Delay      (SCD):    1.652ns = ( 21.652 - 20.000 ) 
    Clock Pessimism Removal (CPR):    0.000ns
  Clock Uncertainty:      0.177ns  ((TSJ^2 + DJ^2)^1/2) / 2 + PE
    Total System Jitter     (TSJ):    0.071ns
    Discrete Jitter          (DJ):    0.144ns
    Phase Error              (PE):    0.097ns
  Clock Domain Crossing:  Inter clock paths are considered valid unless explicitly excluded by timing constraints such as set_clock_groups or set_false_path.

    Location             Delay type                Incr(ns)  Path(ns)    Netlist Resource(s)
  -------------------------------------------------------------------    -------------------
                         (clock clk50mhz_clk_wiz_1 rise edge)
                                                     20.000    20.000 r  
    BUFGCTRL_X0Y16       BUFG                         0.000    20.000 r  clk_IBUF_BUFG_inst/O
                         net (fo=959, routed)         1.680    21.680    inst_divisor/inst/clk
    MMCME2_ADV_X0Y0      MMCME2_ADV (Prop_mmcme2_adv_CLKIN1_CLKOUT0)
                                                     -3.538    18.142 r  inst_divisor/inst/mmcm_adv_inst/CLKOUT0
                         net (fo=1, routed)           1.760    19.902    inst_divisor/inst/clk50mhz_clk_wiz_1
    BUFGCTRL_X0Y0        BUFG (Prop_bufg_I_O)         0.101    20.003 r  inst_divisor/inst/clkout1_buf/O
                         net (fo=922, routed)         1.649    21.652    Inst_md_io/clk50mhz
    SLICE_X16Y78         FDRE                                         r  Inst_md_io/head_y_reg[0]/C
  -------------------------------------------------------------------    -------------------
    SLICE_X16Y78         FDRE (Prop_fdre_C_Q)         0.518    22.170 r  Inst_md_io/head_y_reg[0]/Q
                         net (fo=178, routed)         5.872    28.042    Inst_md_io/Inst_VGA/rand_y_unit/prev_chaos_reg_0
    SLICE_X31Y76         LUT5 (Prop_lut5_I3_O)        0.124    28.166 r  Inst_md_io/Inst_VGA/rand_y_unit/counter[4]_i_9__0/O
                         net (fo=1, routed)           0.000    28.166    Inst_md_io/Inst_VGA/rand_y_unit/counter[4]_i_9__0_n_0
    SLICE_X31Y76         CARRY4 (Prop_carry4_S[0]_CO[3])
                                                      0.532    28.698 r  Inst_md_io/Inst_VGA/rand_y_unit/counter_reg[4]_i_1__0/CO[3]
                         net (fo=1, routed)           0.000    28.698    Inst_md_io/Inst_VGA/rand_y_unit/counter_reg[4]_i_1__0_n_0
    SLICE_X31Y77         CARRY4 (Prop_carry4_CI_O[0])
                                                      0.222    28.920 r  Inst_md_io/Inst_VGA/rand_y_unit/counter_reg[8]_i_1__0/O[0]
                         net (fo=3, routed)           2.482    31.402    Inst_md_io/Inst_VGA/rand_y_unit/counter_reg[8]_i_1__0_n_7
    SLICE_X27Y75         FDRE                                         r  Inst_md_io/Inst_VGA/rand_y_unit/counter_reg[8]_replica_1/D
  -------------------------------------------------------------------    -------------------

                         (clock sys_clk_pin rise edge)
                                                     24.000    24.000 r  
    L16                                               0.000    24.000 r  clk (IN)
                         net (fo=0)                   0.000    24.000    clk
    L16                  IBUF (Prop_ibuf_I_O)         1.421    25.421 r  clk_IBUF_inst/O
                         net (fo=1, routed)           1.880    27.301    clk_IBUF
    BUFGCTRL_X0Y16       BUFG (Prop_bufg_I_O)         0.091    27.392 r  clk_IBUF_BUFG_inst/O
                         net (fo=959, routed)         1.469    28.860    Inst_md_io/Inst_VGA/rand_y_unit/clk
    SLICE_X27Y75         FDRE                                         r  Inst_md_io/Inst_VGA/rand_y_unit/counter_reg[8]_replica_1/C
                         clock pessimism              0.000    28.860    
                         clock uncertainty           -0.177    28.683    
    SLICE_X27Y75         FDRE (Setup_fdre_C_D)       -0.236    28.447    Inst_md_io/Inst_VGA/rand_y_unit/counter_reg[8]_replica_1
  -------------------------------------------------------------------
                         required time                         28.447    
                         arrival time                         -31.402    
  -------------------------------------------------------------------
                         slack                                 -2.955    





Min Delay Paths
--------------------------------------------------------------------------------------
Slack (MET) :             0.025ns  (arrival time - required time)
  Source:                 Inst_md_io/head_y_reg[0]/C
                            (rising edge-triggered cell FDRE clocked by clk50mhz_clk_wiz_1  {rise@0.000ns fall@10.000ns period=20.000ns})
  Destination:            Inst_md_io/Inst_VGA/rand_y_unit/counter_reg[14]/D
                            (rising edge-triggered cell FDRE clocked by sys_clk_pin  {rise@0.000ns fall@4.000ns period=8.000ns})
  Path Group:             sys_clk_pin
  Path Type:              Hold (Min at Slow Process Corner)
  Requirement:            0.000ns  (sys_clk_pin rise@0.000ns - clk50mhz_clk_wiz_1 rise@0.000ns)
  Data Path Delay:        4.331ns  (logic 1.092ns (25.213%)  route 3.239ns (74.787%))
  Logic Levels:           4  (CARRY4=3 LUT4=1)
  Clock Path Skew:        3.834ns (DCD - SCD - CPR)
    Destination Clock Delay (DCD):    5.314ns
    Source Clock Delay      (SCD):    1.481ns
    Clock Pessimism Removal (CPR):    -0.000ns
  Clock Uncertainty:      0.177ns  ((TSJ^2 + DJ^2)^1/2) / 2 + PE
    Total System Jitter     (TSJ):    0.071ns
    Discrete Jitter          (DJ):    0.144ns
    Phase Error              (PE):    0.097ns
  Clock Domain Crossing:  Inter clock paths are considered valid unless explicitly excluded by timing constraints such as set_clock_groups or set_false_path.

    Location             Delay type                Incr(ns)  Path(ns)    Netlist Resource(s)
  -------------------------------------------------------------------    -------------------
                         (clock clk50mhz_clk_wiz_1 rise edge)
                                                      0.000     0.000 r  
    BUFGCTRL_X0Y16       BUFG                         0.000     0.000 r  clk_IBUF_BUFG_inst/O
                         net (fo=959, routed)         1.490     1.490    inst_divisor/inst/clk
    MMCME2_ADV_X0Y0      MMCME2_ADV (Prop_mmcme2_adv_CLKIN1_CLKOUT0)
                                                     -3.177    -1.687 r  inst_divisor/inst/mmcm_adv_inst/CLKOUT0
                         net (fo=1, routed)           1.599    -0.088    inst_divisor/inst/clk50mhz_clk_wiz_1
    BUFGCTRL_X0Y0        BUFG (Prop_bufg_I_O)         0.091     0.003 r  inst_divisor/inst/clkout1_buf/O
                         net (fo=922, routed)         1.478     1.481    Inst_md_io/clk50mhz
    SLICE_X16Y78         FDRE                                         r  Inst_md_io/head_y_reg[0]/C
  -------------------------------------------------------------------    -------------------
    SLICE_X16Y78         FDRE (Prop_fdre_C_Q)         0.418     1.899 r  Inst_md_io/head_y_reg[0]/Q
                         net (fo=178, routed)         3.239     5.138    Inst_md_io/Inst_VGA/rand_y_unit/prev_chaos_reg_0
    SLICE_X31Y76         LUT4 (Prop_lut4_I1_O)        0.121     5.259 r  Inst_md_io/Inst_VGA/rand_y_unit/counter[4]_i_2__0/O
                         net (fo=1, routed)           0.000     5.259    Inst_md_io/Inst_VGA/rand_y_unit/counter[4]_i_2__0_n_0
    SLICE_X31Y76         CARRY4 (Prop_carry4_DI[3]_CO[3])
                                                      0.269     5.528 r  Inst_md_io/Inst_VGA/rand_y_unit/counter_reg[4]_i_1__0/CO[3]
                         net (fo=1, routed)           0.000     5.528    Inst_md_io/Inst_VGA/rand_y_unit/counter_reg[4]_i_1__0_n_0
    SLICE_X31Y77         CARRY4 (Prop_carry4_CI_CO[3])
                                                      0.092     5.620 r  Inst_md_io/Inst_VGA/rand_y_unit/counter_reg[8]_i_1__0/CO[3]
                         net (fo=1, routed)           0.000     5.620    Inst_md_io/Inst_VGA/rand_y_unit/counter_reg[8]_i_1__0_n_0
    SLICE_X31Y78         CARRY4 (Prop_carry4_CI_O[2])
                                                      0.192     5.812 r  Inst_md_io/Inst_VGA/rand_y_unit/counter_reg[12]_i_1__0/O[2]
                         net (fo=1, routed)           0.000     5.812    Inst_md_io/Inst_VGA/rand_y_unit/counter_reg[12]_i_1__0_n_5
    SLICE_X31Y78         FDRE                                         r  Inst_md_io/Inst_VGA/rand_y_unit/counter_reg[14]/D
  -------------------------------------------------------------------    -------------------

                         (clock sys_clk_pin rise edge)
                                                      0.000     0.000 r  
    L16                                               0.000     0.000 r  clk (IN)
                         net (fo=0)                   0.000     0.000    clk
    L16                  IBUF (Prop_ibuf_I_O)         1.491     1.491 r  clk_IBUF_inst/O
                         net (fo=1, routed)           2.076     3.567    clk_IBUF
    BUFGCTRL_X0Y16       BUFG (Prop_bufg_I_O)         0.101     3.668 r  clk_IBUF_BUFG_inst/O
                         net (fo=959, routed)         1.646     5.314    Inst_md_io/Inst_VGA/rand_y_unit/clk
    SLICE_X31Y78         FDRE                                         r  Inst_md_io/Inst_VGA/rand_y_unit/counter_reg[14]/C
                         clock pessimism              0.000     5.314    
                         clock uncertainty            0.177     5.491    
    SLICE_X31Y78         FDRE (Hold_fdre_C_D)         0.295     5.786    Inst_md_io/Inst_VGA/rand_y_unit/counter_reg[14]
  -------------------------------------------------------------------
                         required time                         -5.786    
                         arrival time                           5.812    
  -------------------------------------------------------------------
                         slack                                  0.025    

Slack (MET) :             0.031ns  (arrival time - required time)
  Source:                 Inst_md_io/head_y_reg[0]/C
                            (rising edge-triggered cell FDRE clocked by clk50mhz_clk_wiz_1  {rise@0.000ns fall@10.000ns period=20.000ns})
  Destination:            Inst_md_io/Inst_VGA/rand_y_unit/counter_reg[13]/D
                            (rising edge-triggered cell FDRE clocked by sys_clk_pin  {rise@0.000ns fall@4.000ns period=8.000ns})
  Path Group:             sys_clk_pin
  Path Type:              Hold (Min at Slow Process Corner)
  Requirement:            0.000ns  (sys_clk_pin rise@0.000ns - clk50mhz_clk_wiz_1 rise@0.000ns)
  Data Path Delay:        4.337ns  (logic 0.692ns (15.956%)  route 3.645ns (84.044%))
  Logic Levels:           2  (CARRY4=1 LUT5=1)
  Clock Path Skew:        3.834ns (DCD - SCD - CPR)
    Destination Clock Delay (DCD):    5.314ns
    Source Clock Delay      (SCD):    1.481ns
    Clock Pessimism Removal (CPR):    -0.000ns
  Clock Uncertainty:      0.177ns  ((TSJ^2 + DJ^2)^1/2) / 2 + PE
    Total System Jitter     (TSJ):    0.071ns
    Discrete Jitter          (DJ):    0.144ns
    Phase Error              (PE):    0.097ns
  Clock Domain Crossing:  Inter clock paths are considered valid unless explicitly excluded by timing constraints such as set_clock_groups or set_false_path.

    Location             Delay type                Incr(ns)  Path(ns)    Netlist Resource(s)
  -------------------------------------------------------------------    -------------------
                         (clock clk50mhz_clk_wiz_1 rise edge)
                                                      0.000     0.000 r  
    BUFGCTRL_X0Y16       BUFG                         0.000     0.000 r  clk_IBUF_BUFG_inst/O
                         net (fo=959, routed)         1.490     1.490    inst_divisor/inst/clk
    MMCME2_ADV_X0Y0      MMCME2_ADV (Prop_mmcme2_adv_CLKIN1_CLKOUT0)
                                                     -3.177    -1.687 r  inst_divisor/inst/mmcm_adv_inst/CLKOUT0
                         net (fo=1, routed)           1.599    -0.088    inst_divisor/inst/clk50mhz_clk_wiz_1
    BUFGCTRL_X0Y0        BUFG (Prop_bufg_I_O)         0.091     0.003 r  inst_divisor/inst/clkout1_buf/O
                         net (fo=922, routed)         1.478     1.481    Inst_md_io/clk50mhz
    SLICE_X16Y78         FDRE                                         r  Inst_md_io/head_y_reg[0]/C
  -------------------------------------------------------------------    -------------------
    SLICE_X16Y78         FDRE (Prop_fdre_C_Q)         0.418     1.899 r  Inst_md_io/head_y_reg[0]/Q
                         net (fo=178, routed)         3.645     5.544    Inst_md_io/Inst_VGA/rand_y_unit/prev_chaos_reg_0
    SLICE_X31Y78         LUT5 (Prop_lut5_I3_O)        0.100     5.644 r  Inst_md_io/Inst_VGA/rand_y_unit/counter[12]_i_8__0/O
                         net (fo=1, routed)           0.000     5.644    Inst_md_io/Inst_VGA/rand_y_unit/counter[12]_i_8__0_n_0
    SLICE_X31Y78         CARRY4 (Prop_carry4_S[1]_O[1])
                                                      0.174     5.818 r  Inst_md_io/Inst_VGA/rand_y_unit/counter_reg[12]_i_1__0/O[1]
                         net (fo=1, routed)           0.000     5.818    Inst_md_io/Inst_VGA/rand_y_unit/counter_reg[12]_i_1__0_n_6
    SLICE_X31Y78         FDRE                                         r  Inst_md_io/Inst_VGA/rand_y_unit/counter_reg[13]/D
  -------------------------------------------------------------------    -------------------

                         (clock sys_clk_pin rise edge)
                                                      0.000     0.000 r  
    L16                                               0.000     0.000 r  clk (IN)
                         net (fo=0)                   0.000     0.000    clk
    L16                  IBUF (Prop_ibuf_I_O)         1.491     1.491 r  clk_IBUF_inst/O
                         net (fo=1, routed)           2.076     3.567    clk_IBUF
    BUFGCTRL_X0Y16       BUFG (Prop_bufg_I_O)         0.101     3.668 r  clk_IBUF_BUFG_inst/O
                         net (fo=959, routed)         1.646     5.314    Inst_md_io/Inst_VGA/rand_y_unit/clk
    SLICE_X31Y78         FDRE                                         r  Inst_md_io/Inst_VGA/rand_y_unit/counter_reg[13]/C
                         clock pessimism              0.000     5.314    
                         clock uncertainty            0.177     5.491    
    SLICE_X31Y78         FDRE (Hold_fdre_C_D)         0.295     5.786    Inst_md_io/Inst_VGA/rand_y_unit/counter_reg[13]
  -------------------------------------------------------------------
                         required time                         -5.786    
                         arrival time                           5.818    
  -------------------------------------------------------------------
                         slack                                  0.031    

Slack (MET) :             0.057ns  (arrival time - required time)
  Source:                 Inst_md_io/head_y_reg[5]/C
                            (rising edge-triggered cell FDRE clocked by clk50mhz_clk_wiz_1  {rise@0.000ns fall@10.000ns period=20.000ns})
  Destination:            Inst_md_io/Inst_VGA/read_x_reg/D
                            (rising edge-triggered cell FDRE clocked by sys_clk_pin  {rise@0.000ns fall@4.000ns period=8.000ns})
  Path Group:             sys_clk_pin
  Path Type:              Hold (Min at Slow Process Corner)
  Requirement:            0.000ns  (sys_clk_pin rise@0.000ns - clk50mhz_clk_wiz_1 rise@0.000ns)
  Data Path Delay:        4.333ns  (logic 0.718ns (16.572%)  route 3.615ns (83.428%))
  Logic Levels:           3  (LUT4=1 LUT5=1 LUT6=1)
  Clock Path Skew:        3.830ns (DCD - SCD - CPR)
    Destination Clock Delay (DCD):    5.310ns
    Source Clock Delay      (SCD):    1.481ns
    Clock Pessimism Removal (CPR):    -0.000ns
  Clock Uncertainty:      0.177ns  ((TSJ^2 + DJ^2)^1/2) / 2 + PE
    Total System Jitter     (TSJ):    0.071ns
    Discrete Jitter          (DJ):    0.144ns
    Phase Error              (PE):    0.097ns
  Clock Domain Crossing:  Inter clock paths are considered valid unless explicitly excluded by timing constraints such as set_clock_groups or set_false_path.

    Location             Delay type                Incr(ns)  Path(ns)    Netlist Resource(s)
  -------------------------------------------------------------------    -------------------
                         (clock clk50mhz_clk_wiz_1 rise edge)
                                                      0.000     0.000 r  
    BUFGCTRL_X0Y16       BUFG                         0.000     0.000 r  clk_IBUF_BUFG_inst/O
                         net (fo=959, routed)         1.490     1.490    inst_divisor/inst/clk
    MMCME2_ADV_X0Y0      MMCME2_ADV (Prop_mmcme2_adv_CLKIN1_CLKOUT0)
                                                     -3.177    -1.687 r  inst_divisor/inst/mmcm_adv_inst/CLKOUT0
                         net (fo=1, routed)           1.599    -0.088    inst_divisor/inst/clk50mhz_clk_wiz_1
    BUFGCTRL_X0Y0        BUFG (Prop_bufg_I_O)         0.091     0.003 r  inst_divisor/inst/clkout1_buf/O
                         net (fo=922, routed)         1.478     1.481    Inst_md_io/clk50mhz
    SLICE_X16Y78         FDRE                                         r  Inst_md_io/head_y_reg[5]/C
  -------------------------------------------------------------------    -------------------
    SLICE_X16Y78         FDRE (Prop_fdre_C_Q)         0.418     1.899 r  Inst_md_io/head_y_reg[5]/Q
                         net (fo=102, routed)         1.250     3.148    Inst_md_io/Inst_VGA/rand_y_unit/head_y[4]
    SLICE_X10Y69         LUT6 (Prop_lut6_I3_O)        0.100     3.248 f  Inst_md_io/Inst_VGA/rand_y_unit/read_x_i_4/O
                         net (fo=1, routed)           0.922     4.171    Inst_md_io/Inst_VGA/rand_y_unit/read_x_i_4_n_0
    SLICE_X10Y69         LUT4 (Prop_lut4_I1_O)        0.100     4.271 f  Inst_md_io/Inst_VGA/rand_y_unit/read_x_i_2/O
                         net (fo=2, routed)           1.443     5.713    Inst_md_io/Inst_VGA/rand_y_unit/read_x_i_2_n_0
    SLICE_X22Y70         LUT5 (Prop_lut5_I0_O)        0.100     5.813 r  Inst_md_io/Inst_VGA/rand_y_unit/read_x_i_1/O
                         net (fo=1, routed)           0.000     5.813    Inst_md_io/Inst_VGA/rand_y_unit_n_107
    SLICE_X22Y70         FDRE                                         r  Inst_md_io/Inst_VGA/read_x_reg/D
  -------------------------------------------------------------------    -------------------

                         (clock sys_clk_pin rise edge)
                                                      0.000     0.000 r  
    L16                                               0.000     0.000 r  clk (IN)
                         net (fo=0)                   0.000     0.000    clk
    L16                  IBUF (Prop_ibuf_I_O)         1.491     1.491 r  clk_IBUF_inst/O
                         net (fo=1, routed)           2.076     3.567    clk_IBUF
    BUFGCTRL_X0Y16       BUFG (Prop_bufg_I_O)         0.101     3.668 r  clk_IBUF_BUFG_inst/O
                         net (fo=959, routed)         1.642     5.310    Inst_md_io/Inst_VGA/clk
    SLICE_X22Y70         FDRE                                         r  Inst_md_io/Inst_VGA/read_x_reg/C
                         clock pessimism              0.000     5.310    
                         clock uncertainty            0.177     5.487    
    SLICE_X22Y70         FDRE (Hold_fdre_C_D)         0.269     5.756    Inst_md_io/Inst_VGA/read_x_reg
  -------------------------------------------------------------------
                         required time                         -5.756    
                         arrival time                           5.813    
  -------------------------------------------------------------------
                         slack                                  0.057    

Slack (MET) :             0.066ns  (arrival time - required time)
  Source:                 Inst_md_io/head_y_reg[0]/C
                            (rising edge-triggered cell FDRE clocked by clk50mhz_clk_wiz_1  {rise@0.000ns fall@10.000ns period=20.000ns})
  Destination:            Inst_md_io/Inst_VGA/rand_y_unit/counter_reg[6]/D
                            (rising edge-triggered cell FDRE clocked by sys_clk_pin  {rise@0.000ns fall@4.000ns period=8.000ns})
  Path Group:             sys_clk_pin
  Path Type:              Hold (Min at Slow Process Corner)
  Requirement:            0.000ns  (sys_clk_pin rise@0.000ns - clk50mhz_clk_wiz_1 rise@0.000ns)
  Data Path Delay:        4.368ns  (logic 1.064ns (24.362%)  route 3.304ns (75.638%))
  Logic Levels:           3  (CARRY4=2 LUT4=1)
  Clock Path Skew:        3.830ns (DCD - SCD - CPR)
    Destination Clock Delay (DCD):    5.310ns
    Source Clock Delay      (SCD):    1.481ns
    Clock Pessimism Removal (CPR):    -0.000ns
  Clock Uncertainty:      0.177ns  ((TSJ^2 + DJ^2)^1/2) / 2 + PE
    Total System Jitter     (TSJ):    0.071ns
    Discrete Jitter          (DJ):    0.144ns
    Phase Error              (PE):    0.097ns
  Clock Domain Crossing:  Inter clock paths are considered valid unless explicitly excluded by timing constraints such as set_clock_groups or set_false_path.

    Location             Delay type                Incr(ns)  Path(ns)    Netlist Resource(s)
  -------------------------------------------------------------------    -------------------
                         (clock clk50mhz_clk_wiz_1 rise edge)
                                                      0.000     0.000 r  
    BUFGCTRL_X0Y16       BUFG                         0.000     0.000 r  clk_IBUF_BUFG_inst/O
                         net (fo=959, routed)         1.490     1.490    inst_divisor/inst/clk
    MMCME2_ADV_X0Y0      MMCME2_ADV (Prop_mmcme2_adv_CLKIN1_CLKOUT0)
                                                     -3.177    -1.687 r  inst_divisor/inst/mmcm_adv_inst/CLKOUT0
                         net (fo=1, routed)           1.599    -0.088    inst_divisor/inst/clk50mhz_clk_wiz_1
    BUFGCTRL_X0Y0        BUFG (Prop_bufg_I_O)         0.091     0.003 r  inst_divisor/inst/clkout1_buf/O
                         net (fo=922, routed)         1.478     1.481    Inst_md_io/clk50mhz
    SLICE_X16Y78         FDRE                                         r  Inst_md_io/head_y_reg[0]/C
  -------------------------------------------------------------------    -------------------
    SLICE_X16Y78         FDRE (Prop_fdre_C_Q)         0.418     1.899 r  Inst_md_io/head_y_reg[0]/Q
                         net (fo=178, routed)         3.304     5.202    Inst_md_io/Inst_VGA/rand_y_unit/prev_chaos_reg_0
    SLICE_X31Y75         LUT4 (Prop_lut4_I1_O)        0.096     5.298 r  Inst_md_io/Inst_VGA/rand_y_unit/counter[0]_i_4__0/O
                         net (fo=1, routed)           0.000     5.298    Inst_md_io/Inst_VGA/rand_y_unit/counter[0]_i_4__0_n_0
    SLICE_X31Y75         CARRY4 (Prop_carry4_DI[1]_CO[3])
                                                      0.358     5.656 r  Inst_md_io/Inst_VGA/rand_y_unit/counter_reg[0]_i_1__0/CO[3]
                         net (fo=1, routed)           0.000     5.656    Inst_md_io/Inst_VGA/rand_y_unit/counter_reg[0]_i_1__0_n_0
    SLICE_X31Y76         CARRY4 (Prop_carry4_CI_O[2])
                                                      0.192     5.848 r  Inst_md_io/Inst_VGA/rand_y_unit/counter_reg[4]_i_1__0/O[2]
                         net (fo=1, routed)           0.000     5.848    Inst_md_io/Inst_VGA/rand_y_unit/counter_reg[4]_i_1__0_n_5
    SLICE_X31Y76         FDRE                                         r  Inst_md_io/Inst_VGA/rand_y_unit/counter_reg[6]/D
  -------------------------------------------------------------------    -------------------

                         (clock sys_clk_pin rise edge)
                                                      0.000     0.000 r  
    L16                                               0.000     0.000 r  clk (IN)
                         net (fo=0)                   0.000     0.000    clk
    L16                  IBUF (Prop_ibuf_I_O)         1.491     1.491 r  clk_IBUF_inst/O
                         net (fo=1, routed)           2.076     3.567    clk_IBUF
    BUFGCTRL_X0Y16       BUFG (Prop_bufg_I_O)         0.101     3.668 r  clk_IBUF_BUFG_inst/O
                         net (fo=959, routed)         1.642     5.310    Inst_md_io/Inst_VGA/rand_y_unit/clk
    SLICE_X31Y76         FDRE                                         r  Inst_md_io/Inst_VGA/rand_y_unit/counter_reg[6]/C
                         clock pessimism              0.000     5.310    
                         clock uncertainty            0.177     5.487    
    SLICE_X31Y76         FDRE (Hold_fdre_C_D)         0.295     5.782    Inst_md_io/Inst_VGA/rand_y_unit/counter_reg[6]
  -------------------------------------------------------------------
                         required time                         -5.782    
                         arrival time                           5.848    
  -------------------------------------------------------------------
                         slack                                  0.066    

Slack (MET) :             0.074ns  (arrival time - required time)
  Source:                 Inst_md_io/head_y_reg[0]/C
                            (rising edge-triggered cell FDRE clocked by clk50mhz_clk_wiz_1  {rise@0.000ns fall@10.000ns period=20.000ns})
  Destination:            Inst_md_io/Inst_VGA/rand_y_unit/counter_reg[16]/D
                            (rising edge-triggered cell FDRE clocked by sys_clk_pin  {rise@0.000ns fall@4.000ns period=8.000ns})
  Path Group:             sys_clk_pin
  Path Type:              Hold (Min at Slow Process Corner)
  Requirement:            0.000ns  (sys_clk_pin rise@0.000ns - clk50mhz_clk_wiz_1 rise@0.000ns)
  Data Path Delay:        4.381ns  (logic 1.142ns (26.067%)  route 3.239ns (73.933%))
  Logic Levels:           5  (CARRY4=4 LUT4=1)
  Clock Path Skew:        3.835ns (DCD - SCD - CPR)
    Destination Clock Delay (DCD):    5.315ns
    Source Clock Delay      (SCD):    1.481ns
    Clock Pessimism Removal (CPR):    -0.000ns
  Clock Uncertainty:      0.177ns  ((TSJ^2 + DJ^2)^1/2) / 2 + PE
    Total System Jitter     (TSJ):    0.071ns
    Discrete Jitter          (DJ):    0.144ns
    Phase Error              (PE):    0.097ns
  Clock Domain Crossing:  Inter clock paths are considered valid unless explicitly excluded by timing constraints such as set_clock_groups or set_false_path.

    Location             Delay type                Incr(ns)  Path(ns)    Netlist Resource(s)
  -------------------------------------------------------------------    -------------------
                         (clock clk50mhz_clk_wiz_1 rise edge)
                                                      0.000     0.000 r  
    BUFGCTRL_X0Y16       BUFG                         0.000     0.000 r  clk_IBUF_BUFG_inst/O
                         net (fo=959, routed)         1.490     1.490    inst_divisor/inst/clk
    MMCME2_ADV_X0Y0      MMCME2_ADV (Prop_mmcme2_adv_CLKIN1_CLKOUT0)
                                                     -3.177    -1.687 r  inst_divisor/inst/mmcm_adv_inst/CLKOUT0
                         net (fo=1, routed)           1.599    -0.088    inst_divisor/inst/clk50mhz_clk_wiz_1
    BUFGCTRL_X0Y0        BUFG (Prop_bufg_I_O)         0.091     0.003 r  inst_divisor/inst/clkout1_buf/O
                         net (fo=922, routed)         1.478     1.481    Inst_md_io/clk50mhz
    SLICE_X16Y78         FDRE                                         r  Inst_md_io/head_y_reg[0]/C
  -------------------------------------------------------------------    -------------------
    SLICE_X16Y78         FDRE (Prop_fdre_C_Q)         0.418     1.899 r  Inst_md_io/head_y_reg[0]/Q
                         net (fo=178, routed)         3.239     5.138    Inst_md_io/Inst_VGA/rand_y_unit/prev_chaos_reg_0
    SLICE_X31Y76         LUT4 (Prop_lut4_I1_O)        0.121     5.259 r  Inst_md_io/Inst_VGA/rand_y_unit/counter[4]_i_2__0/O
                         net (fo=1, routed)           0.000     5.259    Inst_md_io/Inst_VGA/rand_y_unit/counter[4]_i_2__0_n_0
    SLICE_X31Y76         CARRY4 (Prop_carry4_DI[3]_CO[3])
                                                      0.269     5.528 r  Inst_md_io/Inst_VGA/rand_y_unit/counter_reg[4]_i_1__0/CO[3]
                         net (fo=1, routed)           0.000     5.528    Inst_md_io/Inst_VGA/rand_y_unit/counter_reg[4]_i_1__0_n_0
    SLICE_X31Y77         CARRY4 (Prop_carry4_CI_CO[3])
                                                      0.092     5.620 r  Inst_md_io/Inst_VGA/rand_y_unit/counter_reg[8]_i_1__0/CO[3]
                         net (fo=1, routed)           0.000     5.620    Inst_md_io/Inst_VGA/rand_y_unit/counter_reg[8]_i_1__0_n_0
    SLICE_X31Y78         CARRY4 (Prop_carry4_CI_CO[3])
                                                      0.092     5.712 r  Inst_md_io/Inst_VGA/rand_y_unit/counter_reg[12]_i_1__0/CO[3]
                         net (fo=1, routed)           0.000     5.712    Inst_md_io/Inst_VGA/rand_y_unit/counter_reg[12]_i_1__0_n_0
    SLICE_X31Y79         CARRY4 (Prop_carry4_CI_O[0])
                                                      0.150     5.862 r  Inst_md_io/Inst_VGA/rand_y_unit/counter_reg[16]_i_1__0/O[0]
                         net (fo=1, routed)           0.000     5.862    Inst_md_io/Inst_VGA/rand_y_unit/counter_reg[16]_i_1__0_n_7
    SLICE_X31Y79         FDRE                                         r  Inst_md_io/Inst_VGA/rand_y_unit/counter_reg[16]/D
  -------------------------------------------------------------------    -------------------

                         (clock sys_clk_pin rise edge)
                                                      0.000     0.000 r  
    L16                                               0.000     0.000 r  clk (IN)
                         net (fo=0)                   0.000     0.000    clk
    L16                  IBUF (Prop_ibuf_I_O)         1.491     1.491 r  clk_IBUF_inst/O
                         net (fo=1, routed)           2.076     3.567    clk_IBUF
    BUFGCTRL_X0Y16       BUFG (Prop_bufg_I_O)         0.101     3.668 r  clk_IBUF_BUFG_inst/O
                         net (fo=959, routed)         1.647     5.315    Inst_md_io/Inst_VGA/rand_y_unit/clk
    SLICE_X31Y79         FDRE                                         r  Inst_md_io/Inst_VGA/rand_y_unit/counter_reg[16]/C
                         clock pessimism              0.000     5.315    
                         clock uncertainty            0.177     5.492    
    SLICE_X31Y79         FDRE (Hold_fdre_C_D)         0.295     5.787    Inst_md_io/Inst_VGA/rand_y_unit/counter_reg[16]
  -------------------------------------------------------------------
                         required time                         -5.787    
                         arrival time                           5.862    
  -------------------------------------------------------------------
                         slack                                  0.074    

Slack (MET) :             0.116ns  (arrival time - required time)
  Source:                 Inst_md_io/head_y_reg[0]/C
                            (rising edge-triggered cell FDRE clocked by clk50mhz_clk_wiz_1  {rise@0.000ns fall@10.000ns period=20.000ns})
  Destination:            Inst_md_io/Inst_VGA/rand_y_unit/counter_reg[18]/D
                            (rising edge-triggered cell FDRE clocked by sys_clk_pin  {rise@0.000ns fall@4.000ns period=8.000ns})
  Path Group:             sys_clk_pin
  Path Type:              Hold (Min at Slow Process Corner)
  Requirement:            0.000ns  (sys_clk_pin rise@0.000ns - clk50mhz_clk_wiz_1 rise@0.000ns)
  Data Path Delay:        4.423ns  (logic 1.184ns (26.769%)  route 3.239ns (73.231%))
  Logic Levels:           5  (CARRY4=4 LUT4=1)
  Clock Path Skew:        3.835ns (DCD - SCD - CPR)
    Destination Clock Delay (DCD):    5.315ns
    Source Clock Delay      (SCD):    1.481ns
    Clock Pessimism Removal (CPR):    -0.000ns
  Clock Uncertainty:      0.177ns  ((TSJ^2 + DJ^2)^1/2) / 2 + PE
    Total System Jitter     (TSJ):    0.071ns
    Discrete Jitter          (DJ):    0.144ns
    Phase Error              (PE):    0.097ns
  Clock Domain Crossing:  Inter clock paths are considered valid unless explicitly excluded by timing constraints such as set_clock_groups or set_false_path.

    Location             Delay type                Incr(ns)  Path(ns)    Netlist Resource(s)
  -------------------------------------------------------------------    -------------------
                         (clock clk50mhz_clk_wiz_1 rise edge)
                                                      0.000     0.000 r  
    BUFGCTRL_X0Y16       BUFG                         0.000     0.000 r  clk_IBUF_BUFG_inst/O
                         net (fo=959, routed)         1.490     1.490    inst_divisor/inst/clk
    MMCME2_ADV_X0Y0      MMCME2_ADV (Prop_mmcme2_adv_CLKIN1_CLKOUT0)
                                                     -3.177    -1.687 r  inst_divisor/inst/mmcm_adv_inst/CLKOUT0
                         net (fo=1, routed)           1.599    -0.088    inst_divisor/inst/clk50mhz_clk_wiz_1
    BUFGCTRL_X0Y0        BUFG (Prop_bufg_I_O)         0.091     0.003 r  inst_divisor/inst/clkout1_buf/O
                         net (fo=922, routed)         1.478     1.481    Inst_md_io/clk50mhz
    SLICE_X16Y78         FDRE                                         r  Inst_md_io/head_y_reg[0]/C
  -------------------------------------------------------------------    -------------------
    SLICE_X16Y78         FDRE (Prop_fdre_C_Q)         0.418     1.899 r  Inst_md_io/head_y_reg[0]/Q
                         net (fo=178, routed)         3.239     5.138    Inst_md_io/Inst_VGA/rand_y_unit/prev_chaos_reg_0
    SLICE_X31Y76         LUT4 (Prop_lut4_I1_O)        0.121     5.259 r  Inst_md_io/Inst_VGA/rand_y_unit/counter[4]_i_2__0/O
                         net (fo=1, routed)           0.000     5.259    Inst_md_io/Inst_VGA/rand_y_unit/counter[4]_i_2__0_n_0
    SLICE_X31Y76         CARRY4 (Prop_carry4_DI[3]_CO[3])
                                                      0.269     5.528 r  Inst_md_io/Inst_VGA/rand_y_unit/counter_reg[4]_i_1__0/CO[3]
                         net (fo=1, routed)           0.000     5.528    Inst_md_io/Inst_VGA/rand_y_unit/counter_reg[4]_i_1__0_n_0
    SLICE_X31Y77         CARRY4 (Prop_carry4_CI_CO[3])
                                                      0.092     5.620 r  Inst_md_io/Inst_VGA/rand_y_unit/counter_reg[8]_i_1__0/CO[3]
                         net (fo=1, routed)           0.000     5.620    Inst_md_io/Inst_VGA/rand_y_unit/counter_reg[8]_i_1__0_n_0
    SLICE_X31Y78         CARRY4 (Prop_carry4_CI_CO[3])
                                                      0.092     5.712 r  Inst_md_io/Inst_VGA/rand_y_unit/counter_reg[12]_i_1__0/CO[3]
                         net (fo=1, routed)           0.000     5.712    Inst_md_io/Inst_VGA/rand_y_unit/counter_reg[12]_i_1__0_n_0
    SLICE_X31Y79         CARRY4 (Prop_carry4_CI_O[2])
                                                      0.192     5.904 r  Inst_md_io/Inst_VGA/rand_y_unit/counter_reg[16]_i_1__0/O[2]
                         net (fo=1, routed)           0.000     5.904    Inst_md_io/Inst_VGA/rand_y_unit/counter_reg[16]_i_1__0_n_5
    SLICE_X31Y79         FDRE                                         r  Inst_md_io/Inst_VGA/rand_y_unit/counter_reg[18]/D
  -------------------------------------------------------------------    -------------------

                         (clock sys_clk_pin rise edge)
                                                      0.000     0.000 r  
    L16                                               0.000     0.000 r  clk (IN)
                         net (fo=0)                   0.000     0.000    clk
    L16                  IBUF (Prop_ibuf_I_O)         1.491     1.491 r  clk_IBUF_inst/O
                         net (fo=1, routed)           2.076     3.567    clk_IBUF
    BUFGCTRL_X0Y16       BUFG (Prop_bufg_I_O)         0.101     3.668 r  clk_IBUF_BUFG_inst/O
                         net (fo=959, routed)         1.647     5.315    Inst_md_io/Inst_VGA/rand_y_unit/clk
    SLICE_X31Y79         FDRE                                         r  Inst_md_io/Inst_VGA/rand_y_unit/counter_reg[18]/C
                         clock pessimism              0.000     5.315    
                         clock uncertainty            0.177     5.492    
    SLICE_X31Y79         FDRE (Hold_fdre_C_D)         0.295     5.787    Inst_md_io/Inst_VGA/rand_y_unit/counter_reg[18]
  -------------------------------------------------------------------
                         required time                         -5.787    
                         arrival time                           5.904    
  -------------------------------------------------------------------
                         slack                                  0.116    

Slack (MET) :             0.165ns  (arrival time - required time)
  Source:                 Inst_md_io/head_y_reg[0]/C
                            (rising edge-triggered cell FDRE clocked by clk50mhz_clk_wiz_1  {rise@0.000ns fall@10.000ns period=20.000ns})
  Destination:            Inst_md_io/Inst_VGA/rand_y_unit/counter_reg[20]/D
                            (rising edge-triggered cell FDRE clocked by sys_clk_pin  {rise@0.000ns fall@4.000ns period=8.000ns})
  Path Group:             sys_clk_pin
  Path Type:              Hold (Min at Slow Process Corner)
  Requirement:            0.000ns  (sys_clk_pin rise@0.000ns - clk50mhz_clk_wiz_1 rise@0.000ns)
  Data Path Delay:        4.473ns  (logic 1.234ns (27.587%)  route 3.239ns (72.413%))
  Logic Levels:           6  (CARRY4=5 LUT4=1)
  Clock Path Skew:        3.836ns (DCD - SCD - CPR)
    Destination Clock Delay (DCD):    5.316ns
    Source Clock Delay      (SCD):    1.481ns
    Clock Pessimism Removal (CPR):    -0.000ns
  Clock Uncertainty:      0.177ns  ((TSJ^2 + DJ^2)^1/2) / 2 + PE
    Total System Jitter     (TSJ):    0.071ns
    Discrete Jitter          (DJ):    0.144ns
    Phase Error              (PE):    0.097ns
  Clock Domain Crossing:  Inter clock paths are considered valid unless explicitly excluded by timing constraints such as set_clock_groups or set_false_path.

    Location             Delay type                Incr(ns)  Path(ns)    Netlist Resource(s)
  -------------------------------------------------------------------    -------------------
                         (clock clk50mhz_clk_wiz_1 rise edge)
                                                      0.000     0.000 r  
    BUFGCTRL_X0Y16       BUFG                         0.000     0.000 r  clk_IBUF_BUFG_inst/O
                         net (fo=959, routed)         1.490     1.490    inst_divisor/inst/clk
    MMCME2_ADV_X0Y0      MMCME2_ADV (Prop_mmcme2_adv_CLKIN1_CLKOUT0)
                                                     -3.177    -1.687 r  inst_divisor/inst/mmcm_adv_inst/CLKOUT0
                         net (fo=1, routed)           1.599    -0.088    inst_divisor/inst/clk50mhz_clk_wiz_1
    BUFGCTRL_X0Y0        BUFG (Prop_bufg_I_O)         0.091     0.003 r  inst_divisor/inst/clkout1_buf/O
                         net (fo=922, routed)         1.478     1.481    Inst_md_io/clk50mhz
    SLICE_X16Y78         FDRE                                         r  Inst_md_io/head_y_reg[0]/C
  -------------------------------------------------------------------    -------------------
    SLICE_X16Y78         FDRE (Prop_fdre_C_Q)         0.418     1.899 r  Inst_md_io/head_y_reg[0]/Q
                         net (fo=178, routed)         3.239     5.138    Inst_md_io/Inst_VGA/rand_y_unit/prev_chaos_reg_0
    SLICE_X31Y76         LUT4 (Prop_lut4_I1_O)        0.121     5.259 r  Inst_md_io/Inst_VGA/rand_y_unit/counter[4]_i_2__0/O
                         net (fo=1, routed)           0.000     5.259    Inst_md_io/Inst_VGA/rand_y_unit/counter[4]_i_2__0_n_0
    SLICE_X31Y76         CARRY4 (Prop_carry4_DI[3]_CO[3])
                                                      0.269     5.528 r  Inst_md_io/Inst_VGA/rand_y_unit/counter_reg[4]_i_1__0/CO[3]
                         net (fo=1, routed)           0.000     5.528    Inst_md_io/Inst_VGA/rand_y_unit/counter_reg[4]_i_1__0_n_0
    SLICE_X31Y77         CARRY4 (Prop_carry4_CI_CO[3])
                                                      0.092     5.620 r  Inst_md_io/Inst_VGA/rand_y_unit/counter_reg[8]_i_1__0/CO[3]
                         net (fo=1, routed)           0.000     5.620    Inst_md_io/Inst_VGA/rand_y_unit/counter_reg[8]_i_1__0_n_0
    SLICE_X31Y78         CARRY4 (Prop_carry4_CI_CO[3])
                                                      0.092     5.712 r  Inst_md_io/Inst_VGA/rand_y_unit/counter_reg[12]_i_1__0/CO[3]
                         net (fo=1, routed)           0.000     5.712    Inst_md_io/Inst_VGA/rand_y_unit/counter_reg[12]_i_1__0_n_0
    SLICE_X31Y79         CARRY4 (Prop_carry4_CI_CO[3])
                                                      0.092     5.804 r  Inst_md_io/Inst_VGA/rand_y_unit/counter_reg[16]_i_1__0/CO[3]
                         net (fo=1, routed)           0.000     5.804    Inst_md_io/Inst_VGA/rand_y_unit/counter_reg[16]_i_1__0_n_0
    SLICE_X31Y80         CARRY4 (Prop_carry4_CI_O[0])
                                                      0.150     5.954 r  Inst_md_io/Inst_VGA/rand_y_unit/counter_reg[20]_i_1__0/O[0]
                         net (fo=1, routed)           0.000     5.954    Inst_md_io/Inst_VGA/rand_y_unit/counter_reg[20]_i_1__0_n_7
    SLICE_X31Y80         FDRE                                         r  Inst_md_io/Inst_VGA/rand_y_unit/counter_reg[20]/D
  -------------------------------------------------------------------    -------------------

                         (clock sys_clk_pin rise edge)
                                                      0.000     0.000 r  
    L16                                               0.000     0.000 r  clk (IN)
                         net (fo=0)                   0.000     0.000    clk
    L16                  IBUF (Prop_ibuf_I_O)         1.491     1.491 r  clk_IBUF_inst/O
                         net (fo=1, routed)           2.076     3.567    clk_IBUF
    BUFGCTRL_X0Y16       BUFG (Prop_bufg_I_O)         0.101     3.668 r  clk_IBUF_BUFG_inst/O
                         net (fo=959, routed)         1.648     5.316    Inst_md_io/Inst_VGA/rand_y_unit/clk
    SLICE_X31Y80         FDRE                                         r  Inst_md_io/Inst_VGA/rand_y_unit/counter_reg[20]/C
                         clock pessimism              0.000     5.316    
                         clock uncertainty            0.177     5.493    
    SLICE_X31Y80         FDRE (Hold_fdre_C_D)         0.295     5.788    Inst_md_io/Inst_VGA/rand_y_unit/counter_reg[20]
  -------------------------------------------------------------------
                         required time                         -5.788    
                         arrival time                           5.954    
  -------------------------------------------------------------------
                         slack                                  0.165    

Slack (MET) :             0.174ns  (arrival time - required time)
  Source:                 Inst_md_io/head_y_reg[0]/C
                            (rising edge-triggered cell FDRE clocked by clk50mhz_clk_wiz_1  {rise@0.000ns fall@10.000ns period=20.000ns})
  Destination:            Inst_md_io/Inst_VGA/rand_y_unit/counter_reg[19]/D
                            (rising edge-triggered cell FDRE clocked by sys_clk_pin  {rise@0.000ns fall@4.000ns period=8.000ns})
  Path Group:             sys_clk_pin
  Path Type:              Hold (Min at Slow Process Corner)
  Requirement:            0.000ns  (sys_clk_pin rise@0.000ns - clk50mhz_clk_wiz_1 rise@0.000ns)
  Data Path Delay:        4.481ns  (logic 1.242ns (27.716%)  route 3.239ns (72.284%))
  Logic Levels:           5  (CARRY4=4 LUT4=1)
  Clock Path Skew:        3.835ns (DCD - SCD - CPR)
    Destination Clock Delay (DCD):    5.315ns
    Source Clock Delay      (SCD):    1.481ns
    Clock Pessimism Removal (CPR):    -0.000ns
  Clock Uncertainty:      0.177ns  ((TSJ^2 + DJ^2)^1/2) / 2 + PE
    Total System Jitter     (TSJ):    0.071ns
    Discrete Jitter          (DJ):    0.144ns
    Phase Error              (PE):    0.097ns
  Clock Domain Crossing:  Inter clock paths are considered valid unless explicitly excluded by timing constraints such as set_clock_groups or set_false_path.

    Location             Delay type                Incr(ns)  Path(ns)    Netlist Resource(s)
  -------------------------------------------------------------------    -------------------
                         (clock clk50mhz_clk_wiz_1 rise edge)
                                                      0.000     0.000 r  
    BUFGCTRL_X0Y16       BUFG                         0.000     0.000 r  clk_IBUF_BUFG_inst/O
                         net (fo=959, routed)         1.490     1.490    inst_divisor/inst/clk
    MMCME2_ADV_X0Y0      MMCME2_ADV (Prop_mmcme2_adv_CLKIN1_CLKOUT0)
                                                     -3.177    -1.687 r  inst_divisor/inst/mmcm_adv_inst/CLKOUT0
                         net (fo=1, routed)           1.599    -0.088    inst_divisor/inst/clk50mhz_clk_wiz_1
    BUFGCTRL_X0Y0        BUFG (Prop_bufg_I_O)         0.091     0.003 r  inst_divisor/inst/clkout1_buf/O
                         net (fo=922, routed)         1.478     1.481    Inst_md_io/clk50mhz
    SLICE_X16Y78         FDRE                                         r  Inst_md_io/head_y_reg[0]/C
  -------------------------------------------------------------------    -------------------
    SLICE_X16Y78         FDRE (Prop_fdre_C_Q)         0.418     1.899 r  Inst_md_io/head_y_reg[0]/Q
                         net (fo=178, routed)         3.239     5.138    Inst_md_io/Inst_VGA/rand_y_unit/prev_chaos_reg_0
    SLICE_X31Y76         LUT4 (Prop_lut4_I1_O)        0.121     5.259 r  Inst_md_io/Inst_VGA/rand_y_unit/counter[4]_i_2__0/O
                         net (fo=1, routed)           0.000     5.259    Inst_md_io/Inst_VGA/rand_y_unit/counter[4]_i_2__0_n_0
    SLICE_X31Y76         CARRY4 (Prop_carry4_DI[3]_CO[3])
                                                      0.269     5.528 r  Inst_md_io/Inst_VGA/rand_y_unit/counter_reg[4]_i_1__0/CO[3]
                         net (fo=1, routed)           0.000     5.528    Inst_md_io/Inst_VGA/rand_y_unit/counter_reg[4]_i_1__0_n_0
    SLICE_X31Y77         CARRY4 (Prop_carry4_CI_CO[3])
                                                      0.092     5.620 r  Inst_md_io/Inst_VGA/rand_y_unit/counter_reg[8]_i_1__0/CO[3]
                         net (fo=1, routed)           0.000     5.620    Inst_md_io/Inst_VGA/rand_y_unit/counter_reg[8]_i_1__0_n_0
    SLICE_X31Y78         CARRY4 (Prop_carry4_CI_CO[3])
                                                      0.092     5.712 r  Inst_md_io/Inst_VGA/rand_y_unit/counter_reg[12]_i_1__0/CO[3]
                         net (fo=1, routed)           0.000     5.712    Inst_md_io/Inst_VGA/rand_y_unit/counter_reg[12]_i_1__0_n_0
    SLICE_X31Y79         CARRY4 (Prop_carry4_CI_O[3])
                                                      0.250     5.962 r  Inst_md_io/Inst_VGA/rand_y_unit/counter_reg[16]_i_1__0/O[3]
                         net (fo=1, routed)           0.000     5.962    Inst_md_io/Inst_VGA/rand_y_unit/counter_reg[16]_i_1__0_n_4
    SLICE_X31Y79         FDRE                                         r  Inst_md_io/Inst_VGA/rand_y_unit/counter_reg[19]/D
  -------------------------------------------------------------------    -------------------

                         (clock sys_clk_pin rise edge)
                                                      0.000     0.000 r  
    L16                                               0.000     0.000 r  clk (IN)
                         net (fo=0)                   0.000     0.000    clk
    L16                  IBUF (Prop_ibuf_I_O)         1.491     1.491 r  clk_IBUF_inst/O
                         net (fo=1, routed)           2.076     3.567    clk_IBUF
    BUFGCTRL_X0Y16       BUFG (Prop_bufg_I_O)         0.101     3.668 r  clk_IBUF_BUFG_inst/O
                         net (fo=959, routed)         1.647     5.315    Inst_md_io/Inst_VGA/rand_y_unit/clk
    SLICE_X31Y79         FDRE                                         r  Inst_md_io/Inst_VGA/rand_y_unit/counter_reg[19]/C
                         clock pessimism              0.000     5.315    
                         clock uncertainty            0.177     5.492    
    SLICE_X31Y79         FDRE (Hold_fdre_C_D)         0.295     5.787    Inst_md_io/Inst_VGA/rand_y_unit/counter_reg[19]
  -------------------------------------------------------------------
                         required time                         -5.787    
                         arrival time                           5.962    
  -------------------------------------------------------------------
                         slack                                  0.174    

Slack (MET) :             0.175ns  (arrival time - required time)
  Source:                 Inst_md_io/flags_in_reg[1]/C
                            (rising edge-triggered cell FDRE clocked by clk50mhz_clk_wiz_1  {rise@0.000ns fall@10.000ns period=20.000ns})
  Destination:            Inst_md_io/Inst_VGA/colaX_reg[18][4]/CE
                            (rising edge-triggered cell FDRE clocked by sys_clk_pin  {rise@0.000ns fall@4.000ns period=8.000ns})
  Path Group:             sys_clk_pin
  Path Type:              Hold (Min at Slow Process Corner)
  Requirement:            0.000ns  (sys_clk_pin rise@0.000ns - clk50mhz_clk_wiz_1 rise@0.000ns)
  Data Path Delay:        4.185ns  (logic 0.467ns (11.158%)  route 3.718ns (88.842%))
  Logic Levels:           1  (LUT6=1)
  Clock Path Skew:        3.833ns (DCD - SCD - CPR)
    Destination Clock Delay (DCD):    5.322ns
    Source Clock Delay      (SCD):    1.490ns
    Clock Pessimism Removal (CPR):    -0.000ns
  Clock Uncertainty:      0.177ns  ((TSJ^2 + DJ^2)^1/2) / 2 + PE
    Total System Jitter     (TSJ):    0.071ns
    Discrete Jitter          (DJ):    0.144ns
    Phase Error              (PE):    0.097ns
  Clock Domain Crossing:  Inter clock paths are considered valid unless explicitly excluded by timing constraints such as set_clock_groups or set_false_path.

    Location             Delay type                Incr(ns)  Path(ns)    Netlist Resource(s)
  -------------------------------------------------------------------    -------------------
                         (clock clk50mhz_clk_wiz_1 rise edge)
                                                      0.000     0.000 r  
    BUFGCTRL_X0Y16       BUFG                         0.000     0.000 r  clk_IBUF_BUFG_inst/O
                         net (fo=959, routed)         1.490     1.490    inst_divisor/inst/clk
    MMCME2_ADV_X0Y0      MMCME2_ADV (Prop_mmcme2_adv_CLKIN1_CLKOUT0)
                                                     -3.177    -1.687 r  inst_divisor/inst/mmcm_adv_inst/CLKOUT0
                         net (fo=1, routed)           1.599    -0.088    inst_divisor/inst/clk50mhz_clk_wiz_1
    BUFGCTRL_X0Y0        BUFG (Prop_bufg_I_O)         0.091     0.003 r  inst_divisor/inst/clkout1_buf/O
                         net (fo=922, routed)         1.487     1.490    Inst_md_io/clk50mhz
    SLICE_X17Y61         FDRE                                         r  Inst_md_io/flags_in_reg[1]/C
  -------------------------------------------------------------------    -------------------
    SLICE_X17Y61         FDRE (Prop_fdre_C_Q)         0.367     1.857 r  Inst_md_io/flags_in_reg[1]/Q
                         net (fo=133, routed)         1.793     3.650    Inst_md_io/Inst_VGA/FSM_sequential_fruit_state_reg[0]_0
    SLICE_X15Y91         LUT6 (Prop_lut6_I0_O)        0.100     3.750 r  Inst_md_io/Inst_VGA/colaY[18][5]_i_2/O
                         net (fo=12, routed)          1.925     5.675    Inst_md_io/Inst_VGA/colaY[18][5]_i_2_n_0
    SLICE_X24Y91         FDRE                                         r  Inst_md_io/Inst_VGA/colaX_reg[18][4]/CE
  -------------------------------------------------------------------    -------------------

                         (clock sys_clk_pin rise edge)
                                                      0.000     0.000 r  
    L16                                               0.000     0.000 r  clk (IN)
                         net (fo=0)                   0.000     0.000    clk
    L16                  IBUF (Prop_ibuf_I_O)         1.491     1.491 r  clk_IBUF_inst/O
                         net (fo=1, routed)           2.076     3.567    clk_IBUF
    BUFGCTRL_X0Y16       BUFG (Prop_bufg_I_O)         0.101     3.668 r  clk_IBUF_BUFG_inst/O
                         net (fo=959, routed)         1.654     5.322    Inst_md_io/Inst_VGA/clk
    SLICE_X24Y91         FDRE                                         r  Inst_md_io/Inst_VGA/colaX_reg[18][4]/C
                         clock pessimism              0.000     5.322    
                         clock uncertainty            0.177     5.499    
    SLICE_X24Y91         FDRE (Hold_fdre_C_CE)        0.001     5.500    Inst_md_io/Inst_VGA/colaX_reg[18][4]
  -------------------------------------------------------------------
                         required time                         -5.500    
                         arrival time                           5.675    
  -------------------------------------------------------------------
                         slack                                  0.175    

Slack (MET) :             0.179ns  (arrival time - required time)
  Source:                 Inst_md_io/flags_in_reg[0]/C
                            (rising edge-triggered cell FDRE clocked by clk50mhz_clk_wiz_1  {rise@0.000ns fall@10.000ns period=20.000ns})
  Destination:            Inst_md_io/Inst_VGA/colaY_reg[38][5]/D
                            (rising edge-triggered cell FDRE clocked by sys_clk_pin  {rise@0.000ns fall@4.000ns period=8.000ns})
  Path Group:             sys_clk_pin
  Path Type:              Hold (Min at Slow Process Corner)
  Requirement:            0.000ns  (sys_clk_pin rise@0.000ns - clk50mhz_clk_wiz_1 rise@0.000ns)
  Data Path Delay:        4.521ns  (logic 0.518ns (11.458%)  route 4.003ns (88.542%))
  Logic Levels:           1  (LUT5=1)
  Clock Path Skew:        3.835ns (DCD - SCD - CPR)
    Destination Clock Delay (DCD):    5.323ns
    Source Clock Delay      (SCD):    1.489ns
    Clock Pessimism Removal (CPR):    -0.000ns
  Clock Uncertainty:      0.177ns  ((TSJ^2 + DJ^2)^1/2) / 2 + PE
    Total System Jitter     (TSJ):    0.071ns
    Discrete Jitter          (DJ):    0.144ns
    Phase Error              (PE):    0.097ns
  Clock Domain Crossing:  Inter clock paths are considered valid unless explicitly excluded by timing constraints such as set_clock_groups or set_false_path.

    Location             Delay type                Incr(ns)  Path(ns)    Netlist Resource(s)
  -------------------------------------------------------------------    -------------------
                         (clock clk50mhz_clk_wiz_1 rise edge)
                                                      0.000     0.000 r  
    BUFGCTRL_X0Y16       BUFG                         0.000     0.000 r  clk_IBUF_BUFG_inst/O
                         net (fo=959, routed)         1.490     1.490    inst_divisor/inst/clk
    MMCME2_ADV_X0Y0      MMCME2_ADV (Prop_mmcme2_adv_CLKIN1_CLKOUT0)
                                                     -3.177    -1.687 r  inst_divisor/inst/mmcm_adv_inst/CLKOUT0
                         net (fo=1, routed)           1.599    -0.088    inst_divisor/inst/clk50mhz_clk_wiz_1
    BUFGCTRL_X0Y0        BUFG (Prop_bufg_I_O)         0.091     0.003 r  inst_divisor/inst/clkout1_buf/O
                         net (fo=922, routed)         1.486     1.489    Inst_md_io/clk50mhz
    SLICE_X32Y62         FDRE                                         r  Inst_md_io/flags_in_reg[0]/C
  -------------------------------------------------------------------    -------------------
    SLICE_X32Y62         FDRE (Prop_fdre_C_Q)         0.418     1.907 f  Inst_md_io/flags_in_reg[0]/Q
                         net (fo=90, routed)          4.003     5.909    Inst_md_io/Inst_VGA/colaX_reg[33][5]_0
    SLICE_X32Y85         LUT5 (Prop_lut5_I1_O)        0.100     6.009 r  Inst_md_io/Inst_VGA/colaY[38][5]_i_3/O
                         net (fo=1, routed)           0.000     6.009    Inst_md_io/Inst_VGA/colaY[38][5]_i_3_n_0
    SLICE_X32Y85         FDRE                                         r  Inst_md_io/Inst_VGA/colaY_reg[38][5]/D
  -------------------------------------------------------------------    -------------------

                         (clock sys_clk_pin rise edge)
                                                      0.000     0.000 r  
    L16                                               0.000     0.000 r  clk (IN)
                         net (fo=0)                   0.000     0.000    clk
    L16                  IBUF (Prop_ibuf_I_O)         1.491     1.491 r  clk_IBUF_inst/O
                         net (fo=1, routed)           2.076     3.567    clk_IBUF
    BUFGCTRL_X0Y16       BUFG (Prop_bufg_I_O)         0.101     3.668 r  clk_IBUF_BUFG_inst/O
                         net (fo=959, routed)         1.655     5.323    Inst_md_io/Inst_VGA/clk
    SLICE_X32Y85         FDRE                                         r  Inst_md_io/Inst_VGA/colaY_reg[38][5]/C
                         clock pessimism              0.000     5.323    
                         clock uncertainty            0.177     5.500    
    SLICE_X32Y85         FDRE (Hold_fdre_C_D)         0.330     5.830    Inst_md_io/Inst_VGA/colaY_reg[38][5]
  -------------------------------------------------------------------
                         required time                         -5.830    
                         arrival time                           6.009    
  -------------------------------------------------------------------
                         slack                                  0.179    





--------------------------------------------------------------------------------------
Path Group:  (none)
From Clock:  clk50mhz_clk_wiz_1
  To Clock:  

Max Delay             5 Endpoints
Min Delay             5 Endpoints
--------------------------------------------------------------------------------------


Max Delay Paths
--------------------------------------------------------------------------------------
Slack:                    inf
  Source:                 inst_prog/inst_uart_tx/s_reg_reg[0]/C
                            (rising edge-triggered cell FDRE clocked by clk50mhz_clk_wiz_1  {rise@0.000ns fall@10.000ns period=20.000ns})
  Destination:            tx
                            (output port)
  Path Group:             (none)
  Path Type:              Max at Slow Process Corner
  Data Path Delay:        7.600ns  (logic 4.327ns (56.936%)  route 3.273ns (43.064%))
  Logic Levels:           2  (LUT3=1 OBUF=1)
  Clock Uncertainty:      0.173ns  ((TSJ^2 + DJ^2)^1/2) / 2 + PE
    Total System Jitter     (TSJ):    0.050ns
    Discrete Jitter          (DJ):    0.144ns
    Phase Error              (PE):    0.097ns

    Location             Delay type                Incr(ns)  Path(ns)    Netlist Resource(s)
  -------------------------------------------------------------------    -------------------
                         (clock clk50mhz_clk_wiz_1 rise edge)
                                                      0.000     0.000 r  
    BUFGCTRL_X0Y16       BUFG                         0.000     0.000 r  clk_IBUF_BUFG_inst/O
                         net (fo=959, routed)         1.680     1.680    inst_divisor/inst/clk
    MMCME2_ADV_X0Y0      MMCME2_ADV (Prop_mmcme2_adv_CLKIN1_CLKOUT0)
                                                     -3.538    -1.858 r  inst_divisor/inst/mmcm_adv_inst/CLKOUT0
                         net (fo=1, routed)           1.760    -0.098    inst_divisor/inst/clk50mhz_clk_wiz_1
    BUFGCTRL_X0Y0        BUFG (Prop_bufg_I_O)         0.101     0.003 r  inst_divisor/inst/clkout1_buf/O
                         net (fo=922, routed)         1.669     1.672    inst_prog/inst_uart_tx/clk50mhz
    SLICE_X25Y43         FDRE                                         r  inst_prog/inst_uart_tx/s_reg_reg[0]/C
  -------------------------------------------------------------------    -------------------
    SLICE_X25Y43         FDRE (Prop_fdre_C_Q)         0.456     2.128 r  inst_prog/inst_uart_tx/s_reg_reg[0]/Q
                         net (fo=1, routed)           0.953     3.081    inst_prog/inst_uart_tx/s_reg[0]
    SLICE_X31Y44         LUT3 (Prop_lut3_I0_O)        0.150     3.231 r  inst_prog/inst_uart_tx/tx_OBUF_inst_i_1/O
                         net (fo=1, routed)           2.319     5.551    tx_OBUF
    J15                  OBUF (Prop_obuf_I_O)         3.721     9.272 r  tx_OBUF_inst/O
                         net (fo=0)                   0.000     9.272    tx
    J15                                                               r  tx (OUT)
  -------------------------------------------------------------------    -------------------

Slack:                    inf
  Source:                 Inst_md_io/Inst_salida_par/salida_reg[2]/C
                            (rising edge-triggered cell FDRE clocked by clk50mhz_clk_wiz_1  {rise@0.000ns fall@10.000ns period=20.000ns})
  Destination:            salida[2]
                            (output port)
  Path Group:             (none)
  Path Type:              Max at Slow Process Corner
  Data Path Delay:        7.604ns  (logic 3.941ns (51.832%)  route 3.663ns (48.168%))
  Logic Levels:           1  (OBUF=1)
  Clock Uncertainty:      0.173ns  ((TSJ^2 + DJ^2)^1/2) / 2 + PE
    Total System Jitter     (TSJ):    0.050ns
    Discrete Jitter          (DJ):    0.144ns
    Phase Error              (PE):    0.097ns

    Location             Delay type                Incr(ns)  Path(ns)    Netlist Resource(s)
  -------------------------------------------------------------------    -------------------
                         (clock clk50mhz_clk_wiz_1 rise edge)
                                                      0.000     0.000 r  
    BUFGCTRL_X0Y16       BUFG                         0.000     0.000 r  clk_IBUF_BUFG_inst/O
                         net (fo=959, routed)         1.680     1.680    inst_divisor/inst/clk
    MMCME2_ADV_X0Y0      MMCME2_ADV (Prop_mmcme2_adv_CLKIN1_CLKOUT0)
                                                     -3.538    -1.858 r  inst_divisor/inst/mmcm_adv_inst/CLKOUT0
                         net (fo=1, routed)           1.760    -0.098    inst_divisor/inst/clk50mhz_clk_wiz_1
    BUFGCTRL_X0Y0        BUFG (Prop_bufg_I_O)         0.101     0.003 r  inst_divisor/inst/clkout1_buf/O
                         net (fo=922, routed)         1.660     1.663    Inst_md_io/Inst_salida_par/clk50mhz
    SLICE_X18Y61         FDRE                                         r  Inst_md_io/Inst_salida_par/salida_reg[2]/C
  -------------------------------------------------------------------    -------------------
    SLICE_X18Y61         FDRE (Prop_fdre_C_Q)         0.456     2.119 r  Inst_md_io/Inst_salida_par/salida_reg[2]/Q
                         net (fo=1, routed)           3.663     5.782    salida_OBUF[2]
    G14                  OBUF (Prop_obuf_I_O)         3.485     9.267 r  salida_OBUF[2]_inst/O
                         net (fo=0)                   0.000     9.267    salida[2]
    G14                                                               r  salida[2] (OUT)
  -------------------------------------------------------------------    -------------------

Slack:                    inf
  Source:                 Inst_md_io/Inst_salida_par/salida_reg[3]/C
                            (rising edge-triggered cell FDRE clocked by clk50mhz_clk_wiz_1  {rise@0.000ns fall@10.000ns period=20.000ns})
  Destination:            salida[3]
                            (output port)
  Path Group:             (none)
  Path Type:              Max at Slow Process Corner
  Data Path Delay:        6.947ns  (logic 3.966ns (57.085%)  route 2.981ns (42.915%))
  Logic Levels:           1  (OBUF=1)
  Clock Uncertainty:      0.173ns  ((TSJ^2 + DJ^2)^1/2) / 2 + PE
    Total System Jitter     (TSJ):    0.050ns
    Discrete Jitter          (DJ):    0.144ns
    Phase Error              (PE):    0.097ns

    Location             Delay type                Incr(ns)  Path(ns)    Netlist Resource(s)
  -------------------------------------------------------------------    -------------------
                         (clock clk50mhz_clk_wiz_1 rise edge)
                                                      0.000     0.000 r  
    BUFGCTRL_X0Y16       BUFG                         0.000     0.000 r  clk_IBUF_BUFG_inst/O
                         net (fo=959, routed)         1.680     1.680    inst_divisor/inst/clk
    MMCME2_ADV_X0Y0      MMCME2_ADV (Prop_mmcme2_adv_CLKIN1_CLKOUT0)
                                                     -3.538    -1.858 r  inst_divisor/inst/mmcm_adv_inst/CLKOUT0
                         net (fo=1, routed)           1.760    -0.098    inst_divisor/inst/clk50mhz_clk_wiz_1
    BUFGCTRL_X0Y0        BUFG (Prop_bufg_I_O)         0.101     0.003 r  inst_divisor/inst/clkout1_buf/O
                         net (fo=922, routed)         1.660     1.663    Inst_md_io/Inst_salida_par/clk50mhz
    SLICE_X18Y61         FDRE                                         r  Inst_md_io/Inst_salida_par/salida_reg[3]/C
  -------------------------------------------------------------------    -------------------
    SLICE_X18Y61         FDRE (Prop_fdre_C_Q)         0.456     2.119 r  Inst_md_io/Inst_salida_par/salida_reg[3]/Q
                         net (fo=1, routed)           2.981     5.100    salida_OBUF[3]
    D18                  OBUF (Prop_obuf_I_O)         3.510     8.610 r  salida_OBUF[3]_inst/O
                         net (fo=0)                   0.000     8.610    salida[3]
    D18                                                               r  salida[3] (OUT)
  -------------------------------------------------------------------    -------------------

Slack:                    inf
  Source:                 Inst_md_io/Inst_salida_par/salida_reg[0]/C
                            (rising edge-triggered cell FDRE clocked by clk50mhz_clk_wiz_1  {rise@0.000ns fall@10.000ns period=20.000ns})
  Destination:            salida[0]
                            (output port)
  Path Group:             (none)
  Path Type:              Max at Slow Process Corner
  Data Path Delay:        6.880ns  (logic 3.987ns (57.953%)  route 2.893ns (42.047%))
  Logic Levels:           1  (OBUF=1)
  Clock Uncertainty:      0.173ns  ((TSJ^2 + DJ^2)^1/2) / 2 + PE
    Total System Jitter     (TSJ):    0.050ns
    Discrete Jitter          (DJ):    0.144ns
    Phase Error              (PE):    0.097ns

    Location             Delay type                Incr(ns)  Path(ns)    Netlist Resource(s)
  -------------------------------------------------------------------    -------------------
                         (clock clk50mhz_clk_wiz_1 rise edge)
                                                      0.000     0.000 r  
    BUFGCTRL_X0Y16       BUFG                         0.000     0.000 r  clk_IBUF_BUFG_inst/O
                         net (fo=959, routed)         1.680     1.680    inst_divisor/inst/clk
    MMCME2_ADV_X0Y0      MMCME2_ADV (Prop_mmcme2_adv_CLKIN1_CLKOUT0)
                                                     -3.538    -1.858 r  inst_divisor/inst/mmcm_adv_inst/CLKOUT0
                         net (fo=1, routed)           1.760    -0.098    inst_divisor/inst/clk50mhz_clk_wiz_1
    BUFGCTRL_X0Y0        BUFG (Prop_bufg_I_O)         0.101     0.003 r  inst_divisor/inst/clkout1_buf/O
                         net (fo=922, routed)         1.660     1.663    Inst_md_io/Inst_salida_par/clk50mhz
    SLICE_X18Y61         FDRE                                         r  Inst_md_io/Inst_salida_par/salida_reg[0]/C
  -------------------------------------------------------------------    -------------------
    SLICE_X18Y61         FDRE (Prop_fdre_C_Q)         0.456     2.119 r  Inst_md_io/Inst_salida_par/salida_reg[0]/Q
                         net (fo=1, routed)           2.893     5.012    salida_OBUF[0]
    M14                  OBUF (Prop_obuf_I_O)         3.531     8.543 r  salida_OBUF[0]_inst/O
                         net (fo=0)                   0.000     8.543    salida[0]
    M14                                                               r  salida[0] (OUT)
  -------------------------------------------------------------------    -------------------

Slack:                    inf
  Source:                 Inst_md_io/Inst_salida_par/salida_reg[1]/C
                            (rising edge-triggered cell FDRE clocked by clk50mhz_clk_wiz_1  {rise@0.000ns fall@10.000ns period=20.000ns})
  Destination:            salida[1]
                            (output port)
  Path Group:             (none)
  Path Type:              Max at Slow Process Corner
  Data Path Delay:        6.620ns  (logic 3.995ns (60.347%)  route 2.625ns (39.653%))
  Logic Levels:           1  (OBUF=1)
  Clock Uncertainty:      0.173ns  ((TSJ^2 + DJ^2)^1/2) / 2 + PE
    Total System Jitter     (TSJ):    0.050ns
    Discrete Jitter          (DJ):    0.144ns
    Phase Error              (PE):    0.097ns

    Location             Delay type                Incr(ns)  Path(ns)    Netlist Resource(s)
  -------------------------------------------------------------------    -------------------
                         (clock clk50mhz_clk_wiz_1 rise edge)
                                                      0.000     0.000 r  
    BUFGCTRL_X0Y16       BUFG                         0.000     0.000 r  clk_IBUF_BUFG_inst/O
                         net (fo=959, routed)         1.680     1.680    inst_divisor/inst/clk
    MMCME2_ADV_X0Y0      MMCME2_ADV (Prop_mmcme2_adv_CLKIN1_CLKOUT0)
                                                     -3.538    -1.858 r  inst_divisor/inst/mmcm_adv_inst/CLKOUT0
                         net (fo=1, routed)           1.760    -0.098    inst_divisor/inst/clk50mhz_clk_wiz_1
    BUFGCTRL_X0Y0        BUFG (Prop_bufg_I_O)         0.101     0.003 r  inst_divisor/inst/clkout1_buf/O
                         net (fo=922, routed)         1.660     1.663    Inst_md_io/Inst_salida_par/clk50mhz
    SLICE_X18Y61         FDRE                                         r  Inst_md_io/Inst_salida_par/salida_reg[1]/C
  -------------------------------------------------------------------    -------------------
    SLICE_X18Y61         FDRE (Prop_fdre_C_Q)         0.456     2.119 r  Inst_md_io/Inst_salida_par/salida_reg[1]/Q
                         net (fo=1, routed)           2.625     4.744    salida_OBUF[1]
    M15                  OBUF (Prop_obuf_I_O)         3.539     8.283 r  salida_OBUF[1]_inst/O
                         net (fo=0)                   0.000     8.283    salida[1]
    M15                                                               r  salida[1] (OUT)
  -------------------------------------------------------------------    -------------------





Min Delay Paths
--------------------------------------------------------------------------------------
Slack:                    inf
  Source:                 Inst_md_io/Inst_salida_par/salida_reg[1]/C
                            (rising edge-triggered cell FDRE clocked by clk50mhz_clk_wiz_1  {rise@0.000ns fall@10.000ns period=20.000ns})
  Destination:            salida[1]
                            (output port)
  Path Group:             (none)
  Path Type:              Min at Fast Process Corner
  Data Path Delay:        2.209ns  (logic 1.381ns (62.512%)  route 0.828ns (37.488%))
  Logic Levels:           1  (OBUF=1)
  Clock Uncertainty:      0.173ns  ((TSJ^2 + DJ^2)^1/2) / 2 + PE
    Total System Jitter     (TSJ):    0.050ns
    Discrete Jitter          (DJ):    0.144ns
    Phase Error              (PE):    0.097ns

    Location             Delay type                Incr(ns)  Path(ns)    Netlist Resource(s)
  -------------------------------------------------------------------    -------------------
                         (clock clk50mhz_clk_wiz_1 rise edge)
                                                      0.000     0.000 r  
    BUFGCTRL_X0Y16       BUFG                         0.000     0.000 r  clk_IBUF_BUFG_inst/O
                         net (fo=959, routed)         0.548     0.548    inst_divisor/inst/clk
    MMCME2_ADV_X0Y0      MMCME2_ADV (Prop_mmcme2_adv_CLKIN1_CLKOUT0)
                                                     -1.053    -0.506 r  inst_divisor/inst/mmcm_adv_inst/CLKOUT0
                         net (fo=1, routed)           0.482    -0.024    inst_divisor/inst/clk50mhz_clk_wiz_1
    BUFGCTRL_X0Y0        BUFG (Prop_bufg_I_O)         0.026     0.002 r  inst_divisor/inst/clkout1_buf/O
                         net (fo=922, routed)         0.559     0.561    Inst_md_io/Inst_salida_par/clk50mhz
    SLICE_X18Y61         FDRE                                         r  Inst_md_io/Inst_salida_par/salida_reg[1]/C
  -------------------------------------------------------------------    -------------------
    SLICE_X18Y61         FDRE (Prop_fdre_C_Q)         0.141     0.702 r  Inst_md_io/Inst_salida_par/salida_reg[1]/Q
                         net (fo=1, routed)           0.828     1.530    salida_OBUF[1]
    M15                  OBUF (Prop_obuf_I_O)         1.240     2.770 r  salida_OBUF[1]_inst/O
                         net (fo=0)                   0.000     2.770    salida[1]
    M15                                                               r  salida[1] (OUT)
  -------------------------------------------------------------------    -------------------

Slack:                    inf
  Source:                 Inst_md_io/Inst_salida_par/salida_reg[3]/C
                            (rising edge-triggered cell FDRE clocked by clk50mhz_clk_wiz_1  {rise@0.000ns fall@10.000ns period=20.000ns})
  Destination:            salida[3]
                            (output port)
  Path Group:             (none)
  Path Type:              Min at Fast Process Corner
  Data Path Delay:        2.238ns  (logic 1.352ns (60.400%)  route 0.886ns (39.600%))
  Logic Levels:           1  (OBUF=1)
  Clock Uncertainty:      0.173ns  ((TSJ^2 + DJ^2)^1/2) / 2 + PE
    Total System Jitter     (TSJ):    0.050ns
    Discrete Jitter          (DJ):    0.144ns
    Phase Error              (PE):    0.097ns

    Location             Delay type                Incr(ns)  Path(ns)    Netlist Resource(s)
  -------------------------------------------------------------------    -------------------
                         (clock clk50mhz_clk_wiz_1 rise edge)
                                                      0.000     0.000 r  
    BUFGCTRL_X0Y16       BUFG                         0.000     0.000 r  clk_IBUF_BUFG_inst/O
                         net (fo=959, routed)         0.548     0.548    inst_divisor/inst/clk
    MMCME2_ADV_X0Y0      MMCME2_ADV (Prop_mmcme2_adv_CLKIN1_CLKOUT0)
                                                     -1.053    -0.506 r  inst_divisor/inst/mmcm_adv_inst/CLKOUT0
                         net (fo=1, routed)           0.482    -0.024    inst_divisor/inst/clk50mhz_clk_wiz_1
    BUFGCTRL_X0Y0        BUFG (Prop_bufg_I_O)         0.026     0.002 r  inst_divisor/inst/clkout1_buf/O
                         net (fo=922, routed)         0.559     0.561    Inst_md_io/Inst_salida_par/clk50mhz
    SLICE_X18Y61         FDRE                                         r  Inst_md_io/Inst_salida_par/salida_reg[3]/C
  -------------------------------------------------------------------    -------------------
    SLICE_X18Y61         FDRE (Prop_fdre_C_Q)         0.141     0.702 r  Inst_md_io/Inst_salida_par/salida_reg[3]/Q
                         net (fo=1, routed)           0.886     1.588    salida_OBUF[3]
    D18                  OBUF (Prop_obuf_I_O)         1.211     2.799 r  salida_OBUF[3]_inst/O
                         net (fo=0)                   0.000     2.799    salida[3]
    D18                                                               r  salida[3] (OUT)
  -------------------------------------------------------------------    -------------------

Slack:                    inf
  Source:                 Inst_md_io/Inst_salida_par/salida_reg[0]/C
                            (rising edge-triggered cell FDRE clocked by clk50mhz_clk_wiz_1  {rise@0.000ns fall@10.000ns period=20.000ns})
  Destination:            salida[0]
                            (output port)
  Path Group:             (none)
  Path Type:              Min at Fast Process Corner
  Data Path Delay:        2.296ns  (logic 1.373ns (59.805%)  route 0.923ns (40.195%))
  Logic Levels:           1  (OBUF=1)
  Clock Uncertainty:      0.173ns  ((TSJ^2 + DJ^2)^1/2) / 2 + PE
    Total System Jitter     (TSJ):    0.050ns
    Discrete Jitter          (DJ):    0.144ns
    Phase Error              (PE):    0.097ns

    Location             Delay type                Incr(ns)  Path(ns)    Netlist Resource(s)
  -------------------------------------------------------------------    -------------------
                         (clock clk50mhz_clk_wiz_1 rise edge)
                                                      0.000     0.000 r  
    BUFGCTRL_X0Y16       BUFG                         0.000     0.000 r  clk_IBUF_BUFG_inst/O
                         net (fo=959, routed)         0.548     0.548    inst_divisor/inst/clk
    MMCME2_ADV_X0Y0      MMCME2_ADV (Prop_mmcme2_adv_CLKIN1_CLKOUT0)
                                                     -1.053    -0.506 r  inst_divisor/inst/mmcm_adv_inst/CLKOUT0
                         net (fo=1, routed)           0.482    -0.024    inst_divisor/inst/clk50mhz_clk_wiz_1
    BUFGCTRL_X0Y0        BUFG (Prop_bufg_I_O)         0.026     0.002 r  inst_divisor/inst/clkout1_buf/O
                         net (fo=922, routed)         0.559     0.561    Inst_md_io/Inst_salida_par/clk50mhz
    SLICE_X18Y61         FDRE                                         r  Inst_md_io/Inst_salida_par/salida_reg[0]/C
  -------------------------------------------------------------------    -------------------
    SLICE_X18Y61         FDRE (Prop_fdre_C_Q)         0.141     0.702 r  Inst_md_io/Inst_salida_par/salida_reg[0]/Q
                         net (fo=1, routed)           0.923     1.625    salida_OBUF[0]
    M14                  OBUF (Prop_obuf_I_O)         1.232     2.857 r  salida_OBUF[0]_inst/O
                         net (fo=0)                   0.000     2.857    salida[0]
    M14                                                               r  salida[0] (OUT)
  -------------------------------------------------------------------    -------------------

Slack:                    inf
  Source:                 inst_prog/inst_uart_tx/FSM_sequential_state_reg[0]/C
                            (rising edge-triggered cell FDRE clocked by clk50mhz_clk_wiz_1  {rise@0.000ns fall@10.000ns period=20.000ns})
  Destination:            tx
                            (output port)
  Path Group:             (none)
  Path Type:              Min at Fast Process Corner
  Data Path Delay:        2.367ns  (logic 1.465ns (61.888%)  route 0.902ns (38.112%))
  Logic Levels:           2  (LUT3=1 OBUF=1)
  Clock Uncertainty:      0.173ns  ((TSJ^2 + DJ^2)^1/2) / 2 + PE
    Total System Jitter     (TSJ):    0.050ns
    Discrete Jitter          (DJ):    0.144ns
    Phase Error              (PE):    0.097ns

    Location             Delay type                Incr(ns)  Path(ns)    Netlist Resource(s)
  -------------------------------------------------------------------    -------------------
                         (clock clk50mhz_clk_wiz_1 rise edge)
                                                      0.000     0.000 r  
    BUFGCTRL_X0Y16       BUFG                         0.000     0.000 r  clk_IBUF_BUFG_inst/O
                         net (fo=959, routed)         0.548     0.548    inst_divisor/inst/clk
    MMCME2_ADV_X0Y0      MMCME2_ADV (Prop_mmcme2_adv_CLKIN1_CLKOUT0)
                                                     -1.053    -0.506 r  inst_divisor/inst/mmcm_adv_inst/CLKOUT0
                         net (fo=1, routed)           0.482    -0.024    inst_divisor/inst/clk50mhz_clk_wiz_1
    BUFGCTRL_X0Y0        BUFG (Prop_bufg_I_O)         0.026     0.002 r  inst_divisor/inst/clkout1_buf/O
                         net (fo=922, routed)         0.563     0.565    inst_prog/inst_uart_tx/clk50mhz
    SLICE_X29Y43         FDRE                                         r  inst_prog/inst_uart_tx/FSM_sequential_state_reg[0]/C
  -------------------------------------------------------------------    -------------------
    SLICE_X29Y43         FDRE (Prop_fdre_C_Q)         0.141     0.706 r  inst_prog/inst_uart_tx/FSM_sequential_state_reg[0]/Q
                         net (fo=12, routed)          0.248     0.953    inst_prog/inst_uart_tx/state[0]
    SLICE_X31Y44         LUT3 (Prop_lut3_I2_O)        0.043     0.996 r  inst_prog/inst_uart_tx/tx_OBUF_inst_i_1/O
                         net (fo=1, routed)           0.654     1.651    tx_OBUF
    J15                  OBUF (Prop_obuf_I_O)         1.281     2.932 r  tx_OBUF_inst/O
                         net (fo=0)                   0.000     2.932    tx
    J15                                                               r  tx (OUT)
  -------------------------------------------------------------------    -------------------

Slack:                    inf
  Source:                 Inst_md_io/Inst_salida_par/salida_reg[2]/C
                            (rising edge-triggered cell FDRE clocked by clk50mhz_clk_wiz_1  {rise@0.000ns fall@10.000ns period=20.000ns})
  Destination:            salida[2]
                            (output port)
  Path Group:             (none)
  Path Type:              Min at Fast Process Corner
  Data Path Delay:        2.642ns  (logic 1.328ns (50.265%)  route 1.314ns (49.735%))
  Logic Levels:           1  (OBUF=1)
  Clock Uncertainty:      0.173ns  ((TSJ^2 + DJ^2)^1/2) / 2 + PE
    Total System Jitter     (TSJ):    0.050ns
    Discrete Jitter          (DJ):    0.144ns
    Phase Error              (PE):    0.097ns

    Location             Delay type                Incr(ns)  Path(ns)    Netlist Resource(s)
  -------------------------------------------------------------------    -------------------
                         (clock clk50mhz_clk_wiz_1 rise edge)
                                                      0.000     0.000 r  
    BUFGCTRL_X0Y16       BUFG                         0.000     0.000 r  clk_IBUF_BUFG_inst/O
                         net (fo=959, routed)         0.548     0.548    inst_divisor/inst/clk
    MMCME2_ADV_X0Y0      MMCME2_ADV (Prop_mmcme2_adv_CLKIN1_CLKOUT0)
                                                     -1.053    -0.506 r  inst_divisor/inst/mmcm_adv_inst/CLKOUT0
                         net (fo=1, routed)           0.482    -0.024    inst_divisor/inst/clk50mhz_clk_wiz_1
    BUFGCTRL_X0Y0        BUFG (Prop_bufg_I_O)         0.026     0.002 r  inst_divisor/inst/clkout1_buf/O
                         net (fo=922, routed)         0.559     0.561    Inst_md_io/Inst_salida_par/clk50mhz
    SLICE_X18Y61         FDRE                                         r  Inst_md_io/Inst_salida_par/salida_reg[2]/C
  -------------------------------------------------------------------    -------------------
    SLICE_X18Y61         FDRE (Prop_fdre_C_Q)         0.141     0.702 r  Inst_md_io/Inst_salida_par/salida_reg[2]/Q
                         net (fo=1, routed)           1.314     2.016    salida_OBUF[2]
    G14                  OBUF (Prop_obuf_I_O)         1.187     3.202 r  salida_OBUF[2]_inst/O
                         net (fo=0)                   0.000     3.202    salida[2]
    G14                                                               r  salida[2] (OUT)
  -------------------------------------------------------------------    -------------------





--------------------------------------------------------------------------------------
Path Group:  (none)
From Clock:  clkfbout_clk_wiz_1
  To Clock:  

Max Delay             1 Endpoint
Min Delay             1 Endpoint
--------------------------------------------------------------------------------------


Max Delay Paths
--------------------------------------------------------------------------------------
Slack:                    inf
  Source:                 inst_divisor/inst/mmcm_adv_inst/CLKFBOUT
                            (clock source 'clkfbout_clk_wiz_1'  {rise@0.000ns fall@4.000ns period=8.000ns})
  Destination:            inst_divisor/inst/mmcm_adv_inst/CLKFBIN
  Path Group:             (none)
  Path Type:              Max at Slow Process Corner
  Data Path Delay:        3.538ns  (logic 0.101ns (2.855%)  route 3.437ns (97.145%))
  Logic Levels:           1  (BUFG=1)
  Clock Uncertainty:      0.145ns  ((TSJ^2 + DJ^2)^1/2) / 2 + PE
    Total System Jitter     (TSJ):    0.050ns
    Discrete Jitter          (DJ):    0.081ns
    Phase Error              (PE):    0.097ns

    Location             Delay type                Incr(ns)  Path(ns)    Netlist Resource(s)
  -------------------------------------------------------------------    -------------------
                         (clock clkfbout_clk_wiz_1 fall edge)
                                                      4.000     4.000 f  
    BUFGCTRL_X0Y16       BUFG                         0.000     4.000 f  clk_IBUF_BUFG_inst/O
                         net (fo=959, routed)         1.680     5.680    inst_divisor/inst/clk
  -------------------------------------------------------------------    -------------------
    MMCME2_ADV_X0Y0      MMCME2_ADV (Prop_mmcme2_adv_CLKIN1_CLKFBOUT)
                                                     -3.538     2.142 f  inst_divisor/inst/mmcm_adv_inst/CLKFBOUT
                         net (fo=1, routed)           1.760     3.902    inst_divisor/inst/clkfbout_clk_wiz_1
    BUFGCTRL_X0Y1        BUFG (Prop_bufg_I_O)         0.101     4.003 f  inst_divisor/inst/clkf_buf/O
                         net (fo=1, routed)           1.677     5.680    inst_divisor/inst/clkfbout_buf_clk_wiz_1
    MMCME2_ADV_X0Y0      MMCME2_ADV                                   f  inst_divisor/inst/mmcm_adv_inst/CLKFBIN
  -------------------------------------------------------------------    -------------------





Min Delay Paths
--------------------------------------------------------------------------------------
Slack:                    inf
  Source:                 inst_divisor/inst/mmcm_adv_inst/CLKFBOUT
                            (clock source 'clkfbout_clk_wiz_1'  {rise@0.000ns fall@4.000ns period=8.000ns})
  Destination:            inst_divisor/inst/mmcm_adv_inst/CLKFBIN
  Path Group:             (none)
  Path Type:              Min at Fast Process Corner
  Data Path Delay:        1.053ns  (logic 0.026ns (2.468%)  route 1.028ns (97.532%))
  Logic Levels:           1  (BUFG=1)
  Clock Uncertainty:      0.145ns  ((TSJ^2 + DJ^2)^1/2) / 2 + PE
    Total System Jitter     (TSJ):    0.050ns
    Discrete Jitter          (DJ):    0.081ns
    Phase Error              (PE):    0.097ns

    Location             Delay type                Incr(ns)  Path(ns)    Netlist Resource(s)
  -------------------------------------------------------------------    -------------------
                         (clock clkfbout_clk_wiz_1 rise edge)
                                                      0.000     0.000 r  
    BUFGCTRL_X0Y16       BUFG                         0.000     0.000 r  clk_IBUF_BUFG_inst/O
                         net (fo=959, routed)         0.548     0.548    inst_divisor/inst/clk
  -------------------------------------------------------------------    -------------------
    MMCME2_ADV_X0Y0      MMCME2_ADV (Prop_mmcme2_adv_CLKIN1_CLKFBOUT)
                                                     -1.053    -0.506 r  inst_divisor/inst/mmcm_adv_inst/CLKFBOUT
                         net (fo=1, routed)           0.482    -0.024    inst_divisor/inst/clkfbout_clk_wiz_1
    BUFGCTRL_X0Y1        BUFG (Prop_bufg_I_O)         0.026     0.002 r  inst_divisor/inst/clkf_buf/O
                         net (fo=1, routed)           0.546     0.548    inst_divisor/inst/clkfbout_buf_clk_wiz_1
    MMCME2_ADV_X0Y0      MMCME2_ADV                                   r  inst_divisor/inst/mmcm_adv_inst/CLKFBIN
  -------------------------------------------------------------------    -------------------





--------------------------------------------------------------------------------------
Path Group:  (none)
From Clock:  sys_clk_pin
  To Clock:  

Max Delay            18 Endpoints
Min Delay            18 Endpoints
--------------------------------------------------------------------------------------


Max Delay Paths
--------------------------------------------------------------------------------------
Slack:                    inf
  Source:                 Inst_md_io/Inst_VGA/sync_unit/rgb_reg_reg[9]/C
                            (rising edge-triggered cell FDRE clocked by sys_clk_pin  {rise@0.000ns fall@4.000ns period=8.000ns})
  Destination:            rgb[9]
                            (output port)
  Path Group:             (none)
  Path Type:              Max at Slow Process Corner
  Data Path Delay:        9.447ns  (logic 4.005ns (42.391%)  route 5.443ns (57.609%))
  Logic Levels:           1  (OBUF=1)
  Clock Uncertainty:      0.025ns  ((TSJ^2 + TIJ^2)^1/2 + DJ) / 2 + PE
    Total System Jitter     (TSJ):    0.050ns
    Total Input Jitter      (TIJ):    0.000ns
    Discrete Jitter          (DJ):    0.000ns
    Phase Error              (PE):    0.000ns

    Location             Delay type                Incr(ns)  Path(ns)    Netlist Resource(s)
  -------------------------------------------------------------------    -------------------
                         (clock sys_clk_pin rise edge)
                                                      0.000     0.000 r  
    L16                                               0.000     0.000 r  clk (IN)
                         net (fo=0)                   0.000     0.000    clk
    L16                  IBUF (Prop_ibuf_I_O)         1.491     1.491 r  clk_IBUF_inst/O
                         net (fo=1, routed)           2.076     3.567    clk_IBUF
    BUFGCTRL_X0Y16       BUFG (Prop_bufg_I_O)         0.101     3.668 r  clk_IBUF_BUFG_inst/O
                         net (fo=959, routed)         1.651     5.319    Inst_md_io/Inst_VGA/sync_unit/clk
    SLICE_X23Y87         FDRE                                         r  Inst_md_io/Inst_VGA/sync_unit/rgb_reg_reg[9]/C
  -------------------------------------------------------------------    -------------------
    SLICE_X23Y87         FDRE (Prop_fdre_C_Q)         0.456     5.775 r  Inst_md_io/Inst_VGA/sync_unit/rgb_reg_reg[9]/Q
                         net (fo=5, routed)           5.443    11.218    rgb_OBUF[5]
    N20                  OBUF (Prop_obuf_I_O)         3.549    14.767 r  rgb_OBUF[9]_inst/O
                         net (fo=0)                   0.000    14.767    rgb[9]
    N20                                                               r  rgb[9] (OUT)
  -------------------------------------------------------------------    -------------------

Slack:                    inf
  Source:                 Inst_md_io/Inst_VGA/sync_unit/rgb_reg_reg[10]/C
                            (rising edge-triggered cell FDRE clocked by sys_clk_pin  {rise@0.000ns fall@4.000ns period=8.000ns})
  Destination:            rgb[4]
                            (output port)
  Path Group:             (none)
  Path Type:              Max at Slow Process Corner
  Data Path Delay:        8.272ns  (logic 4.067ns (49.168%)  route 4.205ns (50.832%))
  Logic Levels:           1  (OBUF=1)
  Clock Uncertainty:      0.025ns  ((TSJ^2 + TIJ^2)^1/2 + DJ) / 2 + PE
    Total System Jitter     (TSJ):    0.050ns
    Total Input Jitter      (TIJ):    0.000ns
    Discrete Jitter          (DJ):    0.000ns
    Phase Error              (PE):    0.000ns

    Location             Delay type                Incr(ns)  Path(ns)    Netlist Resource(s)
  -------------------------------------------------------------------    -------------------
                         (clock sys_clk_pin rise edge)
                                                      0.000     0.000 r  
    L16                                               0.000     0.000 r  clk (IN)
                         net (fo=0)                   0.000     0.000    clk
    L16                  IBUF (Prop_ibuf_I_O)         1.491     1.491 r  clk_IBUF_inst/O
                         net (fo=1, routed)           2.076     3.567    clk_IBUF
    BUFGCTRL_X0Y16       BUFG (Prop_bufg_I_O)         0.101     3.668 r  clk_IBUF_BUFG_inst/O
                         net (fo=959, routed)         1.643     5.311    Inst_md_io/Inst_VGA/sync_unit/clk
    SLICE_X24Y69         FDRE                                         r  Inst_md_io/Inst_VGA/sync_unit/rgb_reg_reg[10]/C
  -------------------------------------------------------------------    -------------------
    SLICE_X24Y69         FDRE (Prop_fdre_C_Q)         0.518     5.829 r  Inst_md_io/Inst_VGA/sync_unit/rgb_reg_reg[10]/Q
                         net (fo=2, routed)           4.205    10.034    rgb_OBUF[4]
    P20                  OBUF (Prop_obuf_I_O)         3.549    13.583 r  rgb_OBUF[4]_inst/O
                         net (fo=0)                   0.000    13.583    rgb[4]
    P20                                                               r  rgb[4] (OUT)
  -------------------------------------------------------------------    -------------------

Slack:                    inf
  Source:                 Inst_md_io/Inst_VGA/sync_unit/rgb_reg_reg[15]/C
                            (rising edge-triggered cell FDRE clocked by sys_clk_pin  {rise@0.000ns fall@4.000ns period=8.000ns})
  Destination:            rgb[15]
                            (output port)
  Path Group:             (none)
  Path Type:              Max at Slow Process Corner
  Data Path Delay:        8.057ns  (logic 4.057ns (50.351%)  route 4.000ns (49.649%))
  Logic Levels:           1  (OBUF=1)
  Clock Uncertainty:      0.025ns  ((TSJ^2 + TIJ^2)^1/2 + DJ) / 2 + PE
    Total System Jitter     (TSJ):    0.050ns
    Total Input Jitter      (TIJ):    0.000ns
    Discrete Jitter          (DJ):    0.000ns
    Phase Error              (PE):    0.000ns

    Location             Delay type                Incr(ns)  Path(ns)    Netlist Resource(s)
  -------------------------------------------------------------------    -------------------
                         (clock sys_clk_pin rise edge)
                                                      0.000     0.000 r  
    L16                                               0.000     0.000 r  clk (IN)
                         net (fo=0)                   0.000     0.000    clk
    L16                  IBUF (Prop_ibuf_I_O)         1.491     1.491 r  clk_IBUF_inst/O
                         net (fo=1, routed)           2.076     3.567    clk_IBUF
    BUFGCTRL_X0Y16       BUFG (Prop_bufg_I_O)         0.101     3.668 r  clk_IBUF_BUFG_inst/O
                         net (fo=959, routed)         1.644     5.312    Inst_md_io/Inst_VGA/sync_unit/clk
    SLICE_X23Y68         FDRE                                         r  Inst_md_io/Inst_VGA/sync_unit/rgb_reg_reg[15]/C
  -------------------------------------------------------------------    -------------------
    SLICE_X23Y68         FDRE (Prop_fdre_C_Q)         0.456     5.768 r  Inst_md_io/Inst_VGA/sync_unit/rgb_reg_reg[15]/Q
                         net (fo=4, routed)           4.000     9.769    rgb_OBUF[12]
    M19                  OBUF (Prop_obuf_I_O)         3.601    13.369 r  rgb_OBUF[15]_inst/O
                         net (fo=0)                   0.000    13.369    rgb[15]
    M19                                                               r  rgb[15] (OUT)
  -------------------------------------------------------------------    -------------------

Slack:                    inf
  Source:                 Inst_md_io/Inst_VGA/sync_unit/rgb_reg_reg[9]/C
                            (rising edge-triggered cell FDRE clocked by sys_clk_pin  {rise@0.000ns fall@4.000ns period=8.000ns})
  Destination:            rgb[6]
                            (output port)
  Path Group:             (none)
  Path Type:              Max at Slow Process Corner
  Data Path Delay:        7.813ns  (logic 3.973ns (50.849%)  route 3.840ns (49.151%))
  Logic Levels:           1  (OBUF=1)
  Clock Uncertainty:      0.025ns  ((TSJ^2 + TIJ^2)^1/2 + DJ) / 2 + PE
    Total System Jitter     (TSJ):    0.050ns
    Total Input Jitter      (TIJ):    0.000ns
    Discrete Jitter          (DJ):    0.000ns
    Phase Error              (PE):    0.000ns

    Location             Delay type                Incr(ns)  Path(ns)    Netlist Resource(s)
  -------------------------------------------------------------------    -------------------
                         (clock sys_clk_pin rise edge)
                                                      0.000     0.000 r  
    L16                                               0.000     0.000 r  clk (IN)
                         net (fo=0)                   0.000     0.000    clk
    L16                  IBUF (Prop_ibuf_I_O)         1.491     1.491 r  clk_IBUF_inst/O
                         net (fo=1, routed)           2.076     3.567    clk_IBUF
    BUFGCTRL_X0Y16       BUFG (Prop_bufg_I_O)         0.101     3.668 r  clk_IBUF_BUFG_inst/O
                         net (fo=959, routed)         1.651     5.319    Inst_md_io/Inst_VGA/sync_unit/clk
    SLICE_X23Y87         FDRE                                         r  Inst_md_io/Inst_VGA/sync_unit/rgb_reg_reg[9]/C
  -------------------------------------------------------------------    -------------------
    SLICE_X23Y87         FDRE (Prop_fdre_C_Q)         0.456     5.775 r  Inst_md_io/Inst_VGA/sync_unit/rgb_reg_reg[9]/Q
                         net (fo=5, routed)           3.840     9.616    rgb_OBUF[5]
    H20                  OBUF (Prop_obuf_I_O)         3.517    13.132 r  rgb_OBUF[6]_inst/O
                         net (fo=0)                   0.000    13.132    rgb[6]
    H20                                                               r  rgb[6] (OUT)
  -------------------------------------------------------------------    -------------------

Slack:                    inf
  Source:                 Inst_md_io/Inst_VGA/sync_unit/rgb_reg_reg[15]/C
                            (rising edge-triggered cell FDRE clocked by sys_clk_pin  {rise@0.000ns fall@4.000ns period=8.000ns})
  Destination:            rgb[14]
                            (output port)
  Path Group:             (none)
  Path Type:              Max at Slow Process Corner
  Data Path Delay:        7.597ns  (logic 4.022ns (52.940%)  route 3.575ns (47.060%))
  Logic Levels:           1  (OBUF=1)
  Clock Uncertainty:      0.025ns  ((TSJ^2 + TIJ^2)^1/2 + DJ) / 2 + PE
    Total System Jitter     (TSJ):    0.050ns
    Total Input Jitter      (TIJ):    0.000ns
    Discrete Jitter          (DJ):    0.000ns
    Phase Error              (PE):    0.000ns

    Location             Delay type                Incr(ns)  Path(ns)    Netlist Resource(s)
  -------------------------------------------------------------------    -------------------
                         (clock sys_clk_pin rise edge)
                                                      0.000     0.000 r  
    L16                                               0.000     0.000 r  clk (IN)
                         net (fo=0)                   0.000     0.000    clk
    L16                  IBUF (Prop_ibuf_I_O)         1.491     1.491 r  clk_IBUF_inst/O
                         net (fo=1, routed)           2.076     3.567    clk_IBUF
    BUFGCTRL_X0Y16       BUFG (Prop_bufg_I_O)         0.101     3.668 r  clk_IBUF_BUFG_inst/O
                         net (fo=959, routed)         1.644     5.312    Inst_md_io/Inst_VGA/sync_unit/clk
    SLICE_X23Y68         FDRE                                         r  Inst_md_io/Inst_VGA/sync_unit/rgb_reg_reg[15]/C
  -------------------------------------------------------------------    -------------------
    SLICE_X23Y68         FDRE (Prop_fdre_C_Q)         0.456     5.768 r  Inst_md_io/Inst_VGA/sync_unit/rgb_reg_reg[15]/Q
                         net (fo=4, routed)           3.575     9.343    rgb_OBUF[12]
    L20                  OBUF (Prop_obuf_I_O)         3.566    12.909 r  rgb_OBUF[14]_inst/O
                         net (fo=0)                   0.000    12.909    rgb[14]
    L20                                                               r  rgb[14] (OUT)
  -------------------------------------------------------------------    -------------------

Slack:                    inf
  Source:                 Inst_md_io/Inst_VGA/sync_unit/hsync_reg_reg/C
                            (rising edge-triggered cell FDRE clocked by sys_clk_pin  {rise@0.000ns fall@4.000ns period=8.000ns})
  Destination:            hsync
                            (output port)
  Path Group:             (none)
  Path Type:              Max at Slow Process Corner
  Data Path Delay:        7.535ns  (logic 4.005ns (53.153%)  route 3.530ns (46.847%))
  Logic Levels:           1  (OBUF=1)
  Clock Uncertainty:      0.025ns  ((TSJ^2 + TIJ^2)^1/2 + DJ) / 2 + PE
    Total System Jitter     (TSJ):    0.050ns
    Total Input Jitter      (TIJ):    0.000ns
    Discrete Jitter          (DJ):    0.000ns
    Phase Error              (PE):    0.000ns

    Location             Delay type                Incr(ns)  Path(ns)    Netlist Resource(s)
  -------------------------------------------------------------------    -------------------
                         (clock sys_clk_pin rise edge)
                                                      0.000     0.000 r  
    L16                                               0.000     0.000 r  clk (IN)
                         net (fo=0)                   0.000     0.000    clk
    L16                  IBUF (Prop_ibuf_I_O)         1.491     1.491 r  clk_IBUF_inst/O
                         net (fo=1, routed)           2.076     3.567    clk_IBUF
    BUFGCTRL_X0Y16       BUFG (Prop_bufg_I_O)         0.101     3.668 r  clk_IBUF_BUFG_inst/O
                         net (fo=959, routed)         1.650     5.318    Inst_md_io/Inst_VGA/sync_unit/clk
    SLICE_X22Y63         FDRE                                         r  Inst_md_io/Inst_VGA/sync_unit/hsync_reg_reg/C
  -------------------------------------------------------------------    -------------------
    SLICE_X22Y63         FDRE (Prop_fdre_C_Q)         0.456     5.774 r  Inst_md_io/Inst_VGA/sync_unit/hsync_reg_reg/Q
                         net (fo=1, routed)           3.530     9.304    hsync_OBUF
    P19                  OBUF (Prop_obuf_I_O)         3.549    12.853 r  hsync_OBUF_inst/O
                         net (fo=0)                   0.000    12.853    hsync
    P19                                                               r  hsync (OUT)
  -------------------------------------------------------------------    -------------------

Slack:                    inf
  Source:                 Inst_md_io/Inst_VGA/sync_unit/rgb_reg_reg[9]/C
                            (rising edge-triggered cell FDRE clocked by sys_clk_pin  {rise@0.000ns fall@4.000ns period=8.000ns})
  Destination:            rgb[5]
                            (output port)
  Path Group:             (none)
  Path Type:              Max at Slow Process Corner
  Data Path Delay:        7.519ns  (logic 3.978ns (52.905%)  route 3.541ns (47.095%))
  Logic Levels:           1  (OBUF=1)
  Clock Uncertainty:      0.025ns  ((TSJ^2 + TIJ^2)^1/2 + DJ) / 2 + PE
    Total System Jitter     (TSJ):    0.050ns
    Total Input Jitter      (TIJ):    0.000ns
    Discrete Jitter          (DJ):    0.000ns
    Phase Error              (PE):    0.000ns

    Location             Delay type                Incr(ns)  Path(ns)    Netlist Resource(s)
  -------------------------------------------------------------------    -------------------
                         (clock sys_clk_pin rise edge)
                                                      0.000     0.000 r  
    L16                                               0.000     0.000 r  clk (IN)
                         net (fo=0)                   0.000     0.000    clk
    L16                  IBUF (Prop_ibuf_I_O)         1.491     1.491 r  clk_IBUF_inst/O
                         net (fo=1, routed)           2.076     3.567    clk_IBUF
    BUFGCTRL_X0Y16       BUFG (Prop_bufg_I_O)         0.101     3.668 r  clk_IBUF_BUFG_inst/O
                         net (fo=959, routed)         1.651     5.319    Inst_md_io/Inst_VGA/sync_unit/clk
    SLICE_X23Y87         FDRE                                         r  Inst_md_io/Inst_VGA/sync_unit/rgb_reg_reg[9]/C
  -------------------------------------------------------------------    -------------------
    SLICE_X23Y87         FDRE (Prop_fdre_C_Q)         0.456     5.775 r  Inst_md_io/Inst_VGA/sync_unit/rgb_reg_reg[9]/Q
                         net (fo=5, routed)           3.541     9.316    rgb_OBUF[5]
    F20                  OBUF (Prop_obuf_I_O)         3.522    12.838 r  rgb_OBUF[5]_inst/O
                         net (fo=0)                   0.000    12.838    rgb[5]
    F20                                                               r  rgb[5] (OUT)
  -------------------------------------------------------------------    -------------------

Slack:                    inf
  Source:                 Inst_md_io/Inst_VGA/sync_unit/rgb_reg_reg[3]/C
                            (rising edge-triggered cell FDRE clocked by sys_clk_pin  {rise@0.000ns fall@4.000ns period=8.000ns})
  Destination:            rgb[3]
                            (output port)
  Path Group:             (none)
  Path Type:              Max at Slow Process Corner
  Data Path Delay:        7.317ns  (logic 4.047ns (55.309%)  route 3.270ns (44.691%))
  Logic Levels:           1  (OBUF=1)
  Clock Uncertainty:      0.025ns  ((TSJ^2 + TIJ^2)^1/2 + DJ) / 2 + PE
    Total System Jitter     (TSJ):    0.050ns
    Total Input Jitter      (TIJ):    0.000ns
    Discrete Jitter          (DJ):    0.000ns
    Phase Error              (PE):    0.000ns

    Location             Delay type                Incr(ns)  Path(ns)    Netlist Resource(s)
  -------------------------------------------------------------------    -------------------
                         (clock sys_clk_pin rise edge)
                                                      0.000     0.000 r  
    L16                                               0.000     0.000 r  clk (IN)
                         net (fo=0)                   0.000     0.000    clk
    L16                  IBUF (Prop_ibuf_I_O)         1.491     1.491 r  clk_IBUF_inst/O
                         net (fo=1, routed)           2.076     3.567    clk_IBUF
    BUFGCTRL_X0Y16       BUFG (Prop_bufg_I_O)         0.101     3.668 r  clk_IBUF_BUFG_inst/O
                         net (fo=959, routed)         1.648     5.316    Inst_md_io/Inst_VGA/sync_unit/clk
    SLICE_X26Y68         FDRE                                         r  Inst_md_io/Inst_VGA/sync_unit/rgb_reg_reg[3]/C
  -------------------------------------------------------------------    -------------------
    SLICE_X26Y68         FDRE (Prop_fdre_C_Q)         0.456     5.772 r  Inst_md_io/Inst_VGA/sync_unit/rgb_reg_reg[3]/Q
                         net (fo=4, routed)           3.270     9.042    rgb_OBUF[0]
    M20                  OBUF (Prop_obuf_I_O)         3.591    12.633 r  rgb_OBUF[3]_inst/O
                         net (fo=0)                   0.000    12.633    rgb[3]
    M20                                                               r  rgb[3] (OUT)
  -------------------------------------------------------------------    -------------------

Slack:                    inf
  Source:                 Inst_md_io/Inst_VGA/sync_unit/rgb_reg_reg[3]/C
                            (rising edge-triggered cell FDRE clocked by sys_clk_pin  {rise@0.000ns fall@4.000ns period=8.000ns})
  Destination:            rgb[2]
                            (output port)
  Path Group:             (none)
  Path Type:              Max at Slow Process Corner
  Data Path Delay:        7.076ns  (logic 3.999ns (56.517%)  route 3.077ns (43.483%))
  Logic Levels:           1  (OBUF=1)
  Clock Uncertainty:      0.025ns  ((TSJ^2 + TIJ^2)^1/2 + DJ) / 2 + PE
    Total System Jitter     (TSJ):    0.050ns
    Total Input Jitter      (TIJ):    0.000ns
    Discrete Jitter          (DJ):    0.000ns
    Phase Error              (PE):    0.000ns

    Location             Delay type                Incr(ns)  Path(ns)    Netlist Resource(s)
  -------------------------------------------------------------------    -------------------
                         (clock sys_clk_pin rise edge)
                                                      0.000     0.000 r  
    L16                                               0.000     0.000 r  clk (IN)
                         net (fo=0)                   0.000     0.000    clk
    L16                  IBUF (Prop_ibuf_I_O)         1.491     1.491 r  clk_IBUF_inst/O
                         net (fo=1, routed)           2.076     3.567    clk_IBUF
    BUFGCTRL_X0Y16       BUFG (Prop_bufg_I_O)         0.101     3.668 r  clk_IBUF_BUFG_inst/O
                         net (fo=959, routed)         1.648     5.316    Inst_md_io/Inst_VGA/sync_unit/clk
    SLICE_X26Y68         FDRE                                         r  Inst_md_io/Inst_VGA/sync_unit/rgb_reg_reg[3]/C
  -------------------------------------------------------------------    -------------------
    SLICE_X26Y68         FDRE (Prop_fdre_C_Q)         0.456     5.772 r  Inst_md_io/Inst_VGA/sync_unit/rgb_reg_reg[3]/Q
                         net (fo=4, routed)           3.077     8.849    rgb_OBUF[0]
    K19                  OBUF (Prop_obuf_I_O)         3.543    12.392 r  rgb_OBUF[2]_inst/O
                         net (fo=0)                   0.000    12.392    rgb[2]
    K19                                                               r  rgb[2] (OUT)
  -------------------------------------------------------------------    -------------------

Slack:                    inf
  Source:                 Inst_md_io/Inst_VGA/sync_unit/rgb_reg_reg[9]/C
                            (rising edge-triggered cell FDRE clocked by sys_clk_pin  {rise@0.000ns fall@4.000ns period=8.000ns})
  Destination:            rgb[7]
                            (output port)
  Path Group:             (none)
  Path Type:              Max at Slow Process Corner
  Data Path Delay:        7.012ns  (logic 4.002ns (57.068%)  route 3.011ns (42.932%))
  Logic Levels:           1  (OBUF=1)
  Clock Uncertainty:      0.025ns  ((TSJ^2 + TIJ^2)^1/2 + DJ) / 2 + PE
    Total System Jitter     (TSJ):    0.050ns
    Total Input Jitter      (TIJ):    0.000ns
    Discrete Jitter          (DJ):    0.000ns
    Phase Error              (PE):    0.000ns

    Location             Delay type                Incr(ns)  Path(ns)    Netlist Resource(s)
  -------------------------------------------------------------------    -------------------
                         (clock sys_clk_pin rise edge)
                                                      0.000     0.000 r  
    L16                                               0.000     0.000 r  clk (IN)
                         net (fo=0)                   0.000     0.000    clk
    L16                  IBUF (Prop_ibuf_I_O)         1.491     1.491 r  clk_IBUF_inst/O
                         net (fo=1, routed)           2.076     3.567    clk_IBUF
    BUFGCTRL_X0Y16       BUFG (Prop_bufg_I_O)         0.101     3.668 r  clk_IBUF_BUFG_inst/O
                         net (fo=959, routed)         1.651     5.319    Inst_md_io/Inst_VGA/sync_unit/clk
    SLICE_X23Y87         FDRE                                         r  Inst_md_io/Inst_VGA/sync_unit/rgb_reg_reg[9]/C
  -------------------------------------------------------------------    -------------------
    SLICE_X23Y87         FDRE (Prop_fdre_C_Q)         0.456     5.775 r  Inst_md_io/Inst_VGA/sync_unit/rgb_reg_reg[9]/Q
                         net (fo=5, routed)           3.011     8.786    rgb_OBUF[5]
    J19                  OBUF (Prop_obuf_I_O)         3.546    12.332 r  rgb_OBUF[7]_inst/O
                         net (fo=0)                   0.000    12.332    rgb[7]
    J19                                                               r  rgb[7] (OUT)
  -------------------------------------------------------------------    -------------------





Min Delay Paths
--------------------------------------------------------------------------------------
Slack:                    inf
  Source:                 Inst_md_io/Inst_VGA/sync_unit/vsync_reg_reg/C
                            (rising edge-triggered cell FDRE clocked by sys_clk_pin  {rise@0.000ns fall@4.000ns period=8.000ns})
  Destination:            vsync
                            (output port)
  Path Group:             (none)
  Path Type:              Min at Fast Process Corner
  Data Path Delay:        1.954ns  (logic 1.394ns (71.326%)  route 0.560ns (28.674%))
  Logic Levels:           1  (OBUF=1)
  Clock Uncertainty:      0.025ns  ((TSJ^2 + TIJ^2)^1/2 + DJ) / 2 + PE
    Total System Jitter     (TSJ):    0.050ns
    Total Input Jitter      (TIJ):    0.000ns
    Discrete Jitter          (DJ):    0.000ns
    Phase Error              (PE):    0.000ns

    Location             Delay type                Incr(ns)  Path(ns)    Netlist Resource(s)
  -------------------------------------------------------------------    -------------------
                         (clock sys_clk_pin rise edge)
                                                      0.000     0.000 r  
    L16                                               0.000     0.000 r  clk (IN)
                         net (fo=0)                   0.000     0.000    clk
    L16                  IBUF (Prop_ibuf_I_O)         0.259     0.259 r  clk_IBUF_inst/O
                         net (fo=1, routed)           0.627     0.886    clk_IBUF
    BUFGCTRL_X0Y16       BUFG (Prop_bufg_I_O)         0.026     0.912 r  clk_IBUF_BUFG_inst/O
                         net (fo=959, routed)         0.583     1.495    Inst_md_io/Inst_VGA/sync_unit/clk
    SLICE_X39Y62         FDRE                                         r  Inst_md_io/Inst_VGA/sync_unit/vsync_reg_reg/C
  -------------------------------------------------------------------    -------------------
    SLICE_X39Y62         FDRE (Prop_fdre_C_Q)         0.141     1.636 r  Inst_md_io/Inst_VGA/sync_unit/vsync_reg_reg/Q
                         net (fo=1, routed)           0.560     2.196    vsync_OBUF
    R19                  OBUF (Prop_obuf_I_O)         1.253     3.449 r  vsync_OBUF_inst/O
                         net (fo=0)                   0.000     3.449    vsync
    R19                                                               r  vsync (OUT)
  -------------------------------------------------------------------    -------------------

Slack:                    inf
  Source:                 Inst_md_io/Inst_VGA/sync_unit/rgb_reg_reg[3]/C
                            (rising edge-triggered cell FDRE clocked by sys_clk_pin  {rise@0.000ns fall@4.000ns period=8.000ns})
  Destination:            rgb[0]
                            (output port)
  Path Group:             (none)
  Path Type:              Min at Fast Process Corner
  Data Path Delay:        2.066ns  (logic 1.365ns (66.063%)  route 0.701ns (33.937%))
  Logic Levels:           1  (OBUF=1)
  Clock Uncertainty:      0.025ns  ((TSJ^2 + TIJ^2)^1/2 + DJ) / 2 + PE
    Total System Jitter     (TSJ):    0.050ns
    Total Input Jitter      (TIJ):    0.000ns
    Discrete Jitter          (DJ):    0.000ns
    Phase Error              (PE):    0.000ns

    Location             Delay type                Incr(ns)  Path(ns)    Netlist Resource(s)
  -------------------------------------------------------------------    -------------------
                         (clock sys_clk_pin rise edge)
                                                      0.000     0.000 r  
    L16                                               0.000     0.000 r  clk (IN)
                         net (fo=0)                   0.000     0.000    clk
    L16                  IBUF (Prop_ibuf_I_O)         0.259     0.259 r  clk_IBUF_inst/O
                         net (fo=1, routed)           0.627     0.886    clk_IBUF
    BUFGCTRL_X0Y16       BUFG (Prop_bufg_I_O)         0.026     0.912 r  clk_IBUF_BUFG_inst/O
                         net (fo=959, routed)         0.552     1.464    Inst_md_io/Inst_VGA/sync_unit/clk
    SLICE_X26Y68         FDRE                                         r  Inst_md_io/Inst_VGA/sync_unit/rgb_reg_reg[3]/C
  -------------------------------------------------------------------    -------------------
    SLICE_X26Y68         FDRE (Prop_fdre_C_Q)         0.141     1.605 r  Inst_md_io/Inst_VGA/sync_unit/rgb_reg_reg[3]/Q
                         net (fo=4, routed)           0.701     2.306    rgb_OBUF[0]
    G19                  OBUF (Prop_obuf_I_O)         1.224     3.530 r  rgb_OBUF[0]_inst/O
                         net (fo=0)                   0.000     3.530    rgb[0]
    G19                                                               r  rgb[0] (OUT)
  -------------------------------------------------------------------    -------------------

Slack:                    inf
  Source:                 Inst_md_io/Inst_VGA/sync_unit/rgb_reg_reg[11]/C
                            (rising edge-triggered cell FDRE clocked by sys_clk_pin  {rise@0.000ns fall@4.000ns period=8.000ns})
  Destination:            rgb[11]
                            (output port)
  Path Group:             (none)
  Path Type:              Min at Fast Process Corner
  Data Path Delay:        2.154ns  (logic 1.364ns (63.341%)  route 0.789ns (36.659%))
  Logic Levels:           1  (OBUF=1)
  Clock Uncertainty:      0.025ns  ((TSJ^2 + TIJ^2)^1/2 + DJ) / 2 + PE
    Total System Jitter     (TSJ):    0.050ns
    Total Input Jitter      (TIJ):    0.000ns
    Discrete Jitter          (DJ):    0.000ns
    Phase Error              (PE):    0.000ns

    Location             Delay type                Incr(ns)  Path(ns)    Netlist Resource(s)
  -------------------------------------------------------------------    -------------------
                         (clock sys_clk_pin rise edge)
                                                      0.000     0.000 r  
    L16                                               0.000     0.000 r  clk (IN)
                         net (fo=0)                   0.000     0.000    clk
    L16                  IBUF (Prop_ibuf_I_O)         0.259     0.259 r  clk_IBUF_inst/O
                         net (fo=1, routed)           0.627     0.886    clk_IBUF
    BUFGCTRL_X0Y16       BUFG (Prop_bufg_I_O)         0.026     0.912 r  clk_IBUF_BUFG_inst/O
                         net (fo=959, routed)         0.549     1.461    Inst_md_io/Inst_VGA/sync_unit/clk
    SLICE_X23Y68         FDRE                                         r  Inst_md_io/Inst_VGA/sync_unit/rgb_reg_reg[11]/C
  -------------------------------------------------------------------    -------------------
    SLICE_X23Y68         FDRE (Prop_fdre_C_Q)         0.141     1.602 r  Inst_md_io/Inst_VGA/sync_unit/rgb_reg_reg[11]/Q
                         net (fo=1, routed)           0.789     2.391    rgb_OBUF[11]
    F19                  OBUF (Prop_obuf_I_O)         1.223     3.614 r  rgb_OBUF[11]_inst/O
                         net (fo=0)                   0.000     3.614    rgb[11]
    F19                                                               r  rgb[11] (OUT)
  -------------------------------------------------------------------    -------------------

Slack:                    inf
  Source:                 Inst_md_io/Inst_VGA/sync_unit/rgb_reg_reg[15]/C
                            (rising edge-triggered cell FDRE clocked by sys_clk_pin  {rise@0.000ns fall@4.000ns period=8.000ns})
  Destination:            rgb[12]
                            (output port)
  Path Group:             (none)
  Path Type:              Min at Fast Process Corner
  Data Path Delay:        2.162ns  (logic 1.362ns (63.000%)  route 0.800ns (37.000%))
  Logic Levels:           1  (OBUF=1)
  Clock Uncertainty:      0.025ns  ((TSJ^2 + TIJ^2)^1/2 + DJ) / 2 + PE
    Total System Jitter     (TSJ):    0.050ns
    Total Input Jitter      (TIJ):    0.000ns
    Discrete Jitter          (DJ):    0.000ns
    Phase Error              (PE):    0.000ns

    Location             Delay type                Incr(ns)  Path(ns)    Netlist Resource(s)
  -------------------------------------------------------------------    -------------------
                         (clock sys_clk_pin rise edge)
                                                      0.000     0.000 r  
    L16                                               0.000     0.000 r  clk (IN)
                         net (fo=0)                   0.000     0.000    clk
    L16                  IBUF (Prop_ibuf_I_O)         0.259     0.259 r  clk_IBUF_inst/O
                         net (fo=1, routed)           0.627     0.886    clk_IBUF
    BUFGCTRL_X0Y16       BUFG (Prop_bufg_I_O)         0.026     0.912 r  clk_IBUF_BUFG_inst/O
                         net (fo=959, routed)         0.549     1.461    Inst_md_io/Inst_VGA/sync_unit/clk
    SLICE_X23Y68         FDRE                                         r  Inst_md_io/Inst_VGA/sync_unit/rgb_reg_reg[15]/C
  -------------------------------------------------------------------    -------------------
    SLICE_X23Y68         FDRE (Prop_fdre_C_Q)         0.141     1.602 r  Inst_md_io/Inst_VGA/sync_unit/rgb_reg_reg[15]/Q
                         net (fo=4, routed)           0.800     2.402    rgb_OBUF[12]
    G20                  OBUF (Prop_obuf_I_O)         1.221     3.623 r  rgb_OBUF[12]_inst/O
                         net (fo=0)                   0.000     3.623    rgb[12]
    G20                                                               r  rgb[12] (OUT)
  -------------------------------------------------------------------    -------------------

Slack:                    inf
  Source:                 Inst_md_io/Inst_VGA/sync_unit/rgb_reg_reg[10]/C
                            (rising edge-triggered cell FDRE clocked by sys_clk_pin  {rise@0.000ns fall@4.000ns period=8.000ns})
  Destination:            rgb[10]
                            (output port)
  Path Group:             (none)
  Path Type:              Min at Fast Process Corner
  Data Path Delay:        2.165ns  (logic 1.395ns (64.420%)  route 0.770ns (35.580%))
  Logic Levels:           1  (OBUF=1)
  Clock Uncertainty:      0.025ns  ((TSJ^2 + TIJ^2)^1/2 + DJ) / 2 + PE
    Total System Jitter     (TSJ):    0.050ns
    Total Input Jitter      (TIJ):    0.000ns
    Discrete Jitter          (DJ):    0.000ns
    Phase Error              (PE):    0.000ns

    Location             Delay type                Incr(ns)  Path(ns)    Netlist Resource(s)
  -------------------------------------------------------------------    -------------------
                         (clock sys_clk_pin rise edge)
                                                      0.000     0.000 r  
    L16                                               0.000     0.000 r  clk (IN)
                         net (fo=0)                   0.000     0.000    clk
    L16                  IBUF (Prop_ibuf_I_O)         0.259     0.259 r  clk_IBUF_inst/O
                         net (fo=1, routed)           0.627     0.886    clk_IBUF
    BUFGCTRL_X0Y16       BUFG (Prop_bufg_I_O)         0.026     0.912 r  clk_IBUF_BUFG_inst/O
                         net (fo=959, routed)         0.548     1.460    Inst_md_io/Inst_VGA/sync_unit/clk
    SLICE_X24Y69         FDRE                                         r  Inst_md_io/Inst_VGA/sync_unit/rgb_reg_reg[10]/C
  -------------------------------------------------------------------    -------------------
    SLICE_X24Y69         FDRE (Prop_fdre_C_Q)         0.164     1.624 r  Inst_md_io/Inst_VGA/sync_unit/rgb_reg_reg[10]/Q
                         net (fo=2, routed)           0.770     2.394    rgb_OBUF[4]
    H18                  OBUF (Prop_obuf_I_O)         1.231     3.625 r  rgb_OBUF[10]_inst/O
                         net (fo=0)                   0.000     3.625    rgb[10]
    H18                                                               r  rgb[10] (OUT)
  -------------------------------------------------------------------    -------------------

Slack:                    inf
  Source:                 Inst_md_io/Inst_VGA/sync_unit/rgb_reg_reg[3]/C
                            (rising edge-triggered cell FDRE clocked by sys_clk_pin  {rise@0.000ns fall@4.000ns period=8.000ns})
  Destination:            rgb[1]
                            (output port)
  Path Group:             (none)
  Path Type:              Min at Fast Process Corner
  Data Path Delay:        2.197ns  (logic 1.375ns (62.612%)  route 0.821ns (37.389%))
  Logic Levels:           1  (OBUF=1)
  Clock Uncertainty:      0.025ns  ((TSJ^2 + TIJ^2)^1/2 + DJ) / 2 + PE
    Total System Jitter     (TSJ):    0.050ns
    Total Input Jitter      (TIJ):    0.000ns
    Discrete Jitter          (DJ):    0.000ns
    Phase Error              (PE):    0.000ns

    Location             Delay type                Incr(ns)  Path(ns)    Netlist Resource(s)
  -------------------------------------------------------------------    -------------------
                         (clock sys_clk_pin rise edge)
                                                      0.000     0.000 r  
    L16                                               0.000     0.000 r  clk (IN)
                         net (fo=0)                   0.000     0.000    clk
    L16                  IBUF (Prop_ibuf_I_O)         0.259     0.259 r  clk_IBUF_inst/O
                         net (fo=1, routed)           0.627     0.886    clk_IBUF
    BUFGCTRL_X0Y16       BUFG (Prop_bufg_I_O)         0.026     0.912 r  clk_IBUF_BUFG_inst/O
                         net (fo=959, routed)         0.552     1.464    Inst_md_io/Inst_VGA/sync_unit/clk
    SLICE_X26Y68         FDRE                                         r  Inst_md_io/Inst_VGA/sync_unit/rgb_reg_reg[3]/C
  -------------------------------------------------------------------    -------------------
    SLICE_X26Y68         FDRE (Prop_fdre_C_Q)         0.141     1.605 r  Inst_md_io/Inst_VGA/sync_unit/rgb_reg_reg[3]/Q
                         net (fo=4, routed)           0.821     2.426    rgb_OBUF[0]
    J18                  OBUF (Prop_obuf_I_O)         1.234     3.661 r  rgb_OBUF[1]_inst/O
                         net (fo=0)                   0.000     3.661    rgb[1]
    J18                                                               r  rgb[1] (OUT)
  -------------------------------------------------------------------    -------------------

Slack:                    inf
  Source:                 Inst_md_io/Inst_VGA/sync_unit/rgb_reg_reg[9]/C
                            (rising edge-triggered cell FDRE clocked by sys_clk_pin  {rise@0.000ns fall@4.000ns period=8.000ns})
  Destination:            rgb[8]
                            (output port)
  Path Group:             (none)
  Path Type:              Min at Fast Process Corner
  Data Path Delay:        2.264ns  (logic 1.406ns (62.090%)  route 0.858ns (37.910%))
  Logic Levels:           1  (OBUF=1)
  Clock Uncertainty:      0.025ns  ((TSJ^2 + TIJ^2)^1/2 + DJ) / 2 + PE
    Total System Jitter     (TSJ):    0.050ns
    Total Input Jitter      (TIJ):    0.000ns
    Discrete Jitter          (DJ):    0.000ns
    Phase Error              (PE):    0.000ns

    Location             Delay type                Incr(ns)  Path(ns)    Netlist Resource(s)
  -------------------------------------------------------------------    -------------------
                         (clock sys_clk_pin rise edge)
                                                      0.000     0.000 r  
    L16                                               0.000     0.000 r  clk (IN)
                         net (fo=0)                   0.000     0.000    clk
    L16                  IBUF (Prop_ibuf_I_O)         0.259     0.259 r  clk_IBUF_inst/O
                         net (fo=1, routed)           0.627     0.886    clk_IBUF
    BUFGCTRL_X0Y16       BUFG (Prop_bufg_I_O)         0.026     0.912 r  clk_IBUF_BUFG_inst/O
                         net (fo=959, routed)         0.553     1.465    Inst_md_io/Inst_VGA/sync_unit/clk
    SLICE_X23Y87         FDRE                                         r  Inst_md_io/Inst_VGA/sync_unit/rgb_reg_reg[9]/C
  -------------------------------------------------------------------    -------------------
    SLICE_X23Y87         FDRE (Prop_fdre_C_Q)         0.141     1.606 r  Inst_md_io/Inst_VGA/sync_unit/rgb_reg_reg[9]/Q
                         net (fo=5, routed)           0.858     2.464    rgb_OBUF[5]
    L19                  OBUF (Prop_obuf_I_O)         1.265     3.729 r  rgb_OBUF[8]_inst/O
                         net (fo=0)                   0.000     3.729    rgb[8]
    L19                                                               r  rgb[8] (OUT)
  -------------------------------------------------------------------    -------------------

Slack:                    inf
  Source:                 Inst_md_io/Inst_VGA/sync_unit/rgb_reg_reg[15]/C
                            (rising edge-triggered cell FDRE clocked by sys_clk_pin  {rise@0.000ns fall@4.000ns period=8.000ns})
  Destination:            rgb[13]
                            (output port)
  Path Group:             (none)
  Path Type:              Min at Fast Process Corner
  Data Path Delay:        2.286ns  (logic 1.361ns (59.523%)  route 0.925ns (40.477%))
  Logic Levels:           1  (OBUF=1)
  Clock Uncertainty:      0.025ns  ((TSJ^2 + TIJ^2)^1/2 + DJ) / 2 + PE
    Total System Jitter     (TSJ):    0.050ns
    Total Input Jitter      (TIJ):    0.000ns
    Discrete Jitter          (DJ):    0.000ns
    Phase Error              (PE):    0.000ns

    Location             Delay type                Incr(ns)  Path(ns)    Netlist Resource(s)
  -------------------------------------------------------------------    -------------------
                         (clock sys_clk_pin rise edge)
                                                      0.000     0.000 r  
    L16                                               0.000     0.000 r  clk (IN)
                         net (fo=0)                   0.000     0.000    clk
    L16                  IBUF (Prop_ibuf_I_O)         0.259     0.259 r  clk_IBUF_inst/O
                         net (fo=1, routed)           0.627     0.886    clk_IBUF
    BUFGCTRL_X0Y16       BUFG (Prop_bufg_I_O)         0.026     0.912 r  clk_IBUF_BUFG_inst/O
                         net (fo=959, routed)         0.549     1.461    Inst_md_io/Inst_VGA/sync_unit/clk
    SLICE_X23Y68         FDRE                                         r  Inst_md_io/Inst_VGA/sync_unit/rgb_reg_reg[15]/C
  -------------------------------------------------------------------    -------------------
    SLICE_X23Y68         FDRE (Prop_fdre_C_Q)         0.141     1.602 r  Inst_md_io/Inst_VGA/sync_unit/rgb_reg_reg[15]/Q
                         net (fo=4, routed)           0.925     2.527    rgb_OBUF[12]
    J20                  OBUF (Prop_obuf_I_O)         1.220     3.747 r  rgb_OBUF[13]_inst/O
                         net (fo=0)                   0.000     3.747    rgb[13]
    J20                                                               r  rgb[13] (OUT)
  -------------------------------------------------------------------    -------------------

Slack:                    inf
  Source:                 Inst_md_io/Inst_VGA/sync_unit/rgb_reg_reg[9]/C
                            (rising edge-triggered cell FDRE clocked by sys_clk_pin  {rise@0.000ns fall@4.000ns period=8.000ns})
  Destination:            rgb[7]
                            (output port)
  Path Group:             (none)
  Path Type:              Min at Fast Process Corner
  Data Path Delay:        2.371ns  (logic 1.387ns (58.518%)  route 0.984ns (41.482%))
  Logic Levels:           1  (OBUF=1)
  Clock Uncertainty:      0.025ns  ((TSJ^2 + TIJ^2)^1/2 + DJ) / 2 + PE
    Total System Jitter     (TSJ):    0.050ns
    Total Input Jitter      (TIJ):    0.000ns
    Discrete Jitter          (DJ):    0.000ns
    Phase Error              (PE):    0.000ns

    Location             Delay type                Incr(ns)  Path(ns)    Netlist Resource(s)
  -------------------------------------------------------------------    -------------------
                         (clock sys_clk_pin rise edge)
                                                      0.000     0.000 r  
    L16                                               0.000     0.000 r  clk (IN)
                         net (fo=0)                   0.000     0.000    clk
    L16                  IBUF (Prop_ibuf_I_O)         0.259     0.259 r  clk_IBUF_inst/O
                         net (fo=1, routed)           0.627     0.886    clk_IBUF
    BUFGCTRL_X0Y16       BUFG (Prop_bufg_I_O)         0.026     0.912 r  clk_IBUF_BUFG_inst/O
                         net (fo=959, routed)         0.553     1.465    Inst_md_io/Inst_VGA/sync_unit/clk
    SLICE_X23Y87         FDRE                                         r  Inst_md_io/Inst_VGA/sync_unit/rgb_reg_reg[9]/C
  -------------------------------------------------------------------    -------------------
    SLICE_X23Y87         FDRE (Prop_fdre_C_Q)         0.141     1.606 r  Inst_md_io/Inst_VGA/sync_unit/rgb_reg_reg[9]/Q
                         net (fo=5, routed)           0.984     2.589    rgb_OBUF[5]
    J19                  OBUF (Prop_obuf_I_O)         1.246     3.836 r  rgb_OBUF[7]_inst/O
                         net (fo=0)                   0.000     3.836    rgb[7]
    J19                                                               r  rgb[7] (OUT)
  -------------------------------------------------------------------    -------------------

Slack:                    inf
  Source:                 Inst_md_io/Inst_VGA/sync_unit/rgb_reg_reg[3]/C
                            (rising edge-triggered cell FDRE clocked by sys_clk_pin  {rise@0.000ns fall@4.000ns period=8.000ns})
  Destination:            rgb[2]
                            (output port)
  Path Group:             (none)
  Path Type:              Min at Fast Process Corner
  Data Path Delay:        2.391ns  (logic 1.385ns (57.902%)  route 1.007ns (42.098%))
  Logic Levels:           1  (OBUF=1)
  Clock Uncertainty:      0.025ns  ((TSJ^2 + TIJ^2)^1/2 + DJ) / 2 + PE
    Total System Jitter     (TSJ):    0.050ns
    Total Input Jitter      (TIJ):    0.000ns
    Discrete Jitter          (DJ):    0.000ns
    Phase Error              (PE):    0.000ns

    Location             Delay type                Incr(ns)  Path(ns)    Netlist Resource(s)
  -------------------------------------------------------------------    -------------------
                         (clock sys_clk_pin rise edge)
                                                      0.000     0.000 r  
    L16                                               0.000     0.000 r  clk (IN)
                         net (fo=0)                   0.000     0.000    clk
    L16                  IBUF (Prop_ibuf_I_O)         0.259     0.259 r  clk_IBUF_inst/O
                         net (fo=1, routed)           0.627     0.886    clk_IBUF
    BUFGCTRL_X0Y16       BUFG (Prop_bufg_I_O)         0.026     0.912 r  clk_IBUF_BUFG_inst/O
                         net (fo=959, routed)         0.552     1.464    Inst_md_io/Inst_VGA/sync_unit/clk
    SLICE_X26Y68         FDRE                                         r  Inst_md_io/Inst_VGA/sync_unit/rgb_reg_reg[3]/C
  -------------------------------------------------------------------    -------------------
    SLICE_X26Y68         FDRE (Prop_fdre_C_Q)         0.141     1.605 r  Inst_md_io/Inst_VGA/sync_unit/rgb_reg_reg[3]/Q
                         net (fo=4, routed)           1.007     2.612    rgb_OBUF[0]
    K19                  OBUF (Prop_obuf_I_O)         1.244     3.855 r  rgb_OBUF[2]_inst/O
                         net (fo=0)                   0.000     3.855    rgb[2]
    K19                                                               r  rgb[2] (OUT)
  -------------------------------------------------------------------    -------------------





--------------------------------------------------------------------------------------
Path Group:  (none)
From Clock:  
  To Clock:  clk50mhz_clk_wiz_1

Max Delay          1388 Endpoints
Min Delay          1388 Endpoints
--------------------------------------------------------------------------------------


Max Delay Paths
--------------------------------------------------------------------------------------
Slack:                    inf
  Source:                 reset_boton
                            (input port)
  Destination:            Inst_reg/reg_reg_r1_0_31_6_11/RAMB_D1/I
                            (rising edge-triggered cell RAMD32 clocked by clk50mhz_clk_wiz_1  {rise@0.000ns fall@10.000ns period=20.000ns})
  Path Group:             (none)
  Path Type:              Setup (Max at Slow Process Corner)
  Data Path Delay:        19.287ns  (logic 4.215ns (21.852%)  route 15.072ns (78.148%))
  Logic Levels:           15  (IBUF=1 LUT2=1 LUT3=2 LUT4=3 LUT5=4 LUT6=4)
  Clock Path Skew:        1.487ns (DCD - SCD + CPR)
    Destination Clock Delay (DCD):    1.487ns
    Source Clock Delay      (SCD):    0.000ns
    Clock Pessimism Removal (CPR):    0.000ns
  Clock Uncertainty:      0.173ns  ((TSJ^2 + DJ^2)^1/2) / 2 + PE
    Total System Jitter     (TSJ):    0.050ns
    Discrete Jitter          (DJ):    0.144ns
    Phase Error              (PE):    0.097ns

    Location             Delay type                Incr(ns)  Path(ns)    Netlist Resource(s)
  -------------------------------------------------------------------    -------------------
    V12                                               0.000     0.000 f  reset_boton (IN)
                         net (fo=0)                   0.000     0.000    reset_boton
    V12                  IBUF (Prop_ibuf_I_O)         1.533     1.533 f  reset_boton_IBUF_inst/O
                         net (fo=4, routed)           2.268     3.801    inst_prog/Inst_control_prog/reset_boton_IBUF
    SLICE_X27Y54         LUT3 (Prop_lut3_I0_O)        0.124     3.925 f  inst_prog/Inst_control_prog/sal0_i_4/O
                         net (fo=76, routed)          1.365     5.290    Inst_mi/reset
    SLICE_X23Y55         LUT6 (Prop_lut6_I5_O)        0.124     5.414 r  Inst_mi/suma_carry_i_21/O
                         net (fo=8, routed)           1.099     6.513    Inst_mi/aluop[1]
    SLICE_X19Y50         LUT2 (Prop_lut2_I0_O)        0.152     6.665 r  Inst_mi/suma_carry_i_36/O
                         net (fo=1, routed)           0.548     7.213    Inst_mi/suma_carry_i_36_n_0
    SLICE_X19Y49         LUT6 (Prop_lut6_I2_O)        0.326     7.539 r  Inst_mi/suma_carry_i_26/O
                         net (fo=12, routed)          0.807     8.347    Inst_mi/alu_cntl[0]
    SLICE_X17Y50         LUT4 (Prop_lut4_I2_O)        0.124     8.471 r  Inst_mi/mem11_reg_0_127_0_0_i_91/O
                         net (fo=2, routed)           0.816     9.287    Inst_mi/Inst_alu/shift_amount18_out
    SLICE_X17Y50         LUT5 (Prop_lut5_I1_O)        0.152     9.439 r  Inst_mi/mem11_reg_0_127_0_0_i_48/O
                         net (fo=100, routed)         1.676    11.115    Inst_mi/mem11_reg_0_127_0_0_i_48_n_0
    SLICE_X6Y55          LUT3 (Prop_lut3_I1_O)        0.360    11.475 f  Inst_mi/reg_reg_r1_0_31_24_29_i_44/O
                         net (fo=2, routed)           0.619    12.094    Inst_mi/reg_reg_r1_0_31_24_29_i_44_n_0
    SLICE_X6Y57          LUT4 (Prop_lut4_I0_O)        0.348    12.442 f  Inst_mi/reg_reg_r1_0_31_24_29_i_32/O
                         net (fo=1, routed)           0.898    13.340    Inst_mi/reg_reg_r1_0_31_24_29_i_32_n_0
    SLICE_X10Y55         LUT5 (Prop_lut5_I0_O)        0.124    13.464 f  Inst_mi/reg_reg_r1_0_31_24_29_i_28/O
                         net (fo=4, routed)           1.012    14.476    Inst_mi/sal0_i_29_0[23]
    SLICE_X11Y58         LUT4 (Prop_lut4_I1_O)        0.124    14.600 r  Inst_mi/reg_reg_r1_0_31_6_11_i_41/O
                         net (fo=4, routed)           0.540    15.140    Inst_mi/reg_reg_r1_0_31_6_11_i_41_n_0
    SLICE_X10Y58         LUT5 (Prop_lut5_I1_O)        0.124    15.264 r  Inst_mi/reg_reg_r1_0_31_6_11_i_35/O
                         net (fo=41, routed)          1.335    16.599    Inst_mi/reg_reg_r1_0_31_6_11_i_35_n_0
    SLICE_X11Y64         LUT5 (Prop_lut5_I3_O)        0.150    16.749 r  Inst_mi/reg_reg_r1_0_31_6_11_i_33/O
                         net (fo=7, routed)           1.311    18.059    Inst_mi/salida[3]_i_4_0
    SLICE_X23Y64         LUT6 (Prop_lut6_I0_O)        0.326    18.385 r  Inst_mi/reg_reg_r1_0_31_6_11_i_17/O
                         net (fo=1, routed)           0.151    18.537    Inst_mi/reg_reg_r1_0_31_6_11_i_17_n_0
    SLICE_X23Y64         LUT6 (Prop_lut6_I3_O)        0.124    18.661 r  Inst_mi/reg_reg_r1_0_31_6_11_i_3/O
                         net (fo=2, routed)           0.626    19.287    Inst_reg/reg_reg_r1_0_31_6_11/DIB1
    SLICE_X20Y64         RAMD32                                       r  Inst_reg/reg_reg_r1_0_31_6_11/RAMB_D1/I
  -------------------------------------------------------------------    -------------------

                         (clock clk50mhz_clk_wiz_1 rise edge)
                                                      0.000     0.000 r  
    BUFGCTRL_X0Y16       BUFG                         0.000     0.000 r  clk_IBUF_BUFG_inst/O
                         net (fo=959, routed)         1.490     1.490    inst_divisor/inst/clk
    MMCME2_ADV_X0Y0      MMCME2_ADV (Prop_mmcme2_adv_CLKIN1_CLKOUT0)
                                                     -3.177    -1.687 r  inst_divisor/inst/mmcm_adv_inst/CLKOUT0
                         net (fo=1, routed)           1.599    -0.088    inst_divisor/inst/clk50mhz_clk_wiz_1
    BUFGCTRL_X0Y0        BUFG (Prop_bufg_I_O)         0.091     0.003 r  inst_divisor/inst/clkout1_buf/O
                         net (fo=922, routed)         1.484     1.487    Inst_reg/reg_reg_r1_0_31_6_11/WCLK
    SLICE_X20Y64         RAMD32                                       r  Inst_reg/reg_reg_r1_0_31_6_11/RAMB_D1/CLK

Slack:                    inf
  Source:                 reset_boton
                            (input port)
  Destination:            Inst_reg/reg_reg_r1_0_31_18_23/RAMB/I
                            (rising edge-triggered cell RAMD32 clocked by clk50mhz_clk_wiz_1  {rise@0.000ns fall@10.000ns period=20.000ns})
  Path Group:             (none)
  Path Type:              Setup (Max at Slow Process Corner)
  Data Path Delay:        19.233ns  (logic 4.367ns (22.705%)  route 14.866ns (77.295%))
  Logic Levels:           17  (IBUF=1 LUT3=4 LUT4=2 LUT5=1 LUT6=7 MUXF7=1 RAMS64E=1)
  Clock Path Skew:        1.493ns (DCD - SCD + CPR)
    Destination Clock Delay (DCD):    1.493ns
    Source Clock Delay      (SCD):    0.000ns
    Clock Pessimism Removal (CPR):    0.000ns
  Clock Uncertainty:      0.173ns  ((TSJ^2 + DJ^2)^1/2) / 2 + PE
    Total System Jitter     (TSJ):    0.050ns
    Discrete Jitter          (DJ):    0.144ns
    Phase Error              (PE):    0.097ns

    Location             Delay type                Incr(ns)  Path(ns)    Netlist Resource(s)
  -------------------------------------------------------------------    -------------------
    V12                                               0.000     0.000 f  reset_boton (IN)
                         net (fo=0)                   0.000     0.000    reset_boton
    V12                  IBUF (Prop_ibuf_I_O)         1.533     1.533 f  reset_boton_IBUF_inst/O
                         net (fo=4, routed)           2.268     3.801    inst_prog/Inst_control_prog/reset_boton_IBUF
    SLICE_X27Y54         LUT3 (Prop_lut3_I0_O)        0.124     3.925 f  inst_prog/Inst_control_prog/sal0_i_4/O
                         net (fo=76, routed)          1.365     5.290    Inst_mi/reset
    SLICE_X23Y55         LUT6 (Prop_lut6_I5_O)        0.124     5.414 r  Inst_mi/suma_carry_i_21/O
                         net (fo=8, routed)           0.810     6.223    Inst_mi/aluop[1]
    SLICE_X21Y50         LUT6 (Prop_lut6_I4_O)        0.124     6.347 r  Inst_mi/suma_carry_i_33/O
                         net (fo=1, routed)           0.793     7.141    Inst_mi/suma_carry_i_33_n_0
    SLICE_X19Y50         LUT4 (Prop_lut4_I0_O)        0.124     7.265 r  Inst_mi/suma_carry_i_25/O
                         net (fo=12, routed)          1.419     8.683    Inst_mi/alu_cntl[1]
    SLICE_X13Y49         LUT6 (Prop_lut6_I1_O)        0.124     8.807 r  Inst_mi/sal0_i_44/O
                         net (fo=112, routed)         0.793     9.600    Inst_mi/sal0_i_44_n_0
    SLICE_X13Y51         LUT6 (Prop_lut6_I4_O)        0.124     9.724 r  Inst_mi/mem11_reg_0_127_0_0_i_98/O
                         net (fo=2, routed)           0.947    10.671    Inst_mi/mem11_reg_0_127_0_0_i_98_n_0
    SLICE_X13Y48         LUT3 (Prop_lut3_I2_O)        0.150    10.821 r  Inst_mi/mem11_reg_0_127_0_0_i_60/O
                         net (fo=3, routed)           0.823    11.644    Inst_mi/mem11_reg_0_127_0_0_i_60_n_0
    SLICE_X11Y48         LUT3 (Prop_lut3_I2_O)        0.326    11.970 r  Inst_mi/mem11_reg_0_127_0_0_i_51/O
                         net (fo=1, routed)           0.282    12.252    Inst_mi/mem11_reg_0_127_0_0_i_51_n_0
    SLICE_X13Y48         LUT6 (Prop_lut6_I4_O)        0.124    12.376 r  Inst_mi/mem11_reg_0_127_0_0_i_19/O
                         net (fo=1, routed)           0.433    12.809    Inst_mi/mem11_reg_0_127_0_0_i_19_n_0
    SLICE_X13Y48         LUT5 (Prop_lut5_I0_O)        0.124    12.933 r  Inst_mi/mem11_reg_0_127_0_0_i_3/O
                         net (fo=78, routed)          1.502    14.435    Inst_md_io/Inst_md/mem01_reg_0_127_7_7/A0
    SLICE_X10Y62         RAMS64E (Prop_rams64e_ADR0_O)
                                                      0.255    14.691 r  Inst_md_io/Inst_md/mem01_reg_0_127_7_7/HIGH/O
                         net (fo=1, routed)           0.000    14.691    Inst_md_io/Inst_md/mem01_reg_0_127_7_7/O1
    SLICE_X10Y62         MUXF7 (Prop_muxf7_I1_O)      0.214    14.905 r  Inst_md_io/Inst_md/mem01_reg_0_127_7_7/F7/O
                         net (fo=6, routed)           0.683    15.587    Inst_md_io/Inst_md/RESIZE4_in0
    SLICE_X11Y62         LUT3 (Prop_lut3_I2_O)        0.297    15.884 r  Inst_md_io/Inst_md/reg_reg_r1_0_31_6_11_i_39/O
                         net (fo=4, routed)           0.600    16.484    Inst_mi/reg_reg_r1_0_31_30_31_i_2__0_1
    SLICE_X13Y63         LUT6 (Prop_lut6_I0_O)        0.124    16.608 r  Inst_mi/reg_reg_r1_0_31_12_17_i_35/O
                         net (fo=14, routed)          1.032    17.640    Inst_mi/reg_reg_r1_0_31_12_17_i_35_n_0
    SLICE_X17Y60         LUT4 (Prop_lut4_I2_O)        0.150    17.790 r  Inst_mi/reg_reg_r1_0_31_18_23_i_16/O
                         net (fo=1, routed)           0.557    18.347    Inst_mux32_lui/salida_mem[4]
    SLICE_X17Y57         LUT6 (Prop_lut6_I1_O)        0.326    18.673 r  Inst_mux32_lui/reg_reg_r1_0_31_18_23_i_4/O
                         net (fo=2, routed)           0.559    19.233    Inst_reg/reg_reg_r1_0_31_18_23/DIB0
    SLICE_X16Y56         RAMD32                                       r  Inst_reg/reg_reg_r1_0_31_18_23/RAMB/I
  -------------------------------------------------------------------    -------------------

                         (clock clk50mhz_clk_wiz_1 rise edge)
                                                      0.000     0.000 r  
    BUFGCTRL_X0Y16       BUFG                         0.000     0.000 r  clk_IBUF_BUFG_inst/O
                         net (fo=959, routed)         1.490     1.490    inst_divisor/inst/clk
    MMCME2_ADV_X0Y0      MMCME2_ADV (Prop_mmcme2_adv_CLKIN1_CLKOUT0)
                                                     -3.177    -1.687 r  inst_divisor/inst/mmcm_adv_inst/CLKOUT0
                         net (fo=1, routed)           1.599    -0.088    inst_divisor/inst/clk50mhz_clk_wiz_1
    BUFGCTRL_X0Y0        BUFG (Prop_bufg_I_O)         0.091     0.003 r  inst_divisor/inst/clkout1_buf/O
                         net (fo=922, routed)         1.490     1.493    Inst_reg/reg_reg_r1_0_31_18_23/WCLK
    SLICE_X16Y56         RAMD32                                       r  Inst_reg/reg_reg_r1_0_31_18_23/RAMB/CLK

Slack:                    inf
  Source:                 reset_boton
                            (input port)
  Destination:            Inst_reg/reg_reg_r2_0_31_30_31__0/SP/I
                            (rising edge-triggered cell RAMD32 clocked by clk50mhz_clk_wiz_1  {rise@0.000ns fall@10.000ns period=20.000ns})
  Path Group:             (none)
  Path Type:              Setup (Max at Slow Process Corner)
  Data Path Delay:        19.198ns  (logic 4.367ns (22.746%)  route 14.831ns (77.254%))
  Logic Levels:           17  (IBUF=1 LUT3=4 LUT4=2 LUT5=1 LUT6=7 MUXF7=1 RAMS64E=1)
  Clock Path Skew:        1.487ns (DCD - SCD + CPR)
    Destination Clock Delay (DCD):    1.487ns
    Source Clock Delay      (SCD):    0.000ns
    Clock Pessimism Removal (CPR):    0.000ns
  Clock Uncertainty:      0.173ns  ((TSJ^2 + DJ^2)^1/2) / 2 + PE
    Total System Jitter     (TSJ):    0.050ns
    Discrete Jitter          (DJ):    0.144ns
    Phase Error              (PE):    0.097ns

    Location             Delay type                Incr(ns)  Path(ns)    Netlist Resource(s)
  -------------------------------------------------------------------    -------------------
    V12                                               0.000     0.000 f  reset_boton (IN)
                         net (fo=0)                   0.000     0.000    reset_boton
    V12                  IBUF (Prop_ibuf_I_O)         1.533     1.533 f  reset_boton_IBUF_inst/O
                         net (fo=4, routed)           2.268     3.801    inst_prog/Inst_control_prog/reset_boton_IBUF
    SLICE_X27Y54         LUT3 (Prop_lut3_I0_O)        0.124     3.925 f  inst_prog/Inst_control_prog/sal0_i_4/O
                         net (fo=76, routed)          1.365     5.290    Inst_mi/reset
    SLICE_X23Y55         LUT6 (Prop_lut6_I5_O)        0.124     5.414 r  Inst_mi/suma_carry_i_21/O
                         net (fo=8, routed)           0.810     6.223    Inst_mi/aluop[1]
    SLICE_X21Y50         LUT6 (Prop_lut6_I4_O)        0.124     6.347 r  Inst_mi/suma_carry_i_33/O
                         net (fo=1, routed)           0.793     7.141    Inst_mi/suma_carry_i_33_n_0
    SLICE_X19Y50         LUT4 (Prop_lut4_I0_O)        0.124     7.265 r  Inst_mi/suma_carry_i_25/O
                         net (fo=12, routed)          1.419     8.683    Inst_mi/alu_cntl[1]
    SLICE_X13Y49         LUT6 (Prop_lut6_I1_O)        0.124     8.807 r  Inst_mi/sal0_i_44/O
                         net (fo=112, routed)         0.793     9.600    Inst_mi/sal0_i_44_n_0
    SLICE_X13Y51         LUT6 (Prop_lut6_I4_O)        0.124     9.724 r  Inst_mi/mem11_reg_0_127_0_0_i_98/O
                         net (fo=2, routed)           0.947    10.671    Inst_mi/mem11_reg_0_127_0_0_i_98_n_0
    SLICE_X13Y48         LUT3 (Prop_lut3_I2_O)        0.150    10.821 r  Inst_mi/mem11_reg_0_127_0_0_i_60/O
                         net (fo=3, routed)           0.823    11.644    Inst_mi/mem11_reg_0_127_0_0_i_60_n_0
    SLICE_X11Y48         LUT3 (Prop_lut3_I2_O)        0.326    11.970 r  Inst_mi/mem11_reg_0_127_0_0_i_51/O
                         net (fo=1, routed)           0.282    12.252    Inst_mi/mem11_reg_0_127_0_0_i_51_n_0
    SLICE_X13Y48         LUT6 (Prop_lut6_I4_O)        0.124    12.376 r  Inst_mi/mem11_reg_0_127_0_0_i_19/O
                         net (fo=1, routed)           0.433    12.809    Inst_mi/mem11_reg_0_127_0_0_i_19_n_0
    SLICE_X13Y48         LUT5 (Prop_lut5_I0_O)        0.124    12.933 r  Inst_mi/mem11_reg_0_127_0_0_i_3/O
                         net (fo=78, routed)          1.502    14.435    Inst_md_io/Inst_md/mem01_reg_0_127_7_7/A0
    SLICE_X10Y62         RAMS64E (Prop_rams64e_ADR0_O)
                                                      0.255    14.691 r  Inst_md_io/Inst_md/mem01_reg_0_127_7_7/HIGH/O
                         net (fo=1, routed)           0.000    14.691    Inst_md_io/Inst_md/mem01_reg_0_127_7_7/O1
    SLICE_X10Y62         MUXF7 (Prop_muxf7_I1_O)      0.214    14.905 r  Inst_md_io/Inst_md/mem01_reg_0_127_7_7/F7/O
                         net (fo=6, routed)           0.683    15.587    Inst_md_io/Inst_md/RESIZE4_in0
    SLICE_X11Y62         LUT3 (Prop_lut3_I2_O)        0.297    15.884 r  Inst_md_io/Inst_md/reg_reg_r1_0_31_6_11_i_39/O
                         net (fo=4, routed)           0.457    16.341    Inst_mi/reg_reg_r1_0_31_30_31_i_2__0_1
    SLICE_X11Y62         LUT4 (Prop_lut4_I2_O)        0.150    16.491 r  Inst_mi/reg_reg_r1_0_31_18_23_i_34/O
                         net (fo=2, routed)           0.893    17.384    Inst_mi/reg_reg_r1_0_31_18_23_i_34_n_0
    SLICE_X11Y62         LUT6 (Prop_lut6_I0_O)        0.326    17.710 r  Inst_mi/reg_reg_r1_0_31_30_31_i_2/O
                         net (fo=1, routed)           0.680    18.390    Inst_mux32_lui/salida_mem[15]
    SLICE_X19Y61         LUT6 (Prop_lut6_I1_O)        0.124    18.514 r  Inst_mux32_lui/reg_reg_r1_0_31_30_31_i_1/O
                         net (fo=4, routed)           0.684    19.198    Inst_reg/reg_reg_r2_0_31_30_31__0/D
    SLICE_X20Y63         RAMD32                                       r  Inst_reg/reg_reg_r2_0_31_30_31__0/SP/I
  -------------------------------------------------------------------    -------------------

                         (clock clk50mhz_clk_wiz_1 rise edge)
                                                      0.000     0.000 r  
    BUFGCTRL_X0Y16       BUFG                         0.000     0.000 r  clk_IBUF_BUFG_inst/O
                         net (fo=959, routed)         1.490     1.490    inst_divisor/inst/clk
    MMCME2_ADV_X0Y0      MMCME2_ADV (Prop_mmcme2_adv_CLKIN1_CLKOUT0)
                                                     -3.177    -1.687 r  inst_divisor/inst/mmcm_adv_inst/CLKOUT0
                         net (fo=1, routed)           1.599    -0.088    inst_divisor/inst/clk50mhz_clk_wiz_1
    BUFGCTRL_X0Y0        BUFG (Prop_bufg_I_O)         0.091     0.003 r  inst_divisor/inst/clkout1_buf/O
                         net (fo=922, routed)         1.484     1.487    Inst_reg/reg_reg_r2_0_31_30_31__0/WCLK
    SLICE_X20Y63         RAMD32                                       r  Inst_reg/reg_reg_r2_0_31_30_31__0/SP/CLK

Slack:                    inf
  Source:                 reset_boton
                            (input port)
  Destination:            Inst_reg/reg_reg_r2_0_31_12_17/RAMA/I
                            (rising edge-triggered cell RAMD32 clocked by clk50mhz_clk_wiz_1  {rise@0.000ns fall@10.000ns period=20.000ns})
  Path Group:             (none)
  Path Type:              Setup (Max at Slow Process Corner)
  Data Path Delay:        19.191ns  (logic 4.215ns (21.962%)  route 14.976ns (78.038%))
  Logic Levels:           15  (IBUF=1 LUT2=1 LUT3=2 LUT4=3 LUT5=4 LUT6=4)
  Clock Path Skew:        1.489ns (DCD - SCD + CPR)
    Destination Clock Delay (DCD):    1.489ns
    Source Clock Delay      (SCD):    0.000ns
    Clock Pessimism Removal (CPR):    0.000ns
  Clock Uncertainty:      0.173ns  ((TSJ^2 + DJ^2)^1/2) / 2 + PE
    Total System Jitter     (TSJ):    0.050ns
    Discrete Jitter          (DJ):    0.144ns
    Phase Error              (PE):    0.097ns

    Location             Delay type                Incr(ns)  Path(ns)    Netlist Resource(s)
  -------------------------------------------------------------------    -------------------
    V12                                               0.000     0.000 f  reset_boton (IN)
                         net (fo=0)                   0.000     0.000    reset_boton
    V12                  IBUF (Prop_ibuf_I_O)         1.533     1.533 f  reset_boton_IBUF_inst/O
                         net (fo=4, routed)           2.268     3.801    inst_prog/Inst_control_prog/reset_boton_IBUF
    SLICE_X27Y54         LUT3 (Prop_lut3_I0_O)        0.124     3.925 f  inst_prog/Inst_control_prog/sal0_i_4/O
                         net (fo=76, routed)          1.365     5.290    Inst_mi/reset
    SLICE_X23Y55         LUT6 (Prop_lut6_I5_O)        0.124     5.414 r  Inst_mi/suma_carry_i_21/O
                         net (fo=8, routed)           1.099     6.513    Inst_mi/aluop[1]
    SLICE_X19Y50         LUT2 (Prop_lut2_I0_O)        0.152     6.665 r  Inst_mi/suma_carry_i_36/O
                         net (fo=1, routed)           0.548     7.213    Inst_mi/suma_carry_i_36_n_0
    SLICE_X19Y49         LUT6 (Prop_lut6_I2_O)        0.326     7.539 r  Inst_mi/suma_carry_i_26/O
                         net (fo=12, routed)          0.807     8.347    Inst_mi/alu_cntl[0]
    SLICE_X17Y50         LUT4 (Prop_lut4_I2_O)        0.124     8.471 r  Inst_mi/mem11_reg_0_127_0_0_i_91/O
                         net (fo=2, routed)           0.816     9.287    Inst_mi/Inst_alu/shift_amount18_out
    SLICE_X17Y50         LUT5 (Prop_lut5_I1_O)        0.152     9.439 r  Inst_mi/mem11_reg_0_127_0_0_i_48/O
                         net (fo=100, routed)         1.676    11.115    Inst_mi/mem11_reg_0_127_0_0_i_48_n_0
    SLICE_X6Y55          LUT3 (Prop_lut3_I1_O)        0.360    11.475 f  Inst_mi/reg_reg_r1_0_31_24_29_i_44/O
                         net (fo=2, routed)           0.619    12.094    Inst_mi/reg_reg_r1_0_31_24_29_i_44_n_0
    SLICE_X6Y57          LUT4 (Prop_lut4_I0_O)        0.348    12.442 f  Inst_mi/reg_reg_r1_0_31_24_29_i_32/O
                         net (fo=1, routed)           0.898    13.340    Inst_mi/reg_reg_r1_0_31_24_29_i_32_n_0
    SLICE_X10Y55         LUT5 (Prop_lut5_I0_O)        0.124    13.464 f  Inst_mi/reg_reg_r1_0_31_24_29_i_28/O
                         net (fo=4, routed)           1.012    14.476    Inst_mi/sal0_i_29_0[23]
    SLICE_X11Y58         LUT4 (Prop_lut4_I1_O)        0.124    14.600 r  Inst_mi/reg_reg_r1_0_31_6_11_i_41/O
                         net (fo=4, routed)           0.540    15.140    Inst_mi/reg_reg_r1_0_31_6_11_i_41_n_0
    SLICE_X10Y58         LUT5 (Prop_lut5_I1_O)        0.124    15.264 r  Inst_mi/reg_reg_r1_0_31_6_11_i_35/O
                         net (fo=41, routed)          1.335    16.599    Inst_mi/reg_reg_r1_0_31_6_11_i_35_n_0
    SLICE_X11Y64         LUT5 (Prop_lut5_I3_O)        0.150    16.749 r  Inst_mi/reg_reg_r1_0_31_6_11_i_33/O
                         net (fo=7, routed)           1.105    17.854    Inst_mi/salida[3]_i_4_0
    SLICE_X21Y61         LUT6 (Prop_lut6_I0_O)        0.326    18.180 r  Inst_mi/reg_reg_r1_0_31_12_17_i_12/O
                         net (fo=1, routed)           0.264    18.444    Inst_mi/reg_reg_r1_0_31_12_17_i_12_n_0
    SLICE_X21Y61         LUT6 (Prop_lut6_I3_O)        0.124    18.568 r  Inst_mi/reg_reg_r1_0_31_12_17_i_2/O
                         net (fo=2, routed)           0.623    19.191    Inst_reg/reg_reg_r2_0_31_12_17/DIA0
    SLICE_X20Y61         RAMD32                                       r  Inst_reg/reg_reg_r2_0_31_12_17/RAMA/I
  -------------------------------------------------------------------    -------------------

                         (clock clk50mhz_clk_wiz_1 rise edge)
                                                      0.000     0.000 r  
    BUFGCTRL_X0Y16       BUFG                         0.000     0.000 r  clk_IBUF_BUFG_inst/O
                         net (fo=959, routed)         1.490     1.490    inst_divisor/inst/clk
    MMCME2_ADV_X0Y0      MMCME2_ADV (Prop_mmcme2_adv_CLKIN1_CLKOUT0)
                                                     -3.177    -1.687 r  inst_divisor/inst/mmcm_adv_inst/CLKOUT0
                         net (fo=1, routed)           1.599    -0.088    inst_divisor/inst/clk50mhz_clk_wiz_1
    BUFGCTRL_X0Y0        BUFG (Prop_bufg_I_O)         0.091     0.003 r  inst_divisor/inst/clkout1_buf/O
                         net (fo=922, routed)         1.486     1.489    Inst_reg/reg_reg_r2_0_31_12_17/WCLK
    SLICE_X20Y61         RAMD32                                       r  Inst_reg/reg_reg_r2_0_31_12_17/RAMA/CLK

Slack:                    inf
  Source:                 reset_boton
                            (input port)
  Destination:            Inst_reg/reg_reg_r1_0_31_6_11/RAMB/I
                            (rising edge-triggered cell RAMD32 clocked by clk50mhz_clk_wiz_1  {rise@0.000ns fall@10.000ns period=20.000ns})
  Path Group:             (none)
  Path Type:              Setup (Max at Slow Process Corner)
  Data Path Delay:        19.179ns  (logic 4.215ns (21.976%)  route 14.964ns (78.024%))
  Logic Levels:           15  (IBUF=1 LUT2=1 LUT3=2 LUT4=3 LUT5=4 LUT6=4)
  Clock Path Skew:        1.487ns (DCD - SCD + CPR)
    Destination Clock Delay (DCD):    1.487ns
    Source Clock Delay      (SCD):    0.000ns
    Clock Pessimism Removal (CPR):    0.000ns
  Clock Uncertainty:      0.173ns  ((TSJ^2 + DJ^2)^1/2) / 2 + PE
    Total System Jitter     (TSJ):    0.050ns
    Discrete Jitter          (DJ):    0.144ns
    Phase Error              (PE):    0.097ns

    Location             Delay type                Incr(ns)  Path(ns)    Netlist Resource(s)
  -------------------------------------------------------------------    -------------------
    V12                                               0.000     0.000 f  reset_boton (IN)
                         net (fo=0)                   0.000     0.000    reset_boton
    V12                  IBUF (Prop_ibuf_I_O)         1.533     1.533 f  reset_boton_IBUF_inst/O
                         net (fo=4, routed)           2.268     3.801    inst_prog/Inst_control_prog/reset_boton_IBUF
    SLICE_X27Y54         LUT3 (Prop_lut3_I0_O)        0.124     3.925 f  inst_prog/Inst_control_prog/sal0_i_4/O
                         net (fo=76, routed)          1.365     5.290    Inst_mi/reset
    SLICE_X23Y55         LUT6 (Prop_lut6_I5_O)        0.124     5.414 r  Inst_mi/suma_carry_i_21/O
                         net (fo=8, routed)           1.099     6.513    Inst_mi/aluop[1]
    SLICE_X19Y50         LUT2 (Prop_lut2_I0_O)        0.152     6.665 r  Inst_mi/suma_carry_i_36/O
                         net (fo=1, routed)           0.548     7.213    Inst_mi/suma_carry_i_36_n_0
    SLICE_X19Y49         LUT6 (Prop_lut6_I2_O)        0.326     7.539 r  Inst_mi/suma_carry_i_26/O
                         net (fo=12, routed)          0.807     8.347    Inst_mi/alu_cntl[0]
    SLICE_X17Y50         LUT4 (Prop_lut4_I2_O)        0.124     8.471 r  Inst_mi/mem11_reg_0_127_0_0_i_91/O
                         net (fo=2, routed)           0.816     9.287    Inst_mi/Inst_alu/shift_amount18_out
    SLICE_X17Y50         LUT5 (Prop_lut5_I1_O)        0.152     9.439 r  Inst_mi/mem11_reg_0_127_0_0_i_48/O
                         net (fo=100, routed)         1.676    11.115    Inst_mi/mem11_reg_0_127_0_0_i_48_n_0
    SLICE_X6Y55          LUT3 (Prop_lut3_I1_O)        0.360    11.475 f  Inst_mi/reg_reg_r1_0_31_24_29_i_44/O
                         net (fo=2, routed)           0.619    12.094    Inst_mi/reg_reg_r1_0_31_24_29_i_44_n_0
    SLICE_X6Y57          LUT4 (Prop_lut4_I0_O)        0.348    12.442 f  Inst_mi/reg_reg_r1_0_31_24_29_i_32/O
                         net (fo=1, routed)           0.898    13.340    Inst_mi/reg_reg_r1_0_31_24_29_i_32_n_0
    SLICE_X10Y55         LUT5 (Prop_lut5_I0_O)        0.124    13.464 f  Inst_mi/reg_reg_r1_0_31_24_29_i_28/O
                         net (fo=4, routed)           1.012    14.476    Inst_mi/sal0_i_29_0[23]
    SLICE_X11Y58         LUT4 (Prop_lut4_I1_O)        0.124    14.600 r  Inst_mi/reg_reg_r1_0_31_6_11_i_41/O
                         net (fo=4, routed)           0.540    15.140    Inst_mi/reg_reg_r1_0_31_6_11_i_41_n_0
    SLICE_X10Y58         LUT5 (Prop_lut5_I1_O)        0.124    15.264 r  Inst_mi/reg_reg_r1_0_31_6_11_i_35/O
                         net (fo=41, routed)          1.335    16.599    Inst_mi/reg_reg_r1_0_31_6_11_i_35_n_0
    SLICE_X11Y64         LUT5 (Prop_lut5_I3_O)        0.150    16.749 r  Inst_mi/reg_reg_r1_0_31_6_11_i_33/O
                         net (fo=7, routed)           1.050    17.799    Inst_md_io/Inst_md/reg_reg_r1_0_31_6_11_i_4
    SLICE_X19Y64         LUT6 (Prop_lut6_I0_O)        0.326    18.125 r  Inst_md_io/Inst_md/reg_reg_r1_0_31_6_11_i_21/O
                         net (fo=1, routed)           0.437    18.562    Inst_mi/cola_len_reg_reg[7]_7
    SLICE_X19Y65         LUT6 (Prop_lut6_I3_O)        0.124    18.686 r  Inst_mi/reg_reg_r1_0_31_6_11_i_4/O
                         net (fo=2, routed)           0.492    19.179    Inst_reg/reg_reg_r1_0_31_6_11/DIB0
    SLICE_X20Y64         RAMD32                                       r  Inst_reg/reg_reg_r1_0_31_6_11/RAMB/I
  -------------------------------------------------------------------    -------------------

                         (clock clk50mhz_clk_wiz_1 rise edge)
                                                      0.000     0.000 r  
    BUFGCTRL_X0Y16       BUFG                         0.000     0.000 r  clk_IBUF_BUFG_inst/O
                         net (fo=959, routed)         1.490     1.490    inst_divisor/inst/clk
    MMCME2_ADV_X0Y0      MMCME2_ADV (Prop_mmcme2_adv_CLKIN1_CLKOUT0)
                                                     -3.177    -1.687 r  inst_divisor/inst/mmcm_adv_inst/CLKOUT0
                         net (fo=1, routed)           1.599    -0.088    inst_divisor/inst/clk50mhz_clk_wiz_1
    BUFGCTRL_X0Y0        BUFG (Prop_bufg_I_O)         0.091     0.003 r  inst_divisor/inst/clkout1_buf/O
                         net (fo=922, routed)         1.484     1.487    Inst_reg/reg_reg_r1_0_31_6_11/WCLK
    SLICE_X20Y64         RAMD32                                       r  Inst_reg/reg_reg_r1_0_31_6_11/RAMB/CLK

Slack:                    inf
  Source:                 reset_boton
                            (input port)
  Destination:            Inst_reg/reg_reg_r2_0_31_6_11/RAMB/I
                            (rising edge-triggered cell RAMD32 clocked by clk50mhz_clk_wiz_1  {rise@0.000ns fall@10.000ns period=20.000ns})
  Path Group:             (none)
  Path Type:              Setup (Max at Slow Process Corner)
  Data Path Delay:        19.172ns  (logic 4.215ns (21.984%)  route 14.957ns (78.016%))
  Logic Levels:           15  (IBUF=1 LUT2=1 LUT3=2 LUT4=3 LUT5=4 LUT6=4)
  Clock Path Skew:        1.486ns (DCD - SCD + CPR)
    Destination Clock Delay (DCD):    1.486ns
    Source Clock Delay      (SCD):    0.000ns
    Clock Pessimism Removal (CPR):    0.000ns
  Clock Uncertainty:      0.173ns  ((TSJ^2 + DJ^2)^1/2) / 2 + PE
    Total System Jitter     (TSJ):    0.050ns
    Discrete Jitter          (DJ):    0.144ns
    Phase Error              (PE):    0.097ns

    Location             Delay type                Incr(ns)  Path(ns)    Netlist Resource(s)
  -------------------------------------------------------------------    -------------------
    V12                                               0.000     0.000 f  reset_boton (IN)
                         net (fo=0)                   0.000     0.000    reset_boton
    V12                  IBUF (Prop_ibuf_I_O)         1.533     1.533 f  reset_boton_IBUF_inst/O
                         net (fo=4, routed)           2.268     3.801    inst_prog/Inst_control_prog/reset_boton_IBUF
    SLICE_X27Y54         LUT3 (Prop_lut3_I0_O)        0.124     3.925 f  inst_prog/Inst_control_prog/sal0_i_4/O
                         net (fo=76, routed)          1.365     5.290    Inst_mi/reset
    SLICE_X23Y55         LUT6 (Prop_lut6_I5_O)        0.124     5.414 r  Inst_mi/suma_carry_i_21/O
                         net (fo=8, routed)           1.099     6.513    Inst_mi/aluop[1]
    SLICE_X19Y50         LUT2 (Prop_lut2_I0_O)        0.152     6.665 r  Inst_mi/suma_carry_i_36/O
                         net (fo=1, routed)           0.548     7.213    Inst_mi/suma_carry_i_36_n_0
    SLICE_X19Y49         LUT6 (Prop_lut6_I2_O)        0.326     7.539 r  Inst_mi/suma_carry_i_26/O
                         net (fo=12, routed)          0.807     8.347    Inst_mi/alu_cntl[0]
    SLICE_X17Y50         LUT4 (Prop_lut4_I2_O)        0.124     8.471 r  Inst_mi/mem11_reg_0_127_0_0_i_91/O
                         net (fo=2, routed)           0.816     9.287    Inst_mi/Inst_alu/shift_amount18_out
    SLICE_X17Y50         LUT5 (Prop_lut5_I1_O)        0.152     9.439 r  Inst_mi/mem11_reg_0_127_0_0_i_48/O
                         net (fo=100, routed)         1.676    11.115    Inst_mi/mem11_reg_0_127_0_0_i_48_n_0
    SLICE_X6Y55          LUT3 (Prop_lut3_I1_O)        0.360    11.475 f  Inst_mi/reg_reg_r1_0_31_24_29_i_44/O
                         net (fo=2, routed)           0.619    12.094    Inst_mi/reg_reg_r1_0_31_24_29_i_44_n_0
    SLICE_X6Y57          LUT4 (Prop_lut4_I0_O)        0.348    12.442 f  Inst_mi/reg_reg_r1_0_31_24_29_i_32/O
                         net (fo=1, routed)           0.898    13.340    Inst_mi/reg_reg_r1_0_31_24_29_i_32_n_0
    SLICE_X10Y55         LUT5 (Prop_lut5_I0_O)        0.124    13.464 f  Inst_mi/reg_reg_r1_0_31_24_29_i_28/O
                         net (fo=4, routed)           1.012    14.476    Inst_mi/sal0_i_29_0[23]
    SLICE_X11Y58         LUT4 (Prop_lut4_I1_O)        0.124    14.600 r  Inst_mi/reg_reg_r1_0_31_6_11_i_41/O
                         net (fo=4, routed)           0.540    15.140    Inst_mi/reg_reg_r1_0_31_6_11_i_41_n_0
    SLICE_X10Y58         LUT5 (Prop_lut5_I1_O)        0.124    15.264 r  Inst_mi/reg_reg_r1_0_31_6_11_i_35/O
                         net (fo=41, routed)          1.335    16.599    Inst_mi/reg_reg_r1_0_31_6_11_i_35_n_0
    SLICE_X11Y64         LUT5 (Prop_lut5_I3_O)        0.150    16.749 r  Inst_mi/reg_reg_r1_0_31_6_11_i_33/O
                         net (fo=7, routed)           1.050    17.799    Inst_md_io/Inst_md/reg_reg_r1_0_31_6_11_i_4
    SLICE_X19Y64         LUT6 (Prop_lut6_I0_O)        0.326    18.125 r  Inst_md_io/Inst_md/reg_reg_r1_0_31_6_11_i_21/O
                         net (fo=1, routed)           0.437    18.562    Inst_mi/cola_len_reg_reg[7]_7
    SLICE_X19Y65         LUT6 (Prop_lut6_I3_O)        0.124    18.686 r  Inst_mi/reg_reg_r1_0_31_6_11_i_4/O
                         net (fo=2, routed)           0.486    19.172    Inst_reg/reg_reg_r2_0_31_6_11/DIB0
    SLICE_X20Y65         RAMD32                                       r  Inst_reg/reg_reg_r2_0_31_6_11/RAMB/I
  -------------------------------------------------------------------    -------------------

                         (clock clk50mhz_clk_wiz_1 rise edge)
                                                      0.000     0.000 r  
    BUFGCTRL_X0Y16       BUFG                         0.000     0.000 r  clk_IBUF_BUFG_inst/O
                         net (fo=959, routed)         1.490     1.490    inst_divisor/inst/clk
    MMCME2_ADV_X0Y0      MMCME2_ADV (Prop_mmcme2_adv_CLKIN1_CLKOUT0)
                                                     -3.177    -1.687 r  inst_divisor/inst/mmcm_adv_inst/CLKOUT0
                         net (fo=1, routed)           1.599    -0.088    inst_divisor/inst/clk50mhz_clk_wiz_1
    BUFGCTRL_X0Y0        BUFG (Prop_bufg_I_O)         0.091     0.003 r  inst_divisor/inst/clkout1_buf/O
                         net (fo=922, routed)         1.483     1.486    Inst_reg/reg_reg_r2_0_31_6_11/WCLK
    SLICE_X20Y65         RAMD32                                       r  Inst_reg/reg_reg_r2_0_31_6_11/RAMB/CLK

Slack:                    inf
  Source:                 reset_boton
                            (input port)
  Destination:            Inst_reg/reg_reg_r2_0_31_6_11/RAMB_D1/I
                            (rising edge-triggered cell RAMD32 clocked by clk50mhz_clk_wiz_1  {rise@0.000ns fall@10.000ns period=20.000ns})
  Path Group:             (none)
  Path Type:              Setup (Max at Slow Process Corner)
  Data Path Delay:        19.152ns  (logic 4.215ns (22.006%)  route 14.938ns (77.994%))
  Logic Levels:           15  (IBUF=1 LUT2=1 LUT3=2 LUT4=3 LUT5=4 LUT6=4)
  Clock Path Skew:        1.486ns (DCD - SCD + CPR)
    Destination Clock Delay (DCD):    1.486ns
    Source Clock Delay      (SCD):    0.000ns
    Clock Pessimism Removal (CPR):    0.000ns
  Clock Uncertainty:      0.173ns  ((TSJ^2 + DJ^2)^1/2) / 2 + PE
    Total System Jitter     (TSJ):    0.050ns
    Discrete Jitter          (DJ):    0.144ns
    Phase Error              (PE):    0.097ns

    Location             Delay type                Incr(ns)  Path(ns)    Netlist Resource(s)
  -------------------------------------------------------------------    -------------------
    V12                                               0.000     0.000 f  reset_boton (IN)
                         net (fo=0)                   0.000     0.000    reset_boton
    V12                  IBUF (Prop_ibuf_I_O)         1.533     1.533 f  reset_boton_IBUF_inst/O
                         net (fo=4, routed)           2.268     3.801    inst_prog/Inst_control_prog/reset_boton_IBUF
    SLICE_X27Y54         LUT3 (Prop_lut3_I0_O)        0.124     3.925 f  inst_prog/Inst_control_prog/sal0_i_4/O
                         net (fo=76, routed)          1.365     5.290    Inst_mi/reset
    SLICE_X23Y55         LUT6 (Prop_lut6_I5_O)        0.124     5.414 r  Inst_mi/suma_carry_i_21/O
                         net (fo=8, routed)           1.099     6.513    Inst_mi/aluop[1]
    SLICE_X19Y50         LUT2 (Prop_lut2_I0_O)        0.152     6.665 r  Inst_mi/suma_carry_i_36/O
                         net (fo=1, routed)           0.548     7.213    Inst_mi/suma_carry_i_36_n_0
    SLICE_X19Y49         LUT6 (Prop_lut6_I2_O)        0.326     7.539 r  Inst_mi/suma_carry_i_26/O
                         net (fo=12, routed)          0.807     8.347    Inst_mi/alu_cntl[0]
    SLICE_X17Y50         LUT4 (Prop_lut4_I2_O)        0.124     8.471 r  Inst_mi/mem11_reg_0_127_0_0_i_91/O
                         net (fo=2, routed)           0.816     9.287    Inst_mi/Inst_alu/shift_amount18_out
    SLICE_X17Y50         LUT5 (Prop_lut5_I1_O)        0.152     9.439 r  Inst_mi/mem11_reg_0_127_0_0_i_48/O
                         net (fo=100, routed)         1.676    11.115    Inst_mi/mem11_reg_0_127_0_0_i_48_n_0
    SLICE_X6Y55          LUT3 (Prop_lut3_I1_O)        0.360    11.475 f  Inst_mi/reg_reg_r1_0_31_24_29_i_44/O
                         net (fo=2, routed)           0.619    12.094    Inst_mi/reg_reg_r1_0_31_24_29_i_44_n_0
    SLICE_X6Y57          LUT4 (Prop_lut4_I0_O)        0.348    12.442 f  Inst_mi/reg_reg_r1_0_31_24_29_i_32/O
                         net (fo=1, routed)           0.898    13.340    Inst_mi/reg_reg_r1_0_31_24_29_i_32_n_0
    SLICE_X10Y55         LUT5 (Prop_lut5_I0_O)        0.124    13.464 f  Inst_mi/reg_reg_r1_0_31_24_29_i_28/O
                         net (fo=4, routed)           1.012    14.476    Inst_mi/sal0_i_29_0[23]
    SLICE_X11Y58         LUT4 (Prop_lut4_I1_O)        0.124    14.600 r  Inst_mi/reg_reg_r1_0_31_6_11_i_41/O
                         net (fo=4, routed)           0.540    15.140    Inst_mi/reg_reg_r1_0_31_6_11_i_41_n_0
    SLICE_X10Y58         LUT5 (Prop_lut5_I1_O)        0.124    15.264 r  Inst_mi/reg_reg_r1_0_31_6_11_i_35/O
                         net (fo=41, routed)          1.335    16.599    Inst_mi/reg_reg_r1_0_31_6_11_i_35_n_0
    SLICE_X11Y64         LUT5 (Prop_lut5_I3_O)        0.150    16.749 r  Inst_mi/reg_reg_r1_0_31_6_11_i_33/O
                         net (fo=7, routed)           1.311    18.059    Inst_mi/salida[3]_i_4_0
    SLICE_X23Y64         LUT6 (Prop_lut6_I0_O)        0.326    18.385 r  Inst_mi/reg_reg_r1_0_31_6_11_i_17/O
                         net (fo=1, routed)           0.151    18.537    Inst_mi/reg_reg_r1_0_31_6_11_i_17_n_0
    SLICE_X23Y64         LUT6 (Prop_lut6_I3_O)        0.124    18.661 r  Inst_mi/reg_reg_r1_0_31_6_11_i_3/O
                         net (fo=2, routed)           0.491    19.152    Inst_reg/reg_reg_r2_0_31_6_11/DIB1
    SLICE_X20Y65         RAMD32                                       r  Inst_reg/reg_reg_r2_0_31_6_11/RAMB_D1/I
  -------------------------------------------------------------------    -------------------

                         (clock clk50mhz_clk_wiz_1 rise edge)
                                                      0.000     0.000 r  
    BUFGCTRL_X0Y16       BUFG                         0.000     0.000 r  clk_IBUF_BUFG_inst/O
                         net (fo=959, routed)         1.490     1.490    inst_divisor/inst/clk
    MMCME2_ADV_X0Y0      MMCME2_ADV (Prop_mmcme2_adv_CLKIN1_CLKOUT0)
                                                     -3.177    -1.687 r  inst_divisor/inst/mmcm_adv_inst/CLKOUT0
                         net (fo=1, routed)           1.599    -0.088    inst_divisor/inst/clk50mhz_clk_wiz_1
    BUFGCTRL_X0Y0        BUFG (Prop_bufg_I_O)         0.091     0.003 r  inst_divisor/inst/clkout1_buf/O
                         net (fo=922, routed)         1.483     1.486    Inst_reg/reg_reg_r2_0_31_6_11/WCLK
    SLICE_X20Y65         RAMD32                                       r  Inst_reg/reg_reg_r2_0_31_6_11/RAMB_D1/CLK

Slack:                    inf
  Source:                 reset_boton
                            (input port)
  Destination:            Inst_reg/reg_reg_r1_0_31_24_29/RAMA/I
                            (rising edge-triggered cell RAMD32 clocked by clk50mhz_clk_wiz_1  {rise@0.000ns fall@10.000ns period=20.000ns})
  Path Group:             (none)
  Path Type:              Setup (Max at Slow Process Corner)
  Data Path Delay:        19.124ns  (logic 4.367ns (22.834%)  route 14.758ns (77.166%))
  Logic Levels:           17  (IBUF=1 LUT3=4 LUT4=2 LUT5=1 LUT6=7 MUXF7=1 RAMS64E=1)
  Clock Path Skew:        1.491ns (DCD - SCD + CPR)
    Destination Clock Delay (DCD):    1.491ns
    Source Clock Delay      (SCD):    0.000ns
    Clock Pessimism Removal (CPR):    0.000ns
  Clock Uncertainty:      0.173ns  ((TSJ^2 + DJ^2)^1/2) / 2 + PE
    Total System Jitter     (TSJ):    0.050ns
    Discrete Jitter          (DJ):    0.144ns
    Phase Error              (PE):    0.097ns

    Location             Delay type                Incr(ns)  Path(ns)    Netlist Resource(s)
  -------------------------------------------------------------------    -------------------
    V12                                               0.000     0.000 f  reset_boton (IN)
                         net (fo=0)                   0.000     0.000    reset_boton
    V12                  IBUF (Prop_ibuf_I_O)         1.533     1.533 f  reset_boton_IBUF_inst/O
                         net (fo=4, routed)           2.268     3.801    inst_prog/Inst_control_prog/reset_boton_IBUF
    SLICE_X27Y54         LUT3 (Prop_lut3_I0_O)        0.124     3.925 f  inst_prog/Inst_control_prog/sal0_i_4/O
                         net (fo=76, routed)          1.365     5.290    Inst_mi/reset
    SLICE_X23Y55         LUT6 (Prop_lut6_I5_O)        0.124     5.414 r  Inst_mi/suma_carry_i_21/O
                         net (fo=8, routed)           0.810     6.223    Inst_mi/aluop[1]
    SLICE_X21Y50         LUT6 (Prop_lut6_I4_O)        0.124     6.347 r  Inst_mi/suma_carry_i_33/O
                         net (fo=1, routed)           0.793     7.141    Inst_mi/suma_carry_i_33_n_0
    SLICE_X19Y50         LUT4 (Prop_lut4_I0_O)        0.124     7.265 r  Inst_mi/suma_carry_i_25/O
                         net (fo=12, routed)          1.419     8.683    Inst_mi/alu_cntl[1]
    SLICE_X13Y49         LUT6 (Prop_lut6_I1_O)        0.124     8.807 r  Inst_mi/sal0_i_44/O
                         net (fo=112, routed)         0.793     9.600    Inst_mi/sal0_i_44_n_0
    SLICE_X13Y51         LUT6 (Prop_lut6_I4_O)        0.124     9.724 r  Inst_mi/mem11_reg_0_127_0_0_i_98/O
                         net (fo=2, routed)           0.947    10.671    Inst_mi/mem11_reg_0_127_0_0_i_98_n_0
    SLICE_X13Y48         LUT3 (Prop_lut3_I2_O)        0.150    10.821 r  Inst_mi/mem11_reg_0_127_0_0_i_60/O
                         net (fo=3, routed)           0.823    11.644    Inst_mi/mem11_reg_0_127_0_0_i_60_n_0
    SLICE_X11Y48         LUT3 (Prop_lut3_I2_O)        0.326    11.970 r  Inst_mi/mem11_reg_0_127_0_0_i_51/O
                         net (fo=1, routed)           0.282    12.252    Inst_mi/mem11_reg_0_127_0_0_i_51_n_0
    SLICE_X13Y48         LUT6 (Prop_lut6_I4_O)        0.124    12.376 r  Inst_mi/mem11_reg_0_127_0_0_i_19/O
                         net (fo=1, routed)           0.433    12.809    Inst_mi/mem11_reg_0_127_0_0_i_19_n_0
    SLICE_X13Y48         LUT5 (Prop_lut5_I0_O)        0.124    12.933 r  Inst_mi/mem11_reg_0_127_0_0_i_3/O
                         net (fo=78, routed)          1.502    14.435    Inst_md_io/Inst_md/mem01_reg_0_127_7_7/A0
    SLICE_X10Y62         RAMS64E (Prop_rams64e_ADR0_O)
                                                      0.255    14.691 r  Inst_md_io/Inst_md/mem01_reg_0_127_7_7/HIGH/O
                         net (fo=1, routed)           0.000    14.691    Inst_md_io/Inst_md/mem01_reg_0_127_7_7/O1
    SLICE_X10Y62         MUXF7 (Prop_muxf7_I1_O)      0.214    14.905 r  Inst_md_io/Inst_md/mem01_reg_0_127_7_7/F7/O
                         net (fo=6, routed)           0.683    15.587    Inst_md_io/Inst_md/RESIZE4_in0
    SLICE_X11Y62         LUT3 (Prop_lut3_I2_O)        0.297    15.884 r  Inst_md_io/Inst_md/reg_reg_r1_0_31_6_11_i_39/O
                         net (fo=4, routed)           0.600    16.484    Inst_mi/reg_reg_r1_0_31_30_31_i_2__0_1
    SLICE_X13Y63         LUT6 (Prop_lut6_I0_O)        0.124    16.608 r  Inst_mi/reg_reg_r1_0_31_12_17_i_35/O
                         net (fo=14, routed)          0.884    17.492    Inst_mi/reg_reg_r1_0_31_12_17_i_35_n_0
    SLICE_X14Y58         LUT4 (Prop_lut4_I2_O)        0.150    17.642 r  Inst_mi/reg_reg_r1_0_31_24_29_i_12/O
                         net (fo=1, routed)           0.436    18.079    Inst_mux32_lui/salida_mem[8]
    SLICE_X14Y58         LUT6 (Prop_lut6_I1_O)        0.326    18.405 r  Inst_mux32_lui/reg_reg_r1_0_31_24_29_i_2/O
                         net (fo=2, routed)           0.720    19.124    Inst_reg/reg_reg_r1_0_31_24_29/DIA0
    SLICE_X20Y58         RAMD32                                       r  Inst_reg/reg_reg_r1_0_31_24_29/RAMA/I
  -------------------------------------------------------------------    -------------------

                         (clock clk50mhz_clk_wiz_1 rise edge)
                                                      0.000     0.000 r  
    BUFGCTRL_X0Y16       BUFG                         0.000     0.000 r  clk_IBUF_BUFG_inst/O
                         net (fo=959, routed)         1.490     1.490    inst_divisor/inst/clk
    MMCME2_ADV_X0Y0      MMCME2_ADV (Prop_mmcme2_adv_CLKIN1_CLKOUT0)
                                                     -3.177    -1.687 r  inst_divisor/inst/mmcm_adv_inst/CLKOUT0
                         net (fo=1, routed)           1.599    -0.088    inst_divisor/inst/clk50mhz_clk_wiz_1
    BUFGCTRL_X0Y0        BUFG (Prop_bufg_I_O)         0.091     0.003 r  inst_divisor/inst/clkout1_buf/O
                         net (fo=922, routed)         1.488     1.491    Inst_reg/reg_reg_r1_0_31_24_29/WCLK
    SLICE_X20Y58         RAMD32                                       r  Inst_reg/reg_reg_r1_0_31_24_29/RAMA/CLK

Slack:                    inf
  Source:                 reset_boton
                            (input port)
  Destination:            Inst_reg/reg_reg_r1_0_31_12_17/RAMB/I
                            (rising edge-triggered cell RAMD32 clocked by clk50mhz_clk_wiz_1  {rise@0.000ns fall@10.000ns period=20.000ns})
  Path Group:             (none)
  Path Type:              Setup (Max at Slow Process Corner)
  Data Path Delay:        19.116ns  (logic 4.373ns (22.875%)  route 14.743ns (77.125%))
  Logic Levels:           17  (IBUF=1 LUT3=3 LUT4=2 LUT5=1 LUT6=8 MUXF7=1 RAMS64E=1)
  Clock Path Skew:        1.490ns (DCD - SCD + CPR)
    Destination Clock Delay (DCD):    1.490ns
    Source Clock Delay      (SCD):    0.000ns
    Clock Pessimism Removal (CPR):    0.000ns
  Clock Uncertainty:      0.173ns  ((TSJ^2 + DJ^2)^1/2) / 2 + PE
    Total System Jitter     (TSJ):    0.050ns
    Discrete Jitter          (DJ):    0.144ns
    Phase Error              (PE):    0.097ns

    Location             Delay type                Incr(ns)  Path(ns)    Netlist Resource(s)
  -------------------------------------------------------------------    -------------------
    V12                                               0.000     0.000 f  reset_boton (IN)
                         net (fo=0)                   0.000     0.000    reset_boton
    V12                  IBUF (Prop_ibuf_I_O)         1.533     1.533 f  reset_boton_IBUF_inst/O
                         net (fo=4, routed)           2.268     3.801    inst_prog/Inst_control_prog/reset_boton_IBUF
    SLICE_X27Y54         LUT3 (Prop_lut3_I0_O)        0.124     3.925 f  inst_prog/Inst_control_prog/sal0_i_4/O
                         net (fo=76, routed)          1.365     5.290    Inst_mi/reset
    SLICE_X23Y55         LUT6 (Prop_lut6_I5_O)        0.124     5.414 r  Inst_mi/suma_carry_i_21/O
                         net (fo=8, routed)           0.810     6.223    Inst_mi/aluop[1]
    SLICE_X21Y50         LUT6 (Prop_lut6_I4_O)        0.124     6.347 r  Inst_mi/suma_carry_i_33/O
                         net (fo=1, routed)           0.793     7.141    Inst_mi/suma_carry_i_33_n_0
    SLICE_X19Y50         LUT4 (Prop_lut4_I0_O)        0.124     7.265 r  Inst_mi/suma_carry_i_25/O
                         net (fo=12, routed)          1.419     8.683    Inst_mi/alu_cntl[1]
    SLICE_X13Y49         LUT6 (Prop_lut6_I1_O)        0.124     8.807 r  Inst_mi/sal0_i_44/O
                         net (fo=112, routed)         0.793     9.600    Inst_mi/sal0_i_44_n_0
    SLICE_X13Y51         LUT6 (Prop_lut6_I4_O)        0.124     9.724 r  Inst_mi/mem11_reg_0_127_0_0_i_98/O
                         net (fo=2, routed)           0.947    10.671    Inst_mi/mem11_reg_0_127_0_0_i_98_n_0
    SLICE_X13Y48         LUT3 (Prop_lut3_I2_O)        0.150    10.821 r  Inst_mi/mem11_reg_0_127_0_0_i_60/O
                         net (fo=3, routed)           0.823    11.644    Inst_mi/mem11_reg_0_127_0_0_i_60_n_0
    SLICE_X11Y48         LUT3 (Prop_lut3_I2_O)        0.326    11.970 r  Inst_mi/mem11_reg_0_127_0_0_i_51/O
                         net (fo=1, routed)           0.282    12.252    Inst_mi/mem11_reg_0_127_0_0_i_51_n_0
    SLICE_X13Y48         LUT6 (Prop_lut6_I4_O)        0.124    12.376 r  Inst_mi/mem11_reg_0_127_0_0_i_19/O
                         net (fo=1, routed)           0.433    12.809    Inst_mi/mem11_reg_0_127_0_0_i_19_n_0
    SLICE_X13Y48         LUT5 (Prop_lut5_I0_O)        0.124    12.933 r  Inst_mi/mem11_reg_0_127_0_0_i_3/O
                         net (fo=78, routed)          1.502    14.435    Inst_md_io/Inst_md/mem01_reg_0_127_7_7/A0
    SLICE_X10Y62         RAMS64E (Prop_rams64e_ADR0_O)
                                                      0.255    14.691 r  Inst_md_io/Inst_md/mem01_reg_0_127_7_7/HIGH/O
                         net (fo=1, routed)           0.000    14.691    Inst_md_io/Inst_md/mem01_reg_0_127_7_7/O1
    SLICE_X10Y62         MUXF7 (Prop_muxf7_I1_O)      0.214    14.905 r  Inst_md_io/Inst_md/mem01_reg_0_127_7_7/F7/O
                         net (fo=6, routed)           0.859    15.763    Inst_md_io/Inst_md/RESIZE4_in0
    SLICE_X11Y63         LUT6 (Prop_lut6_I1_O)        0.297    16.060 r  Inst_md_io/Inst_md/reg_reg_r1_0_31_6_11_i_36/O
                         net (fo=1, routed)           0.763    16.823    Inst_mi/reg_reg_r1_0_31_12_17_i_19
    SLICE_X11Y64         LUT4 (Prop_lut4_I3_O)        0.150    16.973 r  Inst_mi/reg_reg_r1_0_31_6_11_i_18/O
                         net (fo=7, routed)           0.589    17.562    Inst_mux32_4a1_mem/reg_reg_r1_0_31_12_17_i_4_3
    SLICE_X13Y61         LUT6 (Prop_lut6_I4_O)        0.332    17.894 r  Inst_mux32_4a1_mem/reg_reg_r1_0_31_12_17_i_19/O
                         net (fo=1, routed)           0.605    18.499    Inst_mi/reg_reg_r2_0_31_12_17_4
    SLICE_X18Y60         LUT6 (Prop_lut6_I4_O)        0.124    18.623 r  Inst_mi/reg_reg_r1_0_31_12_17_i_4/O
                         net (fo=2, routed)           0.494    19.116    Inst_reg/reg_reg_r1_0_31_12_17/DIB0
    SLICE_X20Y60         RAMD32                                       r  Inst_reg/reg_reg_r1_0_31_12_17/RAMB/I
  -------------------------------------------------------------------    -------------------

                         (clock clk50mhz_clk_wiz_1 rise edge)
                                                      0.000     0.000 r  
    BUFGCTRL_X0Y16       BUFG                         0.000     0.000 r  clk_IBUF_BUFG_inst/O
                         net (fo=959, routed)         1.490     1.490    inst_divisor/inst/clk
    MMCME2_ADV_X0Y0      MMCME2_ADV (Prop_mmcme2_adv_CLKIN1_CLKOUT0)
                                                     -3.177    -1.687 r  inst_divisor/inst/mmcm_adv_inst/CLKOUT0
                         net (fo=1, routed)           1.599    -0.088    inst_divisor/inst/clk50mhz_clk_wiz_1
    BUFGCTRL_X0Y0        BUFG (Prop_bufg_I_O)         0.091     0.003 r  inst_divisor/inst/clkout1_buf/O
                         net (fo=922, routed)         1.487     1.490    Inst_reg/reg_reg_r1_0_31_12_17/WCLK
    SLICE_X20Y60         RAMD32                                       r  Inst_reg/reg_reg_r1_0_31_12_17/RAMB/CLK

Slack:                    inf
  Source:                 reset_boton
                            (input port)
  Destination:            Inst_reg/reg_reg_r1_0_31_12_17/RAMC/I
                            (rising edge-triggered cell RAMD32 clocked by clk50mhz_clk_wiz_1  {rise@0.000ns fall@10.000ns period=20.000ns})
  Path Group:             (none)
  Path Type:              Setup (Max at Slow Process Corner)
  Data Path Delay:        19.097ns  (logic 4.335ns (22.699%)  route 14.762ns (77.301%))
  Logic Levels:           17  (IBUF=1 LUT3=4 LUT4=2 LUT5=1 LUT6=7 MUXF7=1 RAMS64E=1)
  Clock Path Skew:        1.490ns (DCD - SCD + CPR)
    Destination Clock Delay (DCD):    1.490ns
    Source Clock Delay      (SCD):    0.000ns
    Clock Pessimism Removal (CPR):    0.000ns
  Clock Uncertainty:      0.173ns  ((TSJ^2 + DJ^2)^1/2) / 2 + PE
    Total System Jitter     (TSJ):    0.050ns
    Discrete Jitter          (DJ):    0.144ns
    Phase Error              (PE):    0.097ns

    Location             Delay type                Incr(ns)  Path(ns)    Netlist Resource(s)
  -------------------------------------------------------------------    -------------------
    V12                                               0.000     0.000 f  reset_boton (IN)
                         net (fo=0)                   0.000     0.000    reset_boton
    V12                  IBUF (Prop_ibuf_I_O)         1.533     1.533 f  reset_boton_IBUF_inst/O
                         net (fo=4, routed)           2.268     3.801    inst_prog/Inst_control_prog/reset_boton_IBUF
    SLICE_X27Y54         LUT3 (Prop_lut3_I0_O)        0.124     3.925 f  inst_prog/Inst_control_prog/sal0_i_4/O
                         net (fo=76, routed)          1.365     5.290    Inst_mi/reset
    SLICE_X23Y55         LUT6 (Prop_lut6_I5_O)        0.124     5.414 r  Inst_mi/suma_carry_i_21/O
                         net (fo=8, routed)           0.810     6.223    Inst_mi/aluop[1]
    SLICE_X21Y50         LUT6 (Prop_lut6_I4_O)        0.124     6.347 r  Inst_mi/suma_carry_i_33/O
                         net (fo=1, routed)           0.793     7.141    Inst_mi/suma_carry_i_33_n_0
    SLICE_X19Y50         LUT4 (Prop_lut4_I0_O)        0.124     7.265 r  Inst_mi/suma_carry_i_25/O
                         net (fo=12, routed)          1.419     8.683    Inst_mi/alu_cntl[1]
    SLICE_X13Y49         LUT6 (Prop_lut6_I1_O)        0.124     8.807 r  Inst_mi/sal0_i_44/O
                         net (fo=112, routed)         0.793     9.600    Inst_mi/sal0_i_44_n_0
    SLICE_X13Y51         LUT6 (Prop_lut6_I4_O)        0.124     9.724 r  Inst_mi/mem11_reg_0_127_0_0_i_98/O
                         net (fo=2, routed)           0.947    10.671    Inst_mi/mem11_reg_0_127_0_0_i_98_n_0
    SLICE_X13Y48         LUT3 (Prop_lut3_I2_O)        0.150    10.821 r  Inst_mi/mem11_reg_0_127_0_0_i_60/O
                         net (fo=3, routed)           0.823    11.644    Inst_mi/mem11_reg_0_127_0_0_i_60_n_0
    SLICE_X11Y48         LUT3 (Prop_lut3_I2_O)        0.326    11.970 r  Inst_mi/mem11_reg_0_127_0_0_i_51/O
                         net (fo=1, routed)           0.282    12.252    Inst_mi/mem11_reg_0_127_0_0_i_51_n_0
    SLICE_X13Y48         LUT6 (Prop_lut6_I4_O)        0.124    12.376 r  Inst_mi/mem11_reg_0_127_0_0_i_19/O
                         net (fo=1, routed)           0.433    12.809    Inst_mi/mem11_reg_0_127_0_0_i_19_n_0
    SLICE_X13Y48         LUT5 (Prop_lut5_I0_O)        0.124    12.933 r  Inst_mi/mem11_reg_0_127_0_0_i_3/O
                         net (fo=78, routed)          1.502    14.435    Inst_md_io/Inst_md/mem01_reg_0_127_7_7/A0
    SLICE_X10Y62         RAMS64E (Prop_rams64e_ADR0_O)
                                                      0.255    14.691 r  Inst_md_io/Inst_md/mem01_reg_0_127_7_7/HIGH/O
                         net (fo=1, routed)           0.000    14.691    Inst_md_io/Inst_md/mem01_reg_0_127_7_7/O1
    SLICE_X10Y62         MUXF7 (Prop_muxf7_I1_O)      0.214    14.905 r  Inst_md_io/Inst_md/mem01_reg_0_127_7_7/F7/O
                         net (fo=6, routed)           0.683    15.587    Inst_md_io/Inst_md/RESIZE4_in0
    SLICE_X11Y62         LUT3 (Prop_lut3_I2_O)        0.297    15.884 r  Inst_md_io/Inst_md/reg_reg_r1_0_31_6_11_i_39/O
                         net (fo=4, routed)           0.600    16.484    Inst_mi/reg_reg_r1_0_31_30_31_i_2__0_1
    SLICE_X13Y63         LUT6 (Prop_lut6_I0_O)        0.124    16.608 r  Inst_mi/reg_reg_r1_0_31_12_17_i_35/O
                         net (fo=14, routed)          0.801    17.409    Inst_mi/reg_reg_r1_0_31_12_17_i_35_n_0
    SLICE_X13Y58         LUT4 (Prop_lut4_I2_O)        0.118    17.527 r  Inst_mi/reg_reg_r1_0_31_12_17_i_23/O
                         net (fo=1, routed)           0.587    18.114    Inst_mux32_lui/salida_mem[0]
    SLICE_X15Y58         LUT6 (Prop_lut6_I1_O)        0.326    18.440 r  Inst_mux32_lui/reg_reg_r1_0_31_12_17_i_6/O
                         net (fo=2, routed)           0.656    19.097    Inst_reg/reg_reg_r1_0_31_12_17/DIC0
    SLICE_X20Y60         RAMD32                                       r  Inst_reg/reg_reg_r1_0_31_12_17/RAMC/I
  -------------------------------------------------------------------    -------------------

                         (clock clk50mhz_clk_wiz_1 rise edge)
                                                      0.000     0.000 r  
    BUFGCTRL_X0Y16       BUFG                         0.000     0.000 r  clk_IBUF_BUFG_inst/O
                         net (fo=959, routed)         1.490     1.490    inst_divisor/inst/clk
    MMCME2_ADV_X0Y0      MMCME2_ADV (Prop_mmcme2_adv_CLKIN1_CLKOUT0)
                                                     -3.177    -1.687 r  inst_divisor/inst/mmcm_adv_inst/CLKOUT0
                         net (fo=1, routed)           1.599    -0.088    inst_divisor/inst/clk50mhz_clk_wiz_1
    BUFGCTRL_X0Y0        BUFG (Prop_bufg_I_O)         0.091     0.003 r  inst_divisor/inst/clkout1_buf/O
                         net (fo=922, routed)         1.487     1.490    Inst_reg/reg_reg_r1_0_31_12_17/WCLK
    SLICE_X20Y60         RAMD32                                       r  Inst_reg/reg_reg_r1_0_31_12_17/RAMC/CLK





Min Delay Paths
--------------------------------------------------------------------------------------
Slack:                    inf
  Source:                 rx
                            (input port)
  Destination:            inst_prog/inst_uart_rx/s_reg_reg[7]/D
                            (rising edge-triggered cell FDRE clocked by clk50mhz_clk_wiz_1  {rise@0.000ns fall@10.000ns period=20.000ns})
  Path Group:             (none)
  Path Type:              Hold (Min at Fast Process Corner)
  Data Path Delay:        1.146ns  (logic 0.244ns (21.287%)  route 0.902ns (78.713%))
  Logic Levels:           1  (IBUF=1)
  Clock Path Skew:        0.833ns (DCD - SCD - CPR)
    Destination Clock Delay (DCD):    0.833ns
    Source Clock Delay      (SCD):    0.000ns
    Clock Pessimism Removal (CPR):    -0.000ns

    Location             Delay type                Incr(ns)  Path(ns)    Netlist Resource(s)
  -------------------------------------------------------------------    -------------------
    W16                                               0.000     0.000 r  rx (IN)
                         net (fo=0)                   0.000     0.000    rx
    W16                  IBUF (Prop_ibuf_I_O)         0.244     0.244 r  rx_IBUF_inst/O
                         net (fo=2, routed)           0.902     1.146    inst_prog/inst_uart_rx/D[0]
    SLICE_X33Y45         FDRE                                         r  inst_prog/inst_uart_rx/s_reg_reg[7]/D
  -------------------------------------------------------------------    -------------------

                         (clock clk50mhz_clk_wiz_1 rise edge)
                                                      0.000     0.000 r  
    BUFGCTRL_X0Y16       BUFG                         0.000     0.000 r  clk_IBUF_BUFG_inst/O
                         net (fo=959, routed)         0.814     0.814    inst_divisor/inst/clk
    MMCME2_ADV_X0Y0      MMCME2_ADV (Prop_mmcme2_adv_CLKIN1_CLKOUT0)
                                                     -1.369    -0.555 r  inst_divisor/inst/mmcm_adv_inst/CLKOUT0
                         net (fo=1, routed)           0.528    -0.027    inst_divisor/inst/clk50mhz_clk_wiz_1
    BUFGCTRL_X0Y0        BUFG (Prop_bufg_I_O)         0.029     0.002 r  inst_divisor/inst/clkout1_buf/O
                         net (fo=922, routed)         0.831     0.833    inst_prog/inst_uart_rx/clk50mhz
    SLICE_X33Y45         FDRE                                         r  inst_prog/inst_uart_rx/s_reg_reg[7]/C

Slack:                    inf
  Source:                 atn
                            (input port)
  Destination:            inst_prog/Inst_control_prog/FSM_onehot_state_reg[15]/D
                            (rising edge-triggered cell FDRE clocked by clk50mhz_clk_wiz_1  {rise@0.000ns fall@10.000ns period=20.000ns})
  Path Group:             (none)
  Path Type:              Hold (Min at Fast Process Corner)
  Data Path Delay:        1.374ns  (logic 0.274ns (19.932%)  route 1.100ns (80.068%))
  Logic Levels:           2  (IBUF=1 LUT6=1)
  Clock Path Skew:        0.833ns (DCD - SCD - CPR)
    Destination Clock Delay (DCD):    0.833ns
    Source Clock Delay      (SCD):    0.000ns
    Clock Pessimism Removal (CPR):    -0.000ns

    Location             Delay type                Incr(ns)  Path(ns)    Netlist Resource(s)
  -------------------------------------------------------------------    -------------------
    H15                                               0.000     0.000 r  atn (IN)
                         net (fo=0)                   0.000     0.000    atn
    H15                  IBUF (Prop_ibuf_I_O)         0.229     0.229 r  atn_IBUF_inst/O
                         net (fo=14, routed)          1.100     1.329    inst_prog/Inst_control_prog/atn_IBUF
    SLICE_X27Y46         LUT6 (Prop_lut6_I3_O)        0.045     1.374 r  inst_prog/Inst_control_prog/FSM_onehot_state[15]_i_1/O
                         net (fo=1, routed)           0.000     1.374    inst_prog/Inst_control_prog/FSM_onehot_state[15]_i_1_n_0
    SLICE_X27Y46         FDRE                                         r  inst_prog/Inst_control_prog/FSM_onehot_state_reg[15]/D
  -------------------------------------------------------------------    -------------------

                         (clock clk50mhz_clk_wiz_1 rise edge)
                                                      0.000     0.000 r  
    BUFGCTRL_X0Y16       BUFG                         0.000     0.000 r  clk_IBUF_BUFG_inst/O
                         net (fo=959, routed)         0.814     0.814    inst_divisor/inst/clk
    MMCME2_ADV_X0Y0      MMCME2_ADV (Prop_mmcme2_adv_CLKIN1_CLKOUT0)
                                                     -1.369    -0.555 r  inst_divisor/inst/mmcm_adv_inst/CLKOUT0
                         net (fo=1, routed)           0.528    -0.027    inst_divisor/inst/clk50mhz_clk_wiz_1
    BUFGCTRL_X0Y0        BUFG (Prop_bufg_I_O)         0.029     0.002 r  inst_divisor/inst/clkout1_buf/O
                         net (fo=922, routed)         0.831     0.833    inst_prog/Inst_control_prog/clk50mhz
    SLICE_X27Y46         FDRE                                         r  inst_prog/Inst_control_prog/FSM_onehot_state_reg[15]/C

Slack:                    inf
  Source:                 llaves[0]
                            (input port)
  Destination:            Inst_reg/reg_reg_r1_0_31_0_5/RAMC/I
                            (rising edge-triggered cell RAMD32 clocked by clk50mhz_clk_wiz_1  {rise@0.000ns fall@10.000ns period=20.000ns})
  Path Group:             (none)
  Path Type:              Hold (Min at Fast Process Corner)
  Data Path Delay:        1.475ns  (logic 0.310ns (21.051%)  route 1.164ns (78.949%))
  Logic Levels:           3  (IBUF=1 LUT5=2)
  Clock Path Skew:        0.827ns (DCD - SCD - CPR)
    Destination Clock Delay (DCD):    0.827ns
    Source Clock Delay      (SCD):    0.000ns
    Clock Pessimism Removal (CPR):    -0.000ns

    Location             Delay type                Incr(ns)  Path(ns)    Netlist Resource(s)
  -------------------------------------------------------------------    -------------------
    G15                                               0.000     0.000 r  llaves[0] (IN)
                         net (fo=0)                   0.000     0.000    llaves[0]
    G15                  IBUF (Prop_ibuf_I_O)         0.220     0.220 r  llaves_IBUF[0]_inst/O
                         net (fo=1, routed)           0.898     1.119    Inst_mi/llaves_IBUF[0]
    SLICE_X21Y61         LUT5 (Prop_lut5_I0_O)        0.045     1.164 r  Inst_mi/reg_reg_r1_0_31_0_5_i_43/O
                         net (fo=1, routed)           0.138     1.302    Inst_mi/reg_reg_r1_0_31_0_5_i_43_n_0
    SLICE_X21Y62         LUT5 (Prop_lut5_I1_O)        0.045     1.347 r  Inst_mi/reg_reg_r1_0_31_0_5_i_7_comp/O
                         net (fo=2, routed)           0.128     1.475    Inst_reg/reg_reg_r1_0_31_0_5/DIC0
    SLICE_X20Y62         RAMD32                                       r  Inst_reg/reg_reg_r1_0_31_0_5/RAMC/I
  -------------------------------------------------------------------    -------------------

                         (clock clk50mhz_clk_wiz_1 rise edge)
                                                      0.000     0.000 r  
    BUFGCTRL_X0Y16       BUFG                         0.000     0.000 r  clk_IBUF_BUFG_inst/O
                         net (fo=959, routed)         0.814     0.814    inst_divisor/inst/clk
    MMCME2_ADV_X0Y0      MMCME2_ADV (Prop_mmcme2_adv_CLKIN1_CLKOUT0)
                                                     -1.369    -0.555 r  inst_divisor/inst/mmcm_adv_inst/CLKOUT0
                         net (fo=1, routed)           0.528    -0.027    inst_divisor/inst/clk50mhz_clk_wiz_1
    BUFGCTRL_X0Y0        BUFG (Prop_bufg_I_O)         0.029     0.002 r  inst_divisor/inst/clkout1_buf/O
                         net (fo=922, routed)         0.825     0.827    Inst_reg/reg_reg_r1_0_31_0_5/WCLK
    SLICE_X20Y62         RAMD32                                       r  Inst_reg/reg_reg_r1_0_31_0_5/RAMC/CLK

Slack:                    inf
  Source:                 llaves[0]
                            (input port)
  Destination:            Inst_reg/reg_reg_r2_0_31_0_5/RAMC/I
                            (rising edge-triggered cell RAMD32 clocked by clk50mhz_clk_wiz_1  {rise@0.000ns fall@10.000ns period=20.000ns})
  Path Group:             (none)
  Path Type:              Hold (Min at Fast Process Corner)
  Data Path Delay:        1.520ns  (logic 0.310ns (20.426%)  route 1.210ns (79.574%))
  Logic Levels:           3  (IBUF=1 LUT5=2)
  Clock Path Skew:        0.828ns (DCD - SCD - CPR)
    Destination Clock Delay (DCD):    0.828ns
    Source Clock Delay      (SCD):    0.000ns
    Clock Pessimism Removal (CPR):    -0.000ns

    Location             Delay type                Incr(ns)  Path(ns)    Netlist Resource(s)
  -------------------------------------------------------------------    -------------------
    G15                                               0.000     0.000 r  llaves[0] (IN)
                         net (fo=0)                   0.000     0.000    llaves[0]
    G15                  IBUF (Prop_ibuf_I_O)         0.220     0.220 r  llaves_IBUF[0]_inst/O
                         net (fo=1, routed)           0.898     1.119    Inst_mi/llaves_IBUF[0]
    SLICE_X21Y61         LUT5 (Prop_lut5_I0_O)        0.045     1.164 r  Inst_mi/reg_reg_r1_0_31_0_5_i_43/O
                         net (fo=1, routed)           0.138     1.302    Inst_mi/reg_reg_r1_0_31_0_5_i_43_n_0
    SLICE_X21Y62         LUT5 (Prop_lut5_I1_O)        0.045     1.347 r  Inst_mi/reg_reg_r1_0_31_0_5_i_7_comp/O
                         net (fo=2, routed)           0.173     1.520    Inst_reg/reg_reg_r2_0_31_0_5/DIC0
    SLICE_X16Y62         RAMD32                                       r  Inst_reg/reg_reg_r2_0_31_0_5/RAMC/I
  -------------------------------------------------------------------    -------------------

                         (clock clk50mhz_clk_wiz_1 rise edge)
                                                      0.000     0.000 r  
    BUFGCTRL_X0Y16       BUFG                         0.000     0.000 r  clk_IBUF_BUFG_inst/O
                         net (fo=959, routed)         0.814     0.814    inst_divisor/inst/clk
    MMCME2_ADV_X0Y0      MMCME2_ADV (Prop_mmcme2_adv_CLKIN1_CLKOUT0)
                                                     -1.369    -0.555 r  inst_divisor/inst/mmcm_adv_inst/CLKOUT0
                         net (fo=1, routed)           0.528    -0.027    inst_divisor/inst/clk50mhz_clk_wiz_1
    BUFGCTRL_X0Y0        BUFG (Prop_bufg_I_O)         0.029     0.002 r  inst_divisor/inst/clkout1_buf/O
                         net (fo=922, routed)         0.826     0.828    Inst_reg/reg_reg_r2_0_31_0_5/WCLK
    SLICE_X16Y62         RAMD32                                       r  Inst_reg/reg_reg_r2_0_31_0_5/RAMC/CLK

Slack:                    inf
  Source:                 reset_boton
                            (input port)
  Destination:            Inst_pc/s_reg[8]_rep__1/R
                            (rising edge-triggered cell FDRE clocked by clk50mhz_clk_wiz_1  {rise@0.000ns fall@10.000ns period=20.000ns})
  Path Group:             (none)
  Path Type:              Hold (Min at Fast Process Corner)
  Data Path Delay:        1.549ns  (logic 0.345ns (22.270%)  route 1.204ns (77.730%))
  Logic Levels:           2  (IBUF=1 LUT3=1)
  Clock Path Skew:        0.832ns (DCD - SCD - CPR)
    Destination Clock Delay (DCD):    0.832ns
    Source Clock Delay      (SCD):    0.000ns
    Clock Pessimism Removal (CPR):    -0.000ns

    Location             Delay type                Incr(ns)  Path(ns)    Netlist Resource(s)
  -------------------------------------------------------------------    -------------------
    V12                                               0.000     0.000 r  reset_boton (IN)
                         net (fo=0)                   0.000     0.000    reset_boton
    V12                  IBUF (Prop_ibuf_I_O)         0.300     0.300 r  reset_boton_IBUF_inst/O
                         net (fo=4, routed)           0.940     1.240    inst_prog/Inst_control_prog/reset_boton_IBUF
    SLICE_X27Y54         LUT3 (Prop_lut3_I0_O)        0.045     1.285 r  inst_prog/Inst_control_prog/sal0_i_4/O
                         net (fo=76, routed)          0.264     1.549    Inst_pc/reset
    SLICE_X27Y53         FDRE                                         r  Inst_pc/s_reg[8]_rep__1/R
  -------------------------------------------------------------------    -------------------

                         (clock clk50mhz_clk_wiz_1 rise edge)
                                                      0.000     0.000 r  
    BUFGCTRL_X0Y16       BUFG                         0.000     0.000 r  clk_IBUF_BUFG_inst/O
                         net (fo=959, routed)         0.814     0.814    inst_divisor/inst/clk
    MMCME2_ADV_X0Y0      MMCME2_ADV (Prop_mmcme2_adv_CLKIN1_CLKOUT0)
                                                     -1.369    -0.555 r  inst_divisor/inst/mmcm_adv_inst/CLKOUT0
                         net (fo=1, routed)           0.528    -0.027    inst_divisor/inst/clk50mhz_clk_wiz_1
    BUFGCTRL_X0Y0        BUFG (Prop_bufg_I_O)         0.029     0.002 r  inst_divisor/inst/clkout1_buf/O
                         net (fo=922, routed)         0.830     0.832    Inst_pc/clk50mhz
    SLICE_X27Y53         FDRE                                         r  Inst_pc/s_reg[8]_rep__1/C

Slack:                    inf
  Source:                 reset_boton
                            (input port)
  Destination:            Inst_pc/s_reg[8]_rep__0/R
                            (rising edge-triggered cell FDRE clocked by clk50mhz_clk_wiz_1  {rise@0.000ns fall@10.000ns period=20.000ns})
  Path Group:             (none)
  Path Type:              Hold (Min at Fast Process Corner)
  Data Path Delay:        1.553ns  (logic 0.345ns (22.208%)  route 1.208ns (77.792%))
  Logic Levels:           2  (IBUF=1 LUT3=1)
  Clock Path Skew:        0.832ns (DCD - SCD - CPR)
    Destination Clock Delay (DCD):    0.832ns
    Source Clock Delay      (SCD):    0.000ns
    Clock Pessimism Removal (CPR):    -0.000ns

    Location             Delay type                Incr(ns)  Path(ns)    Netlist Resource(s)
  -------------------------------------------------------------------    -------------------
    V12                                               0.000     0.000 r  reset_boton (IN)
                         net (fo=0)                   0.000     0.000    reset_boton
    V12                  IBUF (Prop_ibuf_I_O)         0.300     0.300 r  reset_boton_IBUF_inst/O
                         net (fo=4, routed)           0.940     1.240    inst_prog/Inst_control_prog/reset_boton_IBUF
    SLICE_X27Y54         LUT3 (Prop_lut3_I0_O)        0.045     1.285 r  inst_prog/Inst_control_prog/sal0_i_4/O
                         net (fo=76, routed)          0.268     1.553    Inst_pc/reset
    SLICE_X26Y53         FDRE                                         r  Inst_pc/s_reg[8]_rep__0/R
  -------------------------------------------------------------------    -------------------

                         (clock clk50mhz_clk_wiz_1 rise edge)
                                                      0.000     0.000 r  
    BUFGCTRL_X0Y16       BUFG                         0.000     0.000 r  clk_IBUF_BUFG_inst/O
                         net (fo=959, routed)         0.814     0.814    inst_divisor/inst/clk
    MMCME2_ADV_X0Y0      MMCME2_ADV (Prop_mmcme2_adv_CLKIN1_CLKOUT0)
                                                     -1.369    -0.555 r  inst_divisor/inst/mmcm_adv_inst/CLKOUT0
                         net (fo=1, routed)           0.528    -0.027    inst_divisor/inst/clk50mhz_clk_wiz_1
    BUFGCTRL_X0Y0        BUFG (Prop_bufg_I_O)         0.029     0.002 r  inst_divisor/inst/clkout1_buf/O
                         net (fo=922, routed)         0.830     0.832    Inst_pc/clk50mhz
    SLICE_X26Y53         FDRE                                         r  Inst_pc/s_reg[8]_rep__0/C

Slack:                    inf
  Source:                 atn
                            (input port)
  Destination:            inst_prog/Inst_control_prog/FSM_onehot_state_reg[4]/R
                            (rising edge-triggered cell FDRE clocked by clk50mhz_clk_wiz_1  {rise@0.000ns fall@10.000ns period=20.000ns})
  Path Group:             (none)
  Path Type:              Hold (Min at Fast Process Corner)
  Data Path Delay:        1.565ns  (logic 0.319ns (20.375%)  route 1.246ns (79.625%))
  Logic Levels:           3  (IBUF=1 LUT5=1 LUT6=1)
  Clock Path Skew:        0.830ns (DCD - SCD - CPR)
    Destination Clock Delay (DCD):    0.830ns
    Source Clock Delay      (SCD):    0.000ns
    Clock Pessimism Removal (CPR):    -0.000ns

    Location             Delay type                Incr(ns)  Path(ns)    Netlist Resource(s)
  -------------------------------------------------------------------    -------------------
    H15                                               0.000     0.000 f  atn (IN)
                         net (fo=0)                   0.000     0.000    atn
    H15                  IBUF (Prop_ibuf_I_O)         0.229     0.229 f  atn_IBUF_inst/O
                         net (fo=14, routed)          0.803     1.031    inst_prog/Inst_control_prog/atn_IBUF
    SLICE_X29Y44         LUT6 (Prop_lut6_I2_O)        0.045     1.076 r  inst_prog/Inst_control_prog/FSM_onehot_state[21]_i_5/O
                         net (fo=2, routed)           0.266     1.343    inst_prog/Inst_control_prog/FSM_onehot_state[21]_i_5_n_0
    SLICE_X23Y44         LUT5 (Prop_lut5_I4_O)        0.045     1.388 r  inst_prog/Inst_control_prog/FSM_onehot_state[16]_i_1/O
                         net (fo=7, routed)           0.177     1.565    inst_prog/Inst_control_prog/FSM_onehot_state[16]_i_1_n_0
    SLICE_X25Y44         FDRE                                         r  inst_prog/Inst_control_prog/FSM_onehot_state_reg[4]/R
  -------------------------------------------------------------------    -------------------

                         (clock clk50mhz_clk_wiz_1 rise edge)
                                                      0.000     0.000 r  
    BUFGCTRL_X0Y16       BUFG                         0.000     0.000 r  clk_IBUF_BUFG_inst/O
                         net (fo=959, routed)         0.814     0.814    inst_divisor/inst/clk
    MMCME2_ADV_X0Y0      MMCME2_ADV (Prop_mmcme2_adv_CLKIN1_CLKOUT0)
                                                     -1.369    -0.555 r  inst_divisor/inst/mmcm_adv_inst/CLKOUT0
                         net (fo=1, routed)           0.528    -0.027    inst_divisor/inst/clk50mhz_clk_wiz_1
    BUFGCTRL_X0Y0        BUFG (Prop_bufg_I_O)         0.029     0.002 r  inst_divisor/inst/clkout1_buf/O
                         net (fo=922, routed)         0.828     0.830    inst_prog/Inst_control_prog/clk50mhz
    SLICE_X25Y44         FDRE                                         r  inst_prog/Inst_control_prog/FSM_onehot_state_reg[4]/C

Slack:                    inf
  Source:                 atn
                            (input port)
  Destination:            inst_prog/Inst_control_prog/FSM_onehot_state_reg[5]/R
                            (rising edge-triggered cell FDRE clocked by clk50mhz_clk_wiz_1  {rise@0.000ns fall@10.000ns period=20.000ns})
  Path Group:             (none)
  Path Type:              Hold (Min at Fast Process Corner)
  Data Path Delay:        1.565ns  (logic 0.319ns (20.375%)  route 1.246ns (79.625%))
  Logic Levels:           3  (IBUF=1 LUT5=1 LUT6=1)
  Clock Path Skew:        0.830ns (DCD - SCD - CPR)
    Destination Clock Delay (DCD):    0.830ns
    Source Clock Delay      (SCD):    0.000ns
    Clock Pessimism Removal (CPR):    -0.000ns

    Location             Delay type                Incr(ns)  Path(ns)    Netlist Resource(s)
  -------------------------------------------------------------------    -------------------
    H15                                               0.000     0.000 f  atn (IN)
                         net (fo=0)                   0.000     0.000    atn
    H15                  IBUF (Prop_ibuf_I_O)         0.229     0.229 f  atn_IBUF_inst/O
                         net (fo=14, routed)          0.803     1.031    inst_prog/Inst_control_prog/atn_IBUF
    SLICE_X29Y44         LUT6 (Prop_lut6_I2_O)        0.045     1.076 r  inst_prog/Inst_control_prog/FSM_onehot_state[21]_i_5/O
                         net (fo=2, routed)           0.266     1.343    inst_prog/Inst_control_prog/FSM_onehot_state[21]_i_5_n_0
    SLICE_X23Y44         LUT5 (Prop_lut5_I4_O)        0.045     1.388 r  inst_prog/Inst_control_prog/FSM_onehot_state[16]_i_1/O
                         net (fo=7, routed)           0.177     1.565    inst_prog/Inst_control_prog/FSM_onehot_state[16]_i_1_n_0
    SLICE_X25Y44         FDRE                                         r  inst_prog/Inst_control_prog/FSM_onehot_state_reg[5]/R
  -------------------------------------------------------------------    -------------------

                         (clock clk50mhz_clk_wiz_1 rise edge)
                                                      0.000     0.000 r  
    BUFGCTRL_X0Y16       BUFG                         0.000     0.000 r  clk_IBUF_BUFG_inst/O
                         net (fo=959, routed)         0.814     0.814    inst_divisor/inst/clk
    MMCME2_ADV_X0Y0      MMCME2_ADV (Prop_mmcme2_adv_CLKIN1_CLKOUT0)
                                                     -1.369    -0.555 r  inst_divisor/inst/mmcm_adv_inst/CLKOUT0
                         net (fo=1, routed)           0.528    -0.027    inst_divisor/inst/clk50mhz_clk_wiz_1
    BUFGCTRL_X0Y0        BUFG (Prop_bufg_I_O)         0.029     0.002 r  inst_divisor/inst/clkout1_buf/O
                         net (fo=922, routed)         0.828     0.830    inst_prog/Inst_control_prog/clk50mhz
    SLICE_X25Y44         FDRE                                         r  inst_prog/Inst_control_prog/FSM_onehot_state_reg[5]/C

Slack:                    inf
  Source:                 atn
                            (input port)
  Destination:            inst_prog/Inst_control_prog/FSM_onehot_state_reg[6]/R
                            (rising edge-triggered cell FDRE clocked by clk50mhz_clk_wiz_1  {rise@0.000ns fall@10.000ns period=20.000ns})
  Path Group:             (none)
  Path Type:              Hold (Min at Fast Process Corner)
  Data Path Delay:        1.565ns  (logic 0.319ns (20.375%)  route 1.246ns (79.625%))
  Logic Levels:           3  (IBUF=1 LUT5=1 LUT6=1)
  Clock Path Skew:        0.830ns (DCD - SCD - CPR)
    Destination Clock Delay (DCD):    0.830ns
    Source Clock Delay      (SCD):    0.000ns
    Clock Pessimism Removal (CPR):    -0.000ns

    Location             Delay type                Incr(ns)  Path(ns)    Netlist Resource(s)
  -------------------------------------------------------------------    -------------------
    H15                                               0.000     0.000 f  atn (IN)
                         net (fo=0)                   0.000     0.000    atn
    H15                  IBUF (Prop_ibuf_I_O)         0.229     0.229 f  atn_IBUF_inst/O
                         net (fo=14, routed)          0.803     1.031    inst_prog/Inst_control_prog/atn_IBUF
    SLICE_X29Y44         LUT6 (Prop_lut6_I2_O)        0.045     1.076 r  inst_prog/Inst_control_prog/FSM_onehot_state[21]_i_5/O
                         net (fo=2, routed)           0.266     1.343    inst_prog/Inst_control_prog/FSM_onehot_state[21]_i_5_n_0
    SLICE_X23Y44         LUT5 (Prop_lut5_I4_O)        0.045     1.388 r  inst_prog/Inst_control_prog/FSM_onehot_state[16]_i_1/O
                         net (fo=7, routed)           0.177     1.565    inst_prog/Inst_control_prog/FSM_onehot_state[16]_i_1_n_0
    SLICE_X25Y44         FDRE                                         r  inst_prog/Inst_control_prog/FSM_onehot_state_reg[6]/R
  -------------------------------------------------------------------    -------------------

                         (clock clk50mhz_clk_wiz_1 rise edge)
                                                      0.000     0.000 r  
    BUFGCTRL_X0Y16       BUFG                         0.000     0.000 r  clk_IBUF_BUFG_inst/O
                         net (fo=959, routed)         0.814     0.814    inst_divisor/inst/clk
    MMCME2_ADV_X0Y0      MMCME2_ADV (Prop_mmcme2_adv_CLKIN1_CLKOUT0)
                                                     -1.369    -0.555 r  inst_divisor/inst/mmcm_adv_inst/CLKOUT0
                         net (fo=1, routed)           0.528    -0.027    inst_divisor/inst/clk50mhz_clk_wiz_1
    BUFGCTRL_X0Y0        BUFG (Prop_bufg_I_O)         0.029     0.002 r  inst_divisor/inst/clkout1_buf/O
                         net (fo=922, routed)         0.828     0.830    inst_prog/Inst_control_prog/clk50mhz
    SLICE_X25Y44         FDRE                                         r  inst_prog/Inst_control_prog/FSM_onehot_state_reg[6]/C

Slack:                    inf
  Source:                 atn
                            (input port)
  Destination:            inst_prog/Inst_control_prog/FSM_onehot_state_reg[18]/D
                            (rising edge-triggered cell FDRE clocked by clk50mhz_clk_wiz_1  {rise@0.000ns fall@10.000ns period=20.000ns})
  Path Group:             (none)
  Path Type:              Hold (Min at Fast Process Corner)
  Data Path Delay:        1.568ns  (logic 0.274ns (17.455%)  route 1.295ns (82.545%))
  Logic Levels:           2  (IBUF=1 LUT6=1)
  Clock Path Skew:        0.830ns (DCD - SCD - CPR)
    Destination Clock Delay (DCD):    0.830ns
    Source Clock Delay      (SCD):    0.000ns
    Clock Pessimism Removal (CPR):    -0.000ns

    Location             Delay type                Incr(ns)  Path(ns)    Netlist Resource(s)
  -------------------------------------------------------------------    -------------------
    H15                                               0.000     0.000 r  atn (IN)
                         net (fo=0)                   0.000     0.000    atn
    H15                  IBUF (Prop_ibuf_I_O)         0.229     0.229 r  atn_IBUF_inst/O
                         net (fo=14, routed)          1.295     1.523    inst_prog/Inst_control_prog/atn_IBUF
    SLICE_X23Y45         LUT6 (Prop_lut6_I5_O)        0.045     1.568 r  inst_prog/Inst_control_prog/FSM_onehot_state[18]_i_1/O
                         net (fo=1, routed)           0.000     1.568    inst_prog/Inst_control_prog/FSM_onehot_state[18]_i_1_n_0
    SLICE_X23Y45         FDRE                                         r  inst_prog/Inst_control_prog/FSM_onehot_state_reg[18]/D
  -------------------------------------------------------------------    -------------------

                         (clock clk50mhz_clk_wiz_1 rise edge)
                                                      0.000     0.000 r  
    BUFGCTRL_X0Y16       BUFG                         0.000     0.000 r  clk_IBUF_BUFG_inst/O
                         net (fo=959, routed)         0.814     0.814    inst_divisor/inst/clk
    MMCME2_ADV_X0Y0      MMCME2_ADV (Prop_mmcme2_adv_CLKIN1_CLKOUT0)
                                                     -1.369    -0.555 r  inst_divisor/inst/mmcm_adv_inst/CLKOUT0
                         net (fo=1, routed)           0.528    -0.027    inst_divisor/inst/clk50mhz_clk_wiz_1
    BUFGCTRL_X0Y0        BUFG (Prop_bufg_I_O)         0.029     0.002 r  inst_divisor/inst/clkout1_buf/O
                         net (fo=922, routed)         0.828     0.830    inst_prog/Inst_control_prog/clk50mhz
    SLICE_X23Y45         FDRE                                         r  inst_prog/Inst_control_prog/FSM_onehot_state_reg[18]/C





